,date_id,date,year,month,month_name,day,quarter,day_name,day_of_week
0,1,2000-01-01,2000,1,January,1,1,Saturday,5
1,2,2000-01-02,2000,1,January,2,1,Sunday,6
2,3,2000-01-03,2000,1,January,3,1,Monday,0
3,4,2000-01-04,2000,1,January,4,1,Tuesday,1
4,5,2000-01-05,2000,1,January,5,1,Wednesday,2
5,6,2000-01-06,2000,1,January,6,1,Thursday,3
6,7,2000-01-07,2000,1,January,7,1,Friday,4
7,8,2000-01-08,2000,1,January,8,1,Saturday,5
8,9,2000-01-09,2000,1,January,9,1,Sunday,6
9,10,2000-01-10,2000,1,January,10,1,Monday,0
10,11,2000-01-11,2000,1,January,11,1,Tuesday,1
11,12,2000-01-12,2000,1,January,12,1,Wednesday,2
12,13,2000-01-13,2000,1,January,13,1,Thursday,3
13,14,2000-01-14,2000,1,January,14,1,Friday,4
14,15,2000-01-15,2000,1,January,15,1,Saturday,5
15,16,2000-01-16,2000,1,January,16,1,Sunday,6
16,17,2000-01-17,2000,1,January,17,1,Monday,0
17,18,2000-01-18,2000,1,January,18,1,Tuesday,1
18,19,2000-01-19,2000,1,January,19,1,Wednesday,2
19,20,2000-01-20,2000,1,January,20,1,Thursday,3
20,21,2000-01-21,2000,1,January,21,1,Friday,4
21,22,2000-01-22,2000,1,January,22,1,Saturday,5
22,23,2000-01-23,2000,1,January,23,1,Sunday,6
23,24,2000-01-24,2000,1,January,24,1,Monday,0
24,25,2000-01-25,2000,1,January,25,1,Tuesday,1
25,26,2000-01-26,2000,1,January,26,1,Wednesday,2
26,27,2000-01-27,2000,1,January,27,1,Thursday,3
27,28,2000-01-28,2000,1,January,28,1,Friday,4
28,29,2000-01-29,2000,1,January,29,1,Saturday,5
29,30,2000-01-30,2000,1,January,30,1,Sunday,6
30,31,2000-01-31,2000,1,January,31,1,Monday,0
31,32,2000-02-01,2000,2,February,1,1,Tuesday,1
32,33,2000-02-02,2000,2,February,2,1,Wednesday,2
33,34,2000-02-03,2000,2,February,3,1,Thursday,3
34,35,2000-02-04,2000,2,February,4,1,Friday,4
35,36,2000-02-05,2000,2,February,5,1,Saturday,5
36,37,2000-02-06,2000,2,February,6,1,Sunday,6
37,38,2000-02-07,2000,2,February,7,1,Monday,0
38,39,2000-02-08,2000,2,February,8,1,Tuesday,1
39,40,2000-02-09,2000,2,February,9,1,Wednesday,2
40,41,2000-02-10,2000,2,February,10,1,Thursday,3
41,42,2000-02-11,2000,2,February,11,1,Friday,4
42,43,2000-02-12,2000,2,February,12,1,Saturday,5
43,44,2000-02-13,2000,2,February,13,1,Sunday,6
44,45,2000-02-14,2000,2,February,14,1,Monday,0
45,46,2000-02-15,2000,2,February,15,1,Tuesday,1
46,47,2000-02-16,2000,2,February,16,1,Wednesday,2
47,48,2000-02-17,2000,2,February,17,1,Thursday,3
48,49,2000-02-18,2000,2,February,18,1,Friday,4
49,50,2000-02-19,2000,2,February,19,1,Saturday,5
50,51,2000-02-20,2000,2,February,20,1,Sunday,6
51,52,2000-02-21,2000,2,February,21,1,Monday,0
52,53,2000-02-22,2000,2,February,22,1,Tuesday,1
53,54,2000-02-23,2000,2,February,23,1,Wednesday,2
54,55,2000-02-24,2000,2,February,24,1,Thursday,3
55,56,2000-02-25,2000,2,February,25,1,Friday,4
56,57,2000-02-26,2000,2,February,26,1,Saturday,5
57,58,2000-02-27,2000,2,February,27,1,Sunday,6
58,59,2000-02-28,2000,2,February,28,1,Monday,0
59,60,2000-02-29,2000,2,February,29,1,Tuesday,1
60,61,2000-03-01,2000,3,March,1,1,Wednesday,2
61,62,2000-03-02,2000,3,March,2,1,Thursday,3
62,63,2000-03-03,2000,3,March,3,1,Friday,4
63,64,2000-03-04,2000,3,March,4,1,Saturday,5
64,65,2000-03-05,2000,3,March,5,1,Sunday,6
65,66,2000-03-06,2000,3,March,6,1,Monday,0
66,67,2000-03-07,2000,3,March,7,1,Tuesday,1
67,68,2000-03-08,2000,3,March,8,1,Wednesday,2
68,69,2000-03-09,2000,3,March,9,1,Thursday,3
69,70,2000-03-10,2000,3,March,10,1,Friday,4
70,71,2000-03-11,2000,3,March,11,1,Saturday,5
71,72,2000-03-12,2000,3,March,12,1,Sunday,6
72,73,2000-03-13,2000,3,March,13,1,Monday,0
73,74,2000-03-14,2000,3,March,14,1,Tuesday,1
74,75,2000-03-15,2000,3,March,15,1,Wednesday,2
75,76,2000-03-16,2000,3,March,16,1,Thursday,3
76,77,2000-03-17,2000,3,March,17,1,Friday,4
77,78,2000-03-18,2000,3,March,18,1,Saturday,5
78,79,2000-03-19,2000,3,March,19,1,Sunday,6
79,80,2000-03-20,2000,3,March,20,1,Monday,0
80,81,2000-03-21,2000,3,March,21,1,Tuesday,1
81,82,2000-03-22,2000,3,March,22,1,Wednesday,2
82,83,2000-03-23,2000,3,March,23,1,Thursday,3
83,84,2000-03-24,2000,3,March,24,1,Friday,4
84,85,2000-03-25,2000,3,March,25,1,Saturday,5
85,86,2000-03-26,2000,3,March,26,1,Sunday,6
86,87,2000-03-27,2000,3,March,27,1,Monday,0
87,88,2000-03-28,2000,3,March,28,1,Tuesday,1
88,89,2000-03-29,2000,3,March,29,1,Wednesday,2
89,90,2000-03-30,2000,3,March,30,1,Thursday,3
90,91,2000-03-31,2000,3,March,31,1,Friday,4
91,92,2000-04-01,2000,4,April,1,2,Saturday,5
92,93,2000-04-02,2000,4,April,2,2,Sunday,6
93,94,2000-04-03,2000,4,April,3,2,Monday,0
94,95,2000-04-04,2000,4,April,4,2,Tuesday,1
95,96,2000-04-05,2000,4,April,5,2,Wednesday,2
96,97,2000-04-06,2000,4,April,6,2,Thursday,3
97,98,2000-04-07,2000,4,April,7,2,Friday,4
98,99,2000-04-08,2000,4,April,8,2,Saturday,5
99,100,2000-04-09,2000,4,April,9,2,Sunday,6
100,101,2000-04-10,2000,4,April,10,2,Monday,0
101,102,2000-04-11,2000,4,April,11,2,Tuesday,1
102,103,2000-04-12,2000,4,April,12,2,Wednesday,2
103,104,2000-04-13,2000,4,April,13,2,Thursday,3
104,105,2000-04-14,2000,4,April,14,2,Friday,4
105,106,2000-04-15,2000,4,April,15,2,Saturday,5
106,107,2000-04-16,2000,4,April,16,2,Sunday,6
107,108,2000-04-17,2000,4,April,17,2,Monday,0
108,109,2000-04-18,2000,4,April,18,2,Tuesday,1
109,110,2000-04-19,2000,4,April,19,2,Wednesday,2
110,111,2000-04-20,2000,4,April,20,2,Thursday,3
111,112,2000-04-21,2000,4,April,21,2,Friday,4
112,113,2000-04-22,2000,4,April,22,2,Saturday,5
113,114,2000-04-23,2000,4,April,23,2,Sunday,6
114,115,2000-04-24,2000,4,April,24,2,Monday,0
115,116,2000-04-25,2000,4,April,25,2,Tuesday,1
116,117,2000-04-26,2000,4,April,26,2,Wednesday,2
117,118,2000-04-27,2000,4,April,27,2,Thursday,3
118,119,2000-04-28,2000,4,April,28,2,Friday,4
119,120,2000-04-29,2000,4,April,29,2,Saturday,5
120,121,2000-04-30,2000,4,April,30,2,Sunday,6
121,122,2000-05-01,2000,5,May,1,2,Monday,0
122,123,2000-05-02,2000,5,May,2,2,Tuesday,1
123,124,2000-05-03,2000,5,May,3,2,Wednesday,2
124,125,2000-05-04,2000,5,May,4,2,Thursday,3
125,126,2000-05-05,2000,5,May,5,2,Friday,4
126,127,2000-05-06,2000,5,May,6,2,Saturday,5
127,128,2000-05-07,2000,5,May,7,2,Sunday,6
128,129,2000-05-08,2000,5,May,8,2,Monday,0
129,130,2000-05-09,2000,5,May,9,2,Tuesday,1
130,131,2000-05-10,2000,5,May,10,2,Wednesday,2
131,132,2000-05-11,2000,5,May,11,2,Thursday,3
132,133,2000-05-12,2000,5,May,12,2,Friday,4
133,134,2000-05-13,2000,5,May,13,2,Saturday,5
134,135,2000-05-14,2000,5,May,14,2,Sunday,6
135,136,2000-05-15,2000,5,May,15,2,Monday,0
136,137,2000-05-16,2000,5,May,16,2,Tuesday,1
137,138,2000-05-17,2000,5,May,17,2,Wednesday,2
138,139,2000-05-18,2000,5,May,18,2,Thursday,3
139,140,2000-05-19,2000,5,May,19,2,Friday,4
140,141,2000-05-20,2000,5,May,20,2,Saturday,5
141,142,2000-05-21,2000,5,May,21,2,Sunday,6
142,143,2000-05-22,2000,5,May,22,2,Monday,0
143,144,2000-05-23,2000,5,May,23,2,Tuesday,1
144,145,2000-05-24,2000,5,May,24,2,Wednesday,2
145,146,2000-05-25,2000,5,May,25,2,Thursday,3
146,147,2000-05-26,2000,5,May,26,2,Friday,4
147,148,2000-05-27,2000,5,May,27,2,Saturday,5
148,149,2000-05-28,2000,5,May,28,2,Sunday,6
149,150,2000-05-29,2000,5,May,29,2,Monday,0
150,151,2000-05-30,2000,5,May,30,2,Tuesday,1
151,152,2000-05-31,2000,5,May,31,2,Wednesday,2
152,153,2000-06-01,2000,6,June,1,2,Thursday,3
153,154,2000-06-02,2000,6,June,2,2,Friday,4
154,155,2000-06-03,2000,6,June,3,2,Saturday,5
155,156,2000-06-04,2000,6,June,4,2,Sunday,6
156,157,2000-06-05,2000,6,June,5,2,Monday,0
157,158,2000-06-06,2000,6,June,6,2,Tuesday,1
158,159,2000-06-07,2000,6,June,7,2,Wednesday,2
159,160,2000-06-08,2000,6,June,8,2,Thursday,3
160,161,2000-06-09,2000,6,June,9,2,Friday,4
161,162,2000-06-10,2000,6,June,10,2,Saturday,5
162,163,2000-06-11,2000,6,June,11,2,Sunday,6
163,164,2000-06-12,2000,6,June,12,2,Monday,0
164,165,2000-06-13,2000,6,June,13,2,Tuesday,1
165,166,2000-06-14,2000,6,June,14,2,Wednesday,2
166,167,2000-06-15,2000,6,June,15,2,Thursday,3
167,168,2000-06-16,2000,6,June,16,2,Friday,4
168,169,2000-06-17,2000,6,June,17,2,Saturday,5
169,170,2000-06-18,2000,6,June,18,2,Sunday,6
170,171,2000-06-19,2000,6,June,19,2,Monday,0
171,172,2000-06-20,2000,6,June,20,2,Tuesday,1
172,173,2000-06-21,2000,6,June,21,2,Wednesday,2
173,174,2000-06-22,2000,6,June,22,2,Thursday,3
174,175,2000-06-23,2000,6,June,23,2,Friday,4
175,176,2000-06-24,2000,6,June,24,2,Saturday,5
176,177,2000-06-25,2000,6,June,25,2,Sunday,6
177,178,2000-06-26,2000,6,June,26,2,Monday,0
178,179,2000-06-27,2000,6,June,27,2,Tuesday,1
179,180,2000-06-28,2000,6,June,28,2,Wednesday,2
180,181,2000-06-29,2000,6,June,29,2,Thursday,3
181,182,2000-06-30,2000,6,June,30,2,Friday,4
182,183,2000-07-01,2000,7,July,1,3,Saturday,5
183,184,2000-07-02,2000,7,July,2,3,Sunday,6
184,185,2000-07-03,2000,7,July,3,3,Monday,0
185,186,2000-07-04,2000,7,July,4,3,Tuesday,1
186,187,2000-07-05,2000,7,July,5,3,Wednesday,2
187,188,2000-07-06,2000,7,July,6,3,Thursday,3
188,189,2000-07-07,2000,7,July,7,3,Friday,4
189,190,2000-07-08,2000,7,July,8,3,Saturday,5
190,191,2000-07-09,2000,7,July,9,3,Sunday,6
191,192,2000-07-10,2000,7,July,10,3,Monday,0
192,193,2000-07-11,2000,7,July,11,3,Tuesday,1
193,194,2000-07-12,2000,7,July,12,3,Wednesday,2
194,195,2000-07-13,2000,7,July,13,3,Thursday,3
195,196,2000-07-14,2000,7,July,14,3,Friday,4
196,197,2000-07-15,2000,7,July,15,3,Saturday,5
197,198,2000-07-16,2000,7,July,16,3,Sunday,6
198,199,2000-07-17,2000,7,July,17,3,Monday,0
199,200,2000-07-18,2000,7,July,18,3,Tuesday,1
200,201,2000-07-19,2000,7,July,19,3,Wednesday,2
201,202,2000-07-20,2000,7,July,20,3,Thursday,3
202,203,2000-07-21,2000,7,July,21,3,Friday,4
203,204,2000-07-22,2000,7,July,22,3,Saturday,5
204,205,2000-07-23,2000,7,July,23,3,Sunday,6
205,206,2000-07-24,2000,7,July,24,3,Monday,0
206,207,2000-07-25,2000,7,July,25,3,Tuesday,1
207,208,2000-07-26,2000,7,July,26,3,Wednesday,2
208,209,2000-07-27,2000,7,July,27,3,Thursday,3
209,210,2000-07-28,2000,7,July,28,3,Friday,4
210,211,2000-07-29,2000,7,July,29,3,Saturday,5
211,212,2000-07-30,2000,7,July,30,3,Sunday,6
212,213,2000-07-31,2000,7,July,31,3,Monday,0
213,214,2000-08-01,2000,8,August,1,3,Tuesday,1
214,215,2000-08-02,2000,8,August,2,3,Wednesday,2
215,216,2000-08-03,2000,8,August,3,3,Thursday,3
216,217,2000-08-04,2000,8,August,4,3,Friday,4
217,218,2000-08-05,2000,8,August,5,3,Saturday,5
218,219,2000-08-06,2000,8,August,6,3,Sunday,6
219,220,2000-08-07,2000,8,August,7,3,Monday,0
220,221,2000-08-08,2000,8,August,8,3,Tuesday,1
221,222,2000-08-09,2000,8,August,9,3,Wednesday,2
222,223,2000-08-10,2000,8,August,10,3,Thursday,3
223,224,2000-08-11,2000,8,August,11,3,Friday,4
224,225,2000-08-12,2000,8,August,12,3,Saturday,5
225,226,2000-08-13,2000,8,August,13,3,Sunday,6
226,227,2000-08-14,2000,8,August,14,3,Monday,0
227,228,2000-08-15,2000,8,August,15,3,Tuesday,1
228,229,2000-08-16,2000,8,August,16,3,Wednesday,2
229,230,2000-08-17,2000,8,August,17,3,Thursday,3
230,231,2000-08-18,2000,8,August,18,3,Friday,4
231,232,2000-08-19,2000,8,August,19,3,Saturday,5
232,233,2000-08-20,2000,8,August,20,3,Sunday,6
233,234,2000-08-21,2000,8,August,21,3,Monday,0
234,235,2000-08-22,2000,8,August,22,3,Tuesday,1
235,236,2000-08-23,2000,8,August,23,3,Wednesday,2
236,237,2000-08-24,2000,8,August,24,3,Thursday,3
237,238,2000-08-25,2000,8,August,25,3,Friday,4
238,239,2000-08-26,2000,8,August,26,3,Saturday,5
239,240,2000-08-27,2000,8,August,27,3,Sunday,6
240,241,2000-08-28,2000,8,August,28,3,Monday,0
241,242,2000-08-29,2000,8,August,29,3,Tuesday,1
242,243,2000-08-30,2000,8,August,30,3,Wednesday,2
243,244,2000-08-31,2000,8,August,31,3,Thursday,3
244,245,2000-09-01,2000,9,September,1,3,Friday,4
245,246,2000-09-02,2000,9,September,2,3,Saturday,5
246,247,2000-09-03,2000,9,September,3,3,Sunday,6
247,248,2000-09-04,2000,9,September,4,3,Monday,0
248,249,2000-09-05,2000,9,September,5,3,Tuesday,1
249,250,2000-09-06,2000,9,September,6,3,Wednesday,2
250,251,2000-09-07,2000,9,September,7,3,Thursday,3
251,252,2000-09-08,2000,9,September,8,3,Friday,4
252,253,2000-09-09,2000,9,September,9,3,Saturday,5
253,254,2000-09-10,2000,9,September,10,3,Sunday,6
254,255,2000-09-11,2000,9,September,11,3,Monday,0
255,256,2000-09-12,2000,9,September,12,3,Tuesday,1
256,257,2000-09-13,2000,9,September,13,3,Wednesday,2
257,258,2000-09-14,2000,9,September,14,3,Thursday,3
258,259,2000-09-15,2000,9,September,15,3,Friday,4
259,260,2000-09-16,2000,9,September,16,3,Saturday,5
260,261,2000-09-17,2000,9,September,17,3,Sunday,6
261,262,2000-09-18,2000,9,September,18,3,Monday,0
262,263,2000-09-19,2000,9,September,19,3,Tuesday,1
263,264,2000-09-20,2000,9,September,20,3,Wednesday,2
264,265,2000-09-21,2000,9,September,21,3,Thursday,3
265,266,2000-09-22,2000,9,September,22,3,Friday,4
266,267,2000-09-23,2000,9,September,23,3,Saturday,5
267,268,2000-09-24,2000,9,September,24,3,Sunday,6
268,269,2000-09-25,2000,9,September,25,3,Monday,0
269,270,2000-09-26,2000,9,September,26,3,Tuesday,1
270,271,2000-09-27,2000,9,September,27,3,Wednesday,2
271,272,2000-09-28,2000,9,September,28,3,Thursday,3
272,273,2000-09-29,2000,9,September,29,3,Friday,4
273,274,2000-09-30,2000,9,September,30,3,Saturday,5
274,275,2000-10-01,2000,10,October,1,4,Sunday,6
275,276,2000-10-02,2000,10,October,2,4,Monday,0
276,277,2000-10-03,2000,10,October,3,4,Tuesday,1
277,278,2000-10-04,2000,10,October,4,4,Wednesday,2
278,279,2000-10-05,2000,10,October,5,4,Thursday,3
279,280,2000-10-06,2000,10,October,6,4,Friday,4
280,281,2000-10-07,2000,10,October,7,4,Saturday,5
281,282,2000-10-08,2000,10,October,8,4,Sunday,6
282,283,2000-10-09,2000,10,October,9,4,Monday,0
283,284,2000-10-10,2000,10,October,10,4,Tuesday,1
284,285,2000-10-11,2000,10,October,11,4,Wednesday,2
285,286,2000-10-12,2000,10,October,12,4,Thursday,3
286,287,2000-10-13,2000,10,October,13,4,Friday,4
287,288,2000-10-14,2000,10,October,14,4,Saturday,5
288,289,2000-10-15,2000,10,October,15,4,Sunday,6
289,290,2000-10-16,2000,10,October,16,4,Monday,0
290,291,2000-10-17,2000,10,October,17,4,Tuesday,1
291,292,2000-10-18,2000,10,October,18,4,Wednesday,2
292,293,2000-10-19,2000,10,October,19,4,Thursday,3
293,294,2000-10-20,2000,10,October,20,4,Friday,4
294,295,2000-10-21,2000,10,October,21,4,Saturday,5
295,296,2000-10-22,2000,10,October,22,4,Sunday,6
296,297,2000-10-23,2000,10,October,23,4,Monday,0
297,298,2000-10-24,2000,10,October,24,4,Tuesday,1
298,299,2000-10-25,2000,10,October,25,4,Wednesday,2
299,300,2000-10-26,2000,10,October,26,4,Thursday,3
300,301,2000-10-27,2000,10,October,27,4,Friday,4
301,302,2000-10-28,2000,10,October,28,4,Saturday,5
302,303,2000-10-29,2000,10,October,29,4,Sunday,6
303,304,2000-10-30,2000,10,October,30,4,Monday,0
304,305,2000-10-31,2000,10,October,31,4,Tuesday,1
305,306,2000-11-01,2000,11,November,1,4,Wednesday,2
306,307,2000-11-02,2000,11,November,2,4,Thursday,3
307,308,2000-11-03,2000,11,November,3,4,Friday,4
308,309,2000-11-04,2000,11,November,4,4,Saturday,5
309,310,2000-11-05,2000,11,November,5,4,Sunday,6
310,311,2000-11-06,2000,11,November,6,4,Monday,0
311,312,2000-11-07,2000,11,November,7,4,Tuesday,1
312,313,2000-11-08,2000,11,November,8,4,Wednesday,2
313,314,2000-11-09,2000,11,November,9,4,Thursday,3
314,315,2000-11-10,2000,11,November,10,4,Friday,4
315,316,2000-11-11,2000,11,November,11,4,Saturday,5
316,317,2000-11-12,2000,11,November,12,4,Sunday,6
317,318,2000-11-13,2000,11,November,13,4,Monday,0
318,319,2000-11-14,2000,11,November,14,4,Tuesday,1
319,320,2000-11-15,2000,11,November,15,4,Wednesday,2
320,321,2000-11-16,2000,11,November,16,4,Thursday,3
321,322,2000-11-17,2000,11,November,17,4,Friday,4
322,323,2000-11-18,2000,11,November,18,4,Saturday,5
323,324,2000-11-19,2000,11,November,19,4,Sunday,6
324,325,2000-11-20,2000,11,November,20,4,Monday,0
325,326,2000-11-21,2000,11,November,21,4,Tuesday,1
326,327,2000-11-22,2000,11,November,22,4,Wednesday,2
327,328,2000-11-23,2000,11,November,23,4,Thursday,3
328,329,2000-11-24,2000,11,November,24,4,Friday,4
329,330,2000-11-25,2000,11,November,25,4,Saturday,5
330,331,2000-11-26,2000,11,November,26,4,Sunday,6
331,332,2000-11-27,2000,11,November,27,4,Monday,0
332,333,2000-11-28,2000,11,November,28,4,Tuesday,1
333,334,2000-11-29,2000,11,November,29,4,Wednesday,2
334,335,2000-11-30,2000,11,November,30,4,Thursday,3
335,336,2000-12-01,2000,12,December,1,4,Friday,4
336,337,2000-12-02,2000,12,December,2,4,Saturday,5
337,338,2000-12-03,2000,12,December,3,4,Sunday,6
338,339,2000-12-04,2000,12,December,4,4,Monday,0
339,340,2000-12-05,2000,12,December,5,4,Tuesday,1
340,341,2000-12-06,2000,12,December,6,4,Wednesday,2
341,342,2000-12-07,2000,12,December,7,4,Thursday,3
342,343,2000-12-08,2000,12,December,8,4,Friday,4
343,344,2000-12-09,2000,12,December,9,4,Saturday,5
344,345,2000-12-10,2000,12,December,10,4,Sunday,6
345,346,2000-12-11,2000,12,December,11,4,Monday,0
346,347,2000-12-12,2000,12,December,12,4,Tuesday,1
347,348,2000-12-13,2000,12,December,13,4,Wednesday,2
348,349,2000-12-14,2000,12,December,14,4,Thursday,3
349,350,2000-12-15,2000,12,December,15,4,Friday,4
350,351,2000-12-16,2000,12,December,16,4,Saturday,5
351,352,2000-12-17,2000,12,December,17,4,Sunday,6
352,353,2000-12-18,2000,12,December,18,4,Monday,0
353,354,2000-12-19,2000,12,December,19,4,Tuesday,1
354,355,2000-12-20,2000,12,December,20,4,Wednesday,2
355,356,2000-12-21,2000,12,December,21,4,Thursday,3
356,357,2000-12-22,2000,12,December,22,4,Friday,4
357,358,2000-12-23,2000,12,December,23,4,Saturday,5
358,359,2000-12-24,2000,12,December,24,4,Sunday,6
359,360,2000-12-25,2000,12,December,25,4,Monday,0
360,361,2000-12-26,2000,12,December,26,4,Tuesday,1
361,362,2000-12-27,2000,12,December,27,4,Wednesday,2
362,363,2000-12-28,2000,12,December,28,4,Thursday,3
363,364,2000-12-29,2000,12,December,29,4,Friday,4
364,365,2000-12-30,2000,12,December,30,4,Saturday,5
365,366,2000-12-31,2000,12,December,31,4,Sunday,6
366,367,2001-01-01,2001,1,January,1,1,Monday,0
367,368,2001-01-02,2001,1,January,2,1,Tuesday,1
368,369,2001-01-03,2001,1,January,3,1,Wednesday,2
369,370,2001-01-04,2001,1,January,4,1,Thursday,3
370,371,2001-01-05,2001,1,January,5,1,Friday,4
371,372,2001-01-06,2001,1,January,6,1,Saturday,5
372,373,2001-01-07,2001,1,January,7,1,Sunday,6
373,374,2001-01-08,2001,1,January,8,1,Monday,0
374,375,2001-01-09,2001,1,January,9,1,Tuesday,1
375,376,2001-01-10,2001,1,January,10,1,Wednesday,2
376,377,2001-01-11,2001,1,January,11,1,Thursday,3
377,378,2001-01-12,2001,1,January,12,1,Friday,4
378,379,2001-01-13,2001,1,January,13,1,Saturday,5
379,380,2001-01-14,2001,1,January,14,1,Sunday,6
380,381,2001-01-15,2001,1,January,15,1,Monday,0
381,382,2001-01-16,2001,1,January,16,1,Tuesday,1
382,383,2001-01-17,2001,1,January,17,1,Wednesday,2
383,384,2001-01-18,2001,1,January,18,1,Thursday,3
384,385,2001-01-19,2001,1,January,19,1,Friday,4
385,386,2001-01-20,2001,1,January,20,1,Saturday,5
386,387,2001-01-21,2001,1,January,21,1,Sunday,6
387,388,2001-01-22,2001,1,January,22,1,Monday,0
388,389,2001-01-23,2001,1,January,23,1,Tuesday,1
389,390,2001-01-24,2001,1,January,24,1,Wednesday,2
390,391,2001-01-25,2001,1,January,25,1,Thursday,3
391,392,2001-01-26,2001,1,January,26,1,Friday,4
392,393,2001-01-27,2001,1,January,27,1,Saturday,5
393,394,2001-01-28,2001,1,January,28,1,Sunday,6
394,395,2001-01-29,2001,1,January,29,1,Monday,0
395,396,2001-01-30,2001,1,January,30,1,Tuesday,1
396,397,2001-01-31,2001,1,January,31,1,Wednesday,2
397,398,2001-02-01,2001,2,February,1,1,Thursday,3
398,399,2001-02-02,2001,2,February,2,1,Friday,4
399,400,2001-02-03,2001,2,February,3,1,Saturday,5
400,401,2001-02-04,2001,2,February,4,1,Sunday,6
401,402,2001-02-05,2001,2,February,5,1,Monday,0
402,403,2001-02-06,2001,2,February,6,1,Tuesday,1
403,404,2001-02-07,2001,2,February,7,1,Wednesday,2
404,405,2001-02-08,2001,2,February,8,1,Thursday,3
405,406,2001-02-09,2001,2,February,9,1,Friday,4
406,407,2001-02-10,2001,2,February,10,1,Saturday,5
407,408,2001-02-11,2001,2,February,11,1,Sunday,6
408,409,2001-02-12,2001,2,February,12,1,Monday,0
409,410,2001-02-13,2001,2,February,13,1,Tuesday,1
410,411,2001-02-14,2001,2,February,14,1,Wednesday,2
411,412,2001-02-15,2001,2,February,15,1,Thursday,3
412,413,2001-02-16,2001,2,February,16,1,Friday,4
413,414,2001-02-17,2001,2,February,17,1,Saturday,5
414,415,2001-02-18,2001,2,February,18,1,Sunday,6
415,416,2001-02-19,2001,2,February,19,1,Monday,0
416,417,2001-02-20,2001,2,February,20,1,Tuesday,1
417,418,2001-02-21,2001,2,February,21,1,Wednesday,2
418,419,2001-02-22,2001,2,February,22,1,Thursday,3
419,420,2001-02-23,2001,2,February,23,1,Friday,4
420,421,2001-02-24,2001,2,February,24,1,Saturday,5
421,422,2001-02-25,2001,2,February,25,1,Sunday,6
422,423,2001-02-26,2001,2,February,26,1,Monday,0
423,424,2001-02-27,2001,2,February,27,1,Tuesday,1
424,425,2001-02-28,2001,2,February,28,1,Wednesday,2
425,426,2001-03-01,2001,3,March,1,1,Thursday,3
426,427,2001-03-02,2001,3,March,2,1,Friday,4
427,428,2001-03-03,2001,3,March,3,1,Saturday,5
428,429,2001-03-04,2001,3,March,4,1,Sunday,6
429,430,2001-03-05,2001,3,March,5,1,Monday,0
430,431,2001-03-06,2001,3,March,6,1,Tuesday,1
431,432,2001-03-07,2001,3,March,7,1,Wednesday,2
432,433,2001-03-08,2001,3,March,8,1,Thursday,3
433,434,2001-03-09,2001,3,March,9,1,Friday,4
434,435,2001-03-10,2001,3,March,10,1,Saturday,5
435,436,2001-03-11,2001,3,March,11,1,Sunday,6
436,437,2001-03-12,2001,3,March,12,1,Monday,0
437,438,2001-03-13,2001,3,March,13,1,Tuesday,1
438,439,2001-03-14,2001,3,March,14,1,Wednesday,2
439,440,2001-03-15,2001,3,March,15,1,Thursday,3
440,441,2001-03-16,2001,3,March,16,1,Friday,4
441,442,2001-03-17,2001,3,March,17,1,Saturday,5
442,443,2001-03-18,2001,3,March,18,1,Sunday,6
443,444,2001-03-19,2001,3,March,19,1,Monday,0
444,445,2001-03-20,2001,3,March,20,1,Tuesday,1
445,446,2001-03-21,2001,3,March,21,1,Wednesday,2
446,447,2001-03-22,2001,3,March,22,1,Thursday,3
447,448,2001-03-23,2001,3,March,23,1,Friday,4
448,449,2001-03-24,2001,3,March,24,1,Saturday,5
449,450,2001-03-25,2001,3,March,25,1,Sunday,6
450,451,2001-03-26,2001,3,March,26,1,Monday,0
451,452,2001-03-27,2001,3,March,27,1,Tuesday,1
452,453,2001-03-28,2001,3,March,28,1,Wednesday,2
453,454,2001-03-29,2001,3,March,29,1,Thursday,3
454,455,2001-03-30,2001,3,March,30,1,Friday,4
455,456,2001-03-31,2001,3,March,31,1,Saturday,5
456,457,2001-04-01,2001,4,April,1,2,Sunday,6
457,458,2001-04-02,2001,4,April,2,2,Monday,0
458,459,2001-04-03,2001,4,April,3,2,Tuesday,1
459,460,2001-04-04,2001,4,April,4,2,Wednesday,2
460,461,2001-04-05,2001,4,April,5,2,Thursday,3
461,462,2001-04-06,2001,4,April,6,2,Friday,4
462,463,2001-04-07,2001,4,April,7,2,Saturday,5
463,464,2001-04-08,2001,4,April,8,2,Sunday,6
464,465,2001-04-09,2001,4,April,9,2,Monday,0
465,466,2001-04-10,2001,4,April,10,2,Tuesday,1
466,467,2001-04-11,2001,4,April,11,2,Wednesday,2
467,468,2001-04-12,2001,4,April,12,2,Thursday,3
468,469,2001-04-13,2001,4,April,13,2,Friday,4
469,470,2001-04-14,2001,4,April,14,2,Saturday,5
470,471,2001-04-15,2001,4,April,15,2,Sunday,6
471,472,2001-04-16,2001,4,April,16,2,Monday,0
472,473,2001-04-17,2001,4,April,17,2,Tuesday,1
473,474,2001-04-18,2001,4,April,18,2,Wednesday,2
474,475,2001-04-19,2001,4,April,19,2,Thursday,3
475,476,2001-04-20,2001,4,April,20,2,Friday,4
476,477,2001-04-21,2001,4,April,21,2,Saturday,5
477,478,2001-04-22,2001,4,April,22,2,Sunday,6
478,479,2001-04-23,2001,4,April,23,2,Monday,0
479,480,2001-04-24,2001,4,April,24,2,Tuesday,1
480,481,2001-04-25,2001,4,April,25,2,Wednesday,2
481,482,2001-04-26,2001,4,April,26,2,Thursday,3
482,483,2001-04-27,2001,4,April,27,2,Friday,4
483,484,2001-04-28,2001,4,April,28,2,Saturday,5
484,485,2001-04-29,2001,4,April,29,2,Sunday,6
485,486,2001-04-30,2001,4,April,30,2,Monday,0
486,487,2001-05-01,2001,5,May,1,2,Tuesday,1
487,488,2001-05-02,2001,5,May,2,2,Wednesday,2
488,489,2001-05-03,2001,5,May,3,2,Thursday,3
489,490,2001-05-04,2001,5,May,4,2,Friday,4
490,491,2001-05-05,2001,5,May,5,2,Saturday,5
491,492,2001-05-06,2001,5,May,6,2,Sunday,6
492,493,2001-05-07,2001,5,May,7,2,Monday,0
493,494,2001-05-08,2001,5,May,8,2,Tuesday,1
494,495,2001-05-09,2001,5,May,9,2,Wednesday,2
495,496,2001-05-10,2001,5,May,10,2,Thursday,3
496,497,2001-05-11,2001,5,May,11,2,Friday,4
497,498,2001-05-12,2001,5,May,12,2,Saturday,5
498,499,2001-05-13,2001,5,May,13,2,Sunday,6
499,500,2001-05-14,2001,5,May,14,2,Monday,0
500,501,2001-05-15,2001,5,May,15,2,Tuesday,1
501,502,2001-05-16,2001,5,May,16,2,Wednesday,2
502,503,2001-05-17,2001,5,May,17,2,Thursday,3
503,504,2001-05-18,2001,5,May,18,2,Friday,4
504,505,2001-05-19,2001,5,May,19,2,Saturday,5
505,506,2001-05-20,2001,5,May,20,2,Sunday,6
506,507,2001-05-21,2001,5,May,21,2,Monday,0
507,508,2001-05-22,2001,5,May,22,2,Tuesday,1
508,509,2001-05-23,2001,5,May,23,2,Wednesday,2
509,510,2001-05-24,2001,5,May,24,2,Thursday,3
510,511,2001-05-25,2001,5,May,25,2,Friday,4
511,512,2001-05-26,2001,5,May,26,2,Saturday,5
512,513,2001-05-27,2001,5,May,27,2,Sunday,6
513,514,2001-05-28,2001,5,May,28,2,Monday,0
514,515,2001-05-29,2001,5,May,29,2,Tuesday,1
515,516,2001-05-30,2001,5,May,30,2,Wednesday,2
516,517,2001-05-31,2001,5,May,31,2,Thursday,3
517,518,2001-06-01,2001,6,June,1,2,Friday,4
518,519,2001-06-02,2001,6,June,2,2,Saturday,5
519,520,2001-06-03,2001,6,June,3,2,Sunday,6
520,521,2001-06-04,2001,6,June,4,2,Monday,0
521,522,2001-06-05,2001,6,June,5,2,Tuesday,1
522,523,2001-06-06,2001,6,June,6,2,Wednesday,2
523,524,2001-06-07,2001,6,June,7,2,Thursday,3
524,525,2001-06-08,2001,6,June,8,2,Friday,4
525,526,2001-06-09,2001,6,June,9,2,Saturday,5
526,527,2001-06-10,2001,6,June,10,2,Sunday,6
527,528,2001-06-11,2001,6,June,11,2,Monday,0
528,529,2001-06-12,2001,6,June,12,2,Tuesday,1
529,530,2001-06-13,2001,6,June,13,2,Wednesday,2
530,531,2001-06-14,2001,6,June,14,2,Thursday,3
531,532,2001-06-15,2001,6,June,15,2,Friday,4
532,533,2001-06-16,2001,6,June,16,2,Saturday,5
533,534,2001-06-17,2001,6,June,17,2,Sunday,6
534,535,2001-06-18,2001,6,June,18,2,Monday,0
535,536,2001-06-19,2001,6,June,19,2,Tuesday,1
536,537,2001-06-20,2001,6,June,20,2,Wednesday,2
537,538,2001-06-21,2001,6,June,21,2,Thursday,3
538,539,2001-06-22,2001,6,June,22,2,Friday,4
539,540,2001-06-23,2001,6,June,23,2,Saturday,5
540,541,2001-06-24,2001,6,June,24,2,Sunday,6
541,542,2001-06-25,2001,6,June,25,2,Monday,0
542,543,2001-06-26,2001,6,June,26,2,Tuesday,1
543,544,2001-06-27,2001,6,June,27,2,Wednesday,2
544,545,2001-06-28,2001,6,June,28,2,Thursday,3
545,546,2001-06-29,2001,6,June,29,2,Friday,4
546,547,2001-06-30,2001,6,June,30,2,Saturday,5
547,548,2001-07-01,2001,7,July,1,3,Sunday,6
548,549,2001-07-02,2001,7,July,2,3,Monday,0
549,550,2001-07-03,2001,7,July,3,3,Tuesday,1
550,551,2001-07-04,2001,7,July,4,3,Wednesday,2
551,552,2001-07-05,2001,7,July,5,3,Thursday,3
552,553,2001-07-06,2001,7,July,6,3,Friday,4
553,554,2001-07-07,2001,7,July,7,3,Saturday,5
554,555,2001-07-08,2001,7,July,8,3,Sunday,6
555,556,2001-07-09,2001,7,July,9,3,Monday,0
556,557,2001-07-10,2001,7,July,10,3,Tuesday,1
557,558,2001-07-11,2001,7,July,11,3,Wednesday,2
558,559,2001-07-12,2001,7,July,12,3,Thursday,3
559,560,2001-07-13,2001,7,July,13,3,Friday,4
560,561,2001-07-14,2001,7,July,14,3,Saturday,5
561,562,2001-07-15,2001,7,July,15,3,Sunday,6
562,563,2001-07-16,2001,7,July,16,3,Monday,0
563,564,2001-07-17,2001,7,July,17,3,Tuesday,1
564,565,2001-07-18,2001,7,July,18,3,Wednesday,2
565,566,2001-07-19,2001,7,July,19,3,Thursday,3
566,567,2001-07-20,2001,7,July,20,3,Friday,4
567,568,2001-07-21,2001,7,July,21,3,Saturday,5
568,569,2001-07-22,2001,7,July,22,3,Sunday,6
569,570,2001-07-23,2001,7,July,23,3,Monday,0
570,571,2001-07-24,2001,7,July,24,3,Tuesday,1
571,572,2001-07-25,2001,7,July,25,3,Wednesday,2
572,573,2001-07-26,2001,7,July,26,3,Thursday,3
573,574,2001-07-27,2001,7,July,27,3,Friday,4
574,575,2001-07-28,2001,7,July,28,3,Saturday,5
575,576,2001-07-29,2001,7,July,29,3,Sunday,6
576,577,2001-07-30,2001,7,July,30,3,Monday,0
577,578,2001-07-31,2001,7,July,31,3,Tuesday,1
578,579,2001-08-01,2001,8,August,1,3,Wednesday,2
579,580,2001-08-02,2001,8,August,2,3,Thursday,3
580,581,2001-08-03,2001,8,August,3,3,Friday,4
581,582,2001-08-04,2001,8,August,4,3,Saturday,5
582,583,2001-08-05,2001,8,August,5,3,Sunday,6
583,584,2001-08-06,2001,8,August,6,3,Monday,0
584,585,2001-08-07,2001,8,August,7,3,Tuesday,1
585,586,2001-08-08,2001,8,August,8,3,Wednesday,2
586,587,2001-08-09,2001,8,August,9,3,Thursday,3
587,588,2001-08-10,2001,8,August,10,3,Friday,4
588,589,2001-08-11,2001,8,August,11,3,Saturday,5
589,590,2001-08-12,2001,8,August,12,3,Sunday,6
590,591,2001-08-13,2001,8,August,13,3,Monday,0
591,592,2001-08-14,2001,8,August,14,3,Tuesday,1
592,593,2001-08-15,2001,8,August,15,3,Wednesday,2
593,594,2001-08-16,2001,8,August,16,3,Thursday,3
594,595,2001-08-17,2001,8,August,17,3,Friday,4
595,596,2001-08-18,2001,8,August,18,3,Saturday,5
596,597,2001-08-19,2001,8,August,19,3,Sunday,6
597,598,2001-08-20,2001,8,August,20,3,Monday,0
598,599,2001-08-21,2001,8,August,21,3,Tuesday,1
599,600,2001-08-22,2001,8,August,22,3,Wednesday,2
600,601,2001-08-23,2001,8,August,23,3,Thursday,3
601,602,2001-08-24,2001,8,August,24,3,Friday,4
602,603,2001-08-25,2001,8,August,25,3,Saturday,5
603,604,2001-08-26,2001,8,August,26,3,Sunday,6
604,605,2001-08-27,2001,8,August,27,3,Monday,0
605,606,2001-08-28,2001,8,August,28,3,Tuesday,1
606,607,2001-08-29,2001,8,August,29,3,Wednesday,2
607,608,2001-08-30,2001,8,August,30,3,Thursday,3
608,609,2001-08-31,2001,8,August,31,3,Friday,4
609,610,2001-09-01,2001,9,September,1,3,Saturday,5
610,611,2001-09-02,2001,9,September,2,3,Sunday,6
611,612,2001-09-03,2001,9,September,3,3,Monday,0
612,613,2001-09-04,2001,9,September,4,3,Tuesday,1
613,614,2001-09-05,2001,9,September,5,3,Wednesday,2
614,615,2001-09-06,2001,9,September,6,3,Thursday,3
615,616,2001-09-07,2001,9,September,7,3,Friday,4
616,617,2001-09-08,2001,9,September,8,3,Saturday,5
617,618,2001-09-09,2001,9,September,9,3,Sunday,6
618,619,2001-09-10,2001,9,September,10,3,Monday,0
619,620,2001-09-11,2001,9,September,11,3,Tuesday,1
620,621,2001-09-12,2001,9,September,12,3,Wednesday,2
621,622,2001-09-13,2001,9,September,13,3,Thursday,3
622,623,2001-09-14,2001,9,September,14,3,Friday,4
623,624,2001-09-15,2001,9,September,15,3,Saturday,5
624,625,2001-09-16,2001,9,September,16,3,Sunday,6
625,626,2001-09-17,2001,9,September,17,3,Monday,0
626,627,2001-09-18,2001,9,September,18,3,Tuesday,1
627,628,2001-09-19,2001,9,September,19,3,Wednesday,2
628,629,2001-09-20,2001,9,September,20,3,Thursday,3
629,630,2001-09-21,2001,9,September,21,3,Friday,4
630,631,2001-09-22,2001,9,September,22,3,Saturday,5
631,632,2001-09-23,2001,9,September,23,3,Sunday,6
632,633,2001-09-24,2001,9,September,24,3,Monday,0
633,634,2001-09-25,2001,9,September,25,3,Tuesday,1
634,635,2001-09-26,2001,9,September,26,3,Wednesday,2
635,636,2001-09-27,2001,9,September,27,3,Thursday,3
636,637,2001-09-28,2001,9,September,28,3,Friday,4
637,638,2001-09-29,2001,9,September,29,3,Saturday,5
638,639,2001-09-30,2001,9,September,30,3,Sunday,6
639,640,2001-10-01,2001,10,October,1,4,Monday,0
640,641,2001-10-02,2001,10,October,2,4,Tuesday,1
641,642,2001-10-03,2001,10,October,3,4,Wednesday,2
642,643,2001-10-04,2001,10,October,4,4,Thursday,3
643,644,2001-10-05,2001,10,October,5,4,Friday,4
644,645,2001-10-06,2001,10,October,6,4,Saturday,5
645,646,2001-10-07,2001,10,October,7,4,Sunday,6
646,647,2001-10-08,2001,10,October,8,4,Monday,0
647,648,2001-10-09,2001,10,October,9,4,Tuesday,1
648,649,2001-10-10,2001,10,October,10,4,Wednesday,2
649,650,2001-10-11,2001,10,October,11,4,Thursday,3
650,651,2001-10-12,2001,10,October,12,4,Friday,4
651,652,2001-10-13,2001,10,October,13,4,Saturday,5
652,653,2001-10-14,2001,10,October,14,4,Sunday,6
653,654,2001-10-15,2001,10,October,15,4,Monday,0
654,655,2001-10-16,2001,10,October,16,4,Tuesday,1
655,656,2001-10-17,2001,10,October,17,4,Wednesday,2
656,657,2001-10-18,2001,10,October,18,4,Thursday,3
657,658,2001-10-19,2001,10,October,19,4,Friday,4
658,659,2001-10-20,2001,10,October,20,4,Saturday,5
659,660,2001-10-21,2001,10,October,21,4,Sunday,6
660,661,2001-10-22,2001,10,October,22,4,Monday,0
661,662,2001-10-23,2001,10,October,23,4,Tuesday,1
662,663,2001-10-24,2001,10,October,24,4,Wednesday,2
663,664,2001-10-25,2001,10,October,25,4,Thursday,3
664,665,2001-10-26,2001,10,October,26,4,Friday,4
665,666,2001-10-27,2001,10,October,27,4,Saturday,5
666,667,2001-10-28,2001,10,October,28,4,Sunday,6
667,668,2001-10-29,2001,10,October,29,4,Monday,0
668,669,2001-10-30,2001,10,October,30,4,Tuesday,1
669,670,2001-10-31,2001,10,October,31,4,Wednesday,2
670,671,2001-11-01,2001,11,November,1,4,Thursday,3
671,672,2001-11-02,2001,11,November,2,4,Friday,4
672,673,2001-11-03,2001,11,November,3,4,Saturday,5
673,674,2001-11-04,2001,11,November,4,4,Sunday,6
674,675,2001-11-05,2001,11,November,5,4,Monday,0
675,676,2001-11-06,2001,11,November,6,4,Tuesday,1
676,677,2001-11-07,2001,11,November,7,4,Wednesday,2
677,678,2001-11-08,2001,11,November,8,4,Thursday,3
678,679,2001-11-09,2001,11,November,9,4,Friday,4
679,680,2001-11-10,2001,11,November,10,4,Saturday,5
680,681,2001-11-11,2001,11,November,11,4,Sunday,6
681,682,2001-11-12,2001,11,November,12,4,Monday,0
682,683,2001-11-13,2001,11,November,13,4,Tuesday,1
683,684,2001-11-14,2001,11,November,14,4,Wednesday,2
684,685,2001-11-15,2001,11,November,15,4,Thursday,3
685,686,2001-11-16,2001,11,November,16,4,Friday,4
686,687,2001-11-17,2001,11,November,17,4,Saturday,5
687,688,2001-11-18,2001,11,November,18,4,Sunday,6
688,689,2001-11-19,2001,11,November,19,4,Monday,0
689,690,2001-11-20,2001,11,November,20,4,Tuesday,1
690,691,2001-11-21,2001,11,November,21,4,Wednesday,2
691,692,2001-11-22,2001,11,November,22,4,Thursday,3
692,693,2001-11-23,2001,11,November,23,4,Friday,4
693,694,2001-11-24,2001,11,November,24,4,Saturday,5
694,695,2001-11-25,2001,11,November,25,4,Sunday,6
695,696,2001-11-26,2001,11,November,26,4,Monday,0
696,697,2001-11-27,2001,11,November,27,4,Tuesday,1
697,698,2001-11-28,2001,11,November,28,4,Wednesday,2
698,699,2001-11-29,2001,11,November,29,4,Thursday,3
699,700,2001-11-30,2001,11,November,30,4,Friday,4
700,701,2001-12-01,2001,12,December,1,4,Saturday,5
701,702,2001-12-02,2001,12,December,2,4,Sunday,6
702,703,2001-12-03,2001,12,December,3,4,Monday,0
703,704,2001-12-04,2001,12,December,4,4,Tuesday,1
704,705,2001-12-05,2001,12,December,5,4,Wednesday,2
705,706,2001-12-06,2001,12,December,6,4,Thursday,3
706,707,2001-12-07,2001,12,December,7,4,Friday,4
707,708,2001-12-08,2001,12,December,8,4,Saturday,5
708,709,2001-12-09,2001,12,December,9,4,Sunday,6
709,710,2001-12-10,2001,12,December,10,4,Monday,0
710,711,2001-12-11,2001,12,December,11,4,Tuesday,1
711,712,2001-12-12,2001,12,December,12,4,Wednesday,2
712,713,2001-12-13,2001,12,December,13,4,Thursday,3
713,714,2001-12-14,2001,12,December,14,4,Friday,4
714,715,2001-12-15,2001,12,December,15,4,Saturday,5
715,716,2001-12-16,2001,12,December,16,4,Sunday,6
716,717,2001-12-17,2001,12,December,17,4,Monday,0
717,718,2001-12-18,2001,12,December,18,4,Tuesday,1
718,719,2001-12-19,2001,12,December,19,4,Wednesday,2
719,720,2001-12-20,2001,12,December,20,4,Thursday,3
720,721,2001-12-21,2001,12,December,21,4,Friday,4
721,722,2001-12-22,2001,12,December,22,4,Saturday,5
722,723,2001-12-23,2001,12,December,23,4,Sunday,6
723,724,2001-12-24,2001,12,December,24,4,Monday,0
724,725,2001-12-25,2001,12,December,25,4,Tuesday,1
725,726,2001-12-26,2001,12,December,26,4,Wednesday,2
726,727,2001-12-27,2001,12,December,27,4,Thursday,3
727,728,2001-12-28,2001,12,December,28,4,Friday,4
728,729,2001-12-29,2001,12,December,29,4,Saturday,5
729,730,2001-12-30,2001,12,December,30,4,Sunday,6
730,731,2001-12-31,2001,12,December,31,4,Monday,0
731,732,2002-01-01,2002,1,January,1,1,Tuesday,1
732,733,2002-01-02,2002,1,January,2,1,Wednesday,2
733,734,2002-01-03,2002,1,January,3,1,Thursday,3
734,735,2002-01-04,2002,1,January,4,1,Friday,4
735,736,2002-01-05,2002,1,January,5,1,Saturday,5
736,737,2002-01-06,2002,1,January,6,1,Sunday,6
737,738,2002-01-07,2002,1,January,7,1,Monday,0
738,739,2002-01-08,2002,1,January,8,1,Tuesday,1
739,740,2002-01-09,2002,1,January,9,1,Wednesday,2
740,741,2002-01-10,2002,1,January,10,1,Thursday,3
741,742,2002-01-11,2002,1,January,11,1,Friday,4
742,743,2002-01-12,2002,1,January,12,1,Saturday,5
743,744,2002-01-13,2002,1,January,13,1,Sunday,6
744,745,2002-01-14,2002,1,January,14,1,Monday,0
745,746,2002-01-15,2002,1,January,15,1,Tuesday,1
746,747,2002-01-16,2002,1,January,16,1,Wednesday,2
747,748,2002-01-17,2002,1,January,17,1,Thursday,3
748,749,2002-01-18,2002,1,January,18,1,Friday,4
749,750,2002-01-19,2002,1,January,19,1,Saturday,5
750,751,2002-01-20,2002,1,January,20,1,Sunday,6
751,752,2002-01-21,2002,1,January,21,1,Monday,0
752,753,2002-01-22,2002,1,January,22,1,Tuesday,1
753,754,2002-01-23,2002,1,January,23,1,Wednesday,2
754,755,2002-01-24,2002,1,January,24,1,Thursday,3
755,756,2002-01-25,2002,1,January,25,1,Friday,4
756,757,2002-01-26,2002,1,January,26,1,Saturday,5
757,758,2002-01-27,2002,1,January,27,1,Sunday,6
758,759,2002-01-28,2002,1,January,28,1,Monday,0
759,760,2002-01-29,2002,1,January,29,1,Tuesday,1
760,761,2002-01-30,2002,1,January,30,1,Wednesday,2
761,762,2002-01-31,2002,1,January,31,1,Thursday,3
762,763,2002-02-01,2002,2,February,1,1,Friday,4
763,764,2002-02-02,2002,2,February,2,1,Saturday,5
764,765,2002-02-03,2002,2,February,3,1,Sunday,6
765,766,2002-02-04,2002,2,February,4,1,Monday,0
766,767,2002-02-05,2002,2,February,5,1,Tuesday,1
767,768,2002-02-06,2002,2,February,6,1,Wednesday,2
768,769,2002-02-07,2002,2,February,7,1,Thursday,3
769,770,2002-02-08,2002,2,February,8,1,Friday,4
770,771,2002-02-09,2002,2,February,9,1,Saturday,5
771,772,2002-02-10,2002,2,February,10,1,Sunday,6
772,773,2002-02-11,2002,2,February,11,1,Monday,0
773,774,2002-02-12,2002,2,February,12,1,Tuesday,1
774,775,2002-02-13,2002,2,February,13,1,Wednesday,2
775,776,2002-02-14,2002,2,February,14,1,Thursday,3
776,777,2002-02-15,2002,2,February,15,1,Friday,4
777,778,2002-02-16,2002,2,February,16,1,Saturday,5
778,779,2002-02-17,2002,2,February,17,1,Sunday,6
779,780,2002-02-18,2002,2,February,18,1,Monday,0
780,781,2002-02-19,2002,2,February,19,1,Tuesday,1
781,782,2002-02-20,2002,2,February,20,1,Wednesday,2
782,783,2002-02-21,2002,2,February,21,1,Thursday,3
783,784,2002-02-22,2002,2,February,22,1,Friday,4
784,785,2002-02-23,2002,2,February,23,1,Saturday,5
785,786,2002-02-24,2002,2,February,24,1,Sunday,6
786,787,2002-02-25,2002,2,February,25,1,Monday,0
787,788,2002-02-26,2002,2,February,26,1,Tuesday,1
788,789,2002-02-27,2002,2,February,27,1,Wednesday,2
789,790,2002-02-28,2002,2,February,28,1,Thursday,3
790,791,2002-03-01,2002,3,March,1,1,Friday,4
791,792,2002-03-02,2002,3,March,2,1,Saturday,5
792,793,2002-03-03,2002,3,March,3,1,Sunday,6
793,794,2002-03-04,2002,3,March,4,1,Monday,0
794,795,2002-03-05,2002,3,March,5,1,Tuesday,1
795,796,2002-03-06,2002,3,March,6,1,Wednesday,2
796,797,2002-03-07,2002,3,March,7,1,Thursday,3
797,798,2002-03-08,2002,3,March,8,1,Friday,4
798,799,2002-03-09,2002,3,March,9,1,Saturday,5
799,800,2002-03-10,2002,3,March,10,1,Sunday,6
800,801,2002-03-11,2002,3,March,11,1,Monday,0
801,802,2002-03-12,2002,3,March,12,1,Tuesday,1
802,803,2002-03-13,2002,3,March,13,1,Wednesday,2
803,804,2002-03-14,2002,3,March,14,1,Thursday,3
804,805,2002-03-15,2002,3,March,15,1,Friday,4
805,806,2002-03-16,2002,3,March,16,1,Saturday,5
806,807,2002-03-17,2002,3,March,17,1,Sunday,6
807,808,2002-03-18,2002,3,March,18,1,Monday,0
808,809,2002-03-19,2002,3,March,19,1,Tuesday,1
809,810,2002-03-20,2002,3,March,20,1,Wednesday,2
810,811,2002-03-21,2002,3,March,21,1,Thursday,3
811,812,2002-03-22,2002,3,March,22,1,Friday,4
812,813,2002-03-23,2002,3,March,23,1,Saturday,5
813,814,2002-03-24,2002,3,March,24,1,Sunday,6
814,815,2002-03-25,2002,3,March,25,1,Monday,0
815,816,2002-03-26,2002,3,March,26,1,Tuesday,1
816,817,2002-03-27,2002,3,March,27,1,Wednesday,2
817,818,2002-03-28,2002,3,March,28,1,Thursday,3
818,819,2002-03-29,2002,3,March,29,1,Friday,4
819,820,2002-03-30,2002,3,March,30,1,Saturday,5
820,821,2002-03-31,2002,3,March,31,1,Sunday,6
821,822,2002-04-01,2002,4,April,1,2,Monday,0
822,823,2002-04-02,2002,4,April,2,2,Tuesday,1
823,824,2002-04-03,2002,4,April,3,2,Wednesday,2
824,825,2002-04-04,2002,4,April,4,2,Thursday,3
825,826,2002-04-05,2002,4,April,5,2,Friday,4
826,827,2002-04-06,2002,4,April,6,2,Saturday,5
827,828,2002-04-07,2002,4,April,7,2,Sunday,6
828,829,2002-04-08,2002,4,April,8,2,Monday,0
829,830,2002-04-09,2002,4,April,9,2,Tuesday,1
830,831,2002-04-10,2002,4,April,10,2,Wednesday,2
831,832,2002-04-11,2002,4,April,11,2,Thursday,3
832,833,2002-04-12,2002,4,April,12,2,Friday,4
833,834,2002-04-13,2002,4,April,13,2,Saturday,5
834,835,2002-04-14,2002,4,April,14,2,Sunday,6
835,836,2002-04-15,2002,4,April,15,2,Monday,0
836,837,2002-04-16,2002,4,April,16,2,Tuesday,1
837,838,2002-04-17,2002,4,April,17,2,Wednesday,2
838,839,2002-04-18,2002,4,April,18,2,Thursday,3
839,840,2002-04-19,2002,4,April,19,2,Friday,4
840,841,2002-04-20,2002,4,April,20,2,Saturday,5
841,842,2002-04-21,2002,4,April,21,2,Sunday,6
842,843,2002-04-22,2002,4,April,22,2,Monday,0
843,844,2002-04-23,2002,4,April,23,2,Tuesday,1
844,845,2002-04-24,2002,4,April,24,2,Wednesday,2
845,846,2002-04-25,2002,4,April,25,2,Thursday,3
846,847,2002-04-26,2002,4,April,26,2,Friday,4
847,848,2002-04-27,2002,4,April,27,2,Saturday,5
848,849,2002-04-28,2002,4,April,28,2,Sunday,6
849,850,2002-04-29,2002,4,April,29,2,Monday,0
850,851,2002-04-30,2002,4,April,30,2,Tuesday,1
851,852,2002-05-01,2002,5,May,1,2,Wednesday,2
852,853,2002-05-02,2002,5,May,2,2,Thursday,3
853,854,2002-05-03,2002,5,May,3,2,Friday,4
854,855,2002-05-04,2002,5,May,4,2,Saturday,5
855,856,2002-05-05,2002,5,May,5,2,Sunday,6
856,857,2002-05-06,2002,5,May,6,2,Monday,0
857,858,2002-05-07,2002,5,May,7,2,Tuesday,1
858,859,2002-05-08,2002,5,May,8,2,Wednesday,2
859,860,2002-05-09,2002,5,May,9,2,Thursday,3
860,861,2002-05-10,2002,5,May,10,2,Friday,4
861,862,2002-05-11,2002,5,May,11,2,Saturday,5
862,863,2002-05-12,2002,5,May,12,2,Sunday,6
863,864,2002-05-13,2002,5,May,13,2,Monday,0
864,865,2002-05-14,2002,5,May,14,2,Tuesday,1
865,866,2002-05-15,2002,5,May,15,2,Wednesday,2
866,867,2002-05-16,2002,5,May,16,2,Thursday,3
867,868,2002-05-17,2002,5,May,17,2,Friday,4
868,869,2002-05-18,2002,5,May,18,2,Saturday,5
869,870,2002-05-19,2002,5,May,19,2,Sunday,6
870,871,2002-05-20,2002,5,May,20,2,Monday,0
871,872,2002-05-21,2002,5,May,21,2,Tuesday,1
872,873,2002-05-22,2002,5,May,22,2,Wednesday,2
873,874,2002-05-23,2002,5,May,23,2,Thursday,3
874,875,2002-05-24,2002,5,May,24,2,Friday,4
875,876,2002-05-25,2002,5,May,25,2,Saturday,5
876,877,2002-05-26,2002,5,May,26,2,Sunday,6
877,878,2002-05-27,2002,5,May,27,2,Monday,0
878,879,2002-05-28,2002,5,May,28,2,Tuesday,1
879,880,2002-05-29,2002,5,May,29,2,Wednesday,2
880,881,2002-05-30,2002,5,May,30,2,Thursday,3
881,882,2002-05-31,2002,5,May,31,2,Friday,4
882,883,2002-06-01,2002,6,June,1,2,Saturday,5
883,884,2002-06-02,2002,6,June,2,2,Sunday,6
884,885,2002-06-03,2002,6,June,3,2,Monday,0
885,886,2002-06-04,2002,6,June,4,2,Tuesday,1
886,887,2002-06-05,2002,6,June,5,2,Wednesday,2
887,888,2002-06-06,2002,6,June,6,2,Thursday,3
888,889,2002-06-07,2002,6,June,7,2,Friday,4
889,890,2002-06-08,2002,6,June,8,2,Saturday,5
890,891,2002-06-09,2002,6,June,9,2,Sunday,6
891,892,2002-06-10,2002,6,June,10,2,Monday,0
892,893,2002-06-11,2002,6,June,11,2,Tuesday,1
893,894,2002-06-12,2002,6,June,12,2,Wednesday,2
894,895,2002-06-13,2002,6,June,13,2,Thursday,3
895,896,2002-06-14,2002,6,June,14,2,Friday,4
896,897,2002-06-15,2002,6,June,15,2,Saturday,5
897,898,2002-06-16,2002,6,June,16,2,Sunday,6
898,899,2002-06-17,2002,6,June,17,2,Monday,0
899,900,2002-06-18,2002,6,June,18,2,Tuesday,1
900,901,2002-06-19,2002,6,June,19,2,Wednesday,2
901,902,2002-06-20,2002,6,June,20,2,Thursday,3
902,903,2002-06-21,2002,6,June,21,2,Friday,4
903,904,2002-06-22,2002,6,June,22,2,Saturday,5
904,905,2002-06-23,2002,6,June,23,2,Sunday,6
905,906,2002-06-24,2002,6,June,24,2,Monday,0
906,907,2002-06-25,2002,6,June,25,2,Tuesday,1
907,908,2002-06-26,2002,6,June,26,2,Wednesday,2
908,909,2002-06-27,2002,6,June,27,2,Thursday,3
909,910,2002-06-28,2002,6,June,28,2,Friday,4
910,911,2002-06-29,2002,6,June,29,2,Saturday,5
911,912,2002-06-30,2002,6,June,30,2,Sunday,6
912,913,2002-07-01,2002,7,July,1,3,Monday,0
913,914,2002-07-02,2002,7,July,2,3,Tuesday,1
914,915,2002-07-03,2002,7,July,3,3,Wednesday,2
915,916,2002-07-04,2002,7,July,4,3,Thursday,3
916,917,2002-07-05,2002,7,July,5,3,Friday,4
917,918,2002-07-06,2002,7,July,6,3,Saturday,5
918,919,2002-07-07,2002,7,July,7,3,Sunday,6
919,920,2002-07-08,2002,7,July,8,3,Monday,0
920,921,2002-07-09,2002,7,July,9,3,Tuesday,1
921,922,2002-07-10,2002,7,July,10,3,Wednesday,2
922,923,2002-07-11,2002,7,July,11,3,Thursday,3
923,924,2002-07-12,2002,7,July,12,3,Friday,4
924,925,2002-07-13,2002,7,July,13,3,Saturday,5
925,926,2002-07-14,2002,7,July,14,3,Sunday,6
926,927,2002-07-15,2002,7,July,15,3,Monday,0
927,928,2002-07-16,2002,7,July,16,3,Tuesday,1
928,929,2002-07-17,2002,7,July,17,3,Wednesday,2
929,930,2002-07-18,2002,7,July,18,3,Thursday,3
930,931,2002-07-19,2002,7,July,19,3,Friday,4
931,932,2002-07-20,2002,7,July,20,3,Saturday,5
932,933,2002-07-21,2002,7,July,21,3,Sunday,6
933,934,2002-07-22,2002,7,July,22,3,Monday,0
934,935,2002-07-23,2002,7,July,23,3,Tuesday,1
935,936,2002-07-24,2002,7,July,24,3,Wednesday,2
936,937,2002-07-25,2002,7,July,25,3,Thursday,3
937,938,2002-07-26,2002,7,July,26,3,Friday,4
938,939,2002-07-27,2002,7,July,27,3,Saturday,5
939,940,2002-07-28,2002,7,July,28,3,Sunday,6
940,941,2002-07-29,2002,7,July,29,3,Monday,0
941,942,2002-07-30,2002,7,July,30,3,Tuesday,1
942,943,2002-07-31,2002,7,July,31,3,Wednesday,2
943,944,2002-08-01,2002,8,August,1,3,Thursday,3
944,945,2002-08-02,2002,8,August,2,3,Friday,4
945,946,2002-08-03,2002,8,August,3,3,Saturday,5
946,947,2002-08-04,2002,8,August,4,3,Sunday,6
947,948,2002-08-05,2002,8,August,5,3,Monday,0
948,949,2002-08-06,2002,8,August,6,3,Tuesday,1
949,950,2002-08-07,2002,8,August,7,3,Wednesday,2
950,951,2002-08-08,2002,8,August,8,3,Thursday,3
951,952,2002-08-09,2002,8,August,9,3,Friday,4
952,953,2002-08-10,2002,8,August,10,3,Saturday,5
953,954,2002-08-11,2002,8,August,11,3,Sunday,6
954,955,2002-08-12,2002,8,August,12,3,Monday,0
955,956,2002-08-13,2002,8,August,13,3,Tuesday,1
956,957,2002-08-14,2002,8,August,14,3,Wednesday,2
957,958,2002-08-15,2002,8,August,15,3,Thursday,3
958,959,2002-08-16,2002,8,August,16,3,Friday,4
959,960,2002-08-17,2002,8,August,17,3,Saturday,5
960,961,2002-08-18,2002,8,August,18,3,Sunday,6
961,962,2002-08-19,2002,8,August,19,3,Monday,0
962,963,2002-08-20,2002,8,August,20,3,Tuesday,1
963,964,2002-08-21,2002,8,August,21,3,Wednesday,2
964,965,2002-08-22,2002,8,August,22,3,Thursday,3
965,966,2002-08-23,2002,8,August,23,3,Friday,4
966,967,2002-08-24,2002,8,August,24,3,Saturday,5
967,968,2002-08-25,2002,8,August,25,3,Sunday,6
968,969,2002-08-26,2002,8,August,26,3,Monday,0
969,970,2002-08-27,2002,8,August,27,3,Tuesday,1
970,971,2002-08-28,2002,8,August,28,3,Wednesday,2
971,972,2002-08-29,2002,8,August,29,3,Thursday,3
972,973,2002-08-30,2002,8,August,30,3,Friday,4
973,974,2002-08-31,2002,8,August,31,3,Saturday,5
974,975,2002-09-01,2002,9,September,1,3,Sunday,6
975,976,2002-09-02,2002,9,September,2,3,Monday,0
976,977,2002-09-03,2002,9,September,3,3,Tuesday,1
977,978,2002-09-04,2002,9,September,4,3,Wednesday,2
978,979,2002-09-05,2002,9,September,5,3,Thursday,3
979,980,2002-09-06,2002,9,September,6,3,Friday,4
980,981,2002-09-07,2002,9,September,7,3,Saturday,5
981,982,2002-09-08,2002,9,September,8,3,Sunday,6
982,983,2002-09-09,2002,9,September,9,3,Monday,0
983,984,2002-09-10,2002,9,September,10,3,Tuesday,1
984,985,2002-09-11,2002,9,September,11,3,Wednesday,2
985,986,2002-09-12,2002,9,September,12,3,Thursday,3
986,987,2002-09-13,2002,9,September,13,3,Friday,4
987,988,2002-09-14,2002,9,September,14,3,Saturday,5
988,989,2002-09-15,2002,9,September,15,3,Sunday,6
989,990,2002-09-16,2002,9,September,16,3,Monday,0
990,991,2002-09-17,2002,9,September,17,3,Tuesday,1
991,992,2002-09-18,2002,9,September,18,3,Wednesday,2
992,993,2002-09-19,2002,9,September,19,3,Thursday,3
993,994,2002-09-20,2002,9,September,20,3,Friday,4
994,995,2002-09-21,2002,9,September,21,3,Saturday,5
995,996,2002-09-22,2002,9,September,22,3,Sunday,6
996,997,2002-09-23,2002,9,September,23,3,Monday,0
997,998,2002-09-24,2002,9,September,24,3,Tuesday,1
998,999,2002-09-25,2002,9,September,25,3,Wednesday,2
999,1000,2002-09-26,2002,9,September,26,3,Thursday,3
1000,1001,2002-09-27,2002,9,September,27,3,Friday,4
1001,1002,2002-09-28,2002,9,September,28,3,Saturday,5
1002,1003,2002-09-29,2002,9,September,29,3,Sunday,6
1003,1004,2002-09-30,2002,9,September,30,3,Monday,0
1004,1005,2002-10-01,2002,10,October,1,4,Tuesday,1
1005,1006,2002-10-02,2002,10,October,2,4,Wednesday,2
1006,1007,2002-10-03,2002,10,October,3,4,Thursday,3
1007,1008,2002-10-04,2002,10,October,4,4,Friday,4
1008,1009,2002-10-05,2002,10,October,5,4,Saturday,5
1009,1010,2002-10-06,2002,10,October,6,4,Sunday,6
1010,1011,2002-10-07,2002,10,October,7,4,Monday,0
1011,1012,2002-10-08,2002,10,October,8,4,Tuesday,1
1012,1013,2002-10-09,2002,10,October,9,4,Wednesday,2
1013,1014,2002-10-10,2002,10,October,10,4,Thursday,3
1014,1015,2002-10-11,2002,10,October,11,4,Friday,4
1015,1016,2002-10-12,2002,10,October,12,4,Saturday,5
1016,1017,2002-10-13,2002,10,October,13,4,Sunday,6
1017,1018,2002-10-14,2002,10,October,14,4,Monday,0
1018,1019,2002-10-15,2002,10,October,15,4,Tuesday,1
1019,1020,2002-10-16,2002,10,October,16,4,Wednesday,2
1020,1021,2002-10-17,2002,10,October,17,4,Thursday,3
1021,1022,2002-10-18,2002,10,October,18,4,Friday,4
1022,1023,2002-10-19,2002,10,October,19,4,Saturday,5
1023,1024,2002-10-20,2002,10,October,20,4,Sunday,6
1024,1025,2002-10-21,2002,10,October,21,4,Monday,0
1025,1026,2002-10-22,2002,10,October,22,4,Tuesday,1
1026,1027,2002-10-23,2002,10,October,23,4,Wednesday,2
1027,1028,2002-10-24,2002,10,October,24,4,Thursday,3
1028,1029,2002-10-25,2002,10,October,25,4,Friday,4
1029,1030,2002-10-26,2002,10,October,26,4,Saturday,5
1030,1031,2002-10-27,2002,10,October,27,4,Sunday,6
1031,1032,2002-10-28,2002,10,October,28,4,Monday,0
1032,1033,2002-10-29,2002,10,October,29,4,Tuesday,1
1033,1034,2002-10-30,2002,10,October,30,4,Wednesday,2
1034,1035,2002-10-31,2002,10,October,31,4,Thursday,3
1035,1036,2002-11-01,2002,11,November,1,4,Friday,4
1036,1037,2002-11-02,2002,11,November,2,4,Saturday,5
1037,1038,2002-11-03,2002,11,November,3,4,Sunday,6
1038,1039,2002-11-04,2002,11,November,4,4,Monday,0
1039,1040,2002-11-05,2002,11,November,5,4,Tuesday,1
1040,1041,2002-11-06,2002,11,November,6,4,Wednesday,2
1041,1042,2002-11-07,2002,11,November,7,4,Thursday,3
1042,1043,2002-11-08,2002,11,November,8,4,Friday,4
1043,1044,2002-11-09,2002,11,November,9,4,Saturday,5
1044,1045,2002-11-10,2002,11,November,10,4,Sunday,6
1045,1046,2002-11-11,2002,11,November,11,4,Monday,0
1046,1047,2002-11-12,2002,11,November,12,4,Tuesday,1
1047,1048,2002-11-13,2002,11,November,13,4,Wednesday,2
1048,1049,2002-11-14,2002,11,November,14,4,Thursday,3
1049,1050,2002-11-15,2002,11,November,15,4,Friday,4
1050,1051,2002-11-16,2002,11,November,16,4,Saturday,5
1051,1052,2002-11-17,2002,11,November,17,4,Sunday,6
1052,1053,2002-11-18,2002,11,November,18,4,Monday,0
1053,1054,2002-11-19,2002,11,November,19,4,Tuesday,1
1054,1055,2002-11-20,2002,11,November,20,4,Wednesday,2
1055,1056,2002-11-21,2002,11,November,21,4,Thursday,3
1056,1057,2002-11-22,2002,11,November,22,4,Friday,4
1057,1058,2002-11-23,2002,11,November,23,4,Saturday,5
1058,1059,2002-11-24,2002,11,November,24,4,Sunday,6
1059,1060,2002-11-25,2002,11,November,25,4,Monday,0
1060,1061,2002-11-26,2002,11,November,26,4,Tuesday,1
1061,1062,2002-11-27,2002,11,November,27,4,Wednesday,2
1062,1063,2002-11-28,2002,11,November,28,4,Thursday,3
1063,1064,2002-11-29,2002,11,November,29,4,Friday,4
1064,1065,2002-11-30,2002,11,November,30,4,Saturday,5
1065,1066,2002-12-01,2002,12,December,1,4,Sunday,6
1066,1067,2002-12-02,2002,12,December,2,4,Monday,0
1067,1068,2002-12-03,2002,12,December,3,4,Tuesday,1
1068,1069,2002-12-04,2002,12,December,4,4,Wednesday,2
1069,1070,2002-12-05,2002,12,December,5,4,Thursday,3
1070,1071,2002-12-06,2002,12,December,6,4,Friday,4
1071,1072,2002-12-07,2002,12,December,7,4,Saturday,5
1072,1073,2002-12-08,2002,12,December,8,4,Sunday,6
1073,1074,2002-12-09,2002,12,December,9,4,Monday,0
1074,1075,2002-12-10,2002,12,December,10,4,Tuesday,1
1075,1076,2002-12-11,2002,12,December,11,4,Wednesday,2
1076,1077,2002-12-12,2002,12,December,12,4,Thursday,3
1077,1078,2002-12-13,2002,12,December,13,4,Friday,4
1078,1079,2002-12-14,2002,12,December,14,4,Saturday,5
1079,1080,2002-12-15,2002,12,December,15,4,Sunday,6
1080,1081,2002-12-16,2002,12,December,16,4,Monday,0
1081,1082,2002-12-17,2002,12,December,17,4,Tuesday,1
1082,1083,2002-12-18,2002,12,December,18,4,Wednesday,2
1083,1084,2002-12-19,2002,12,December,19,4,Thursday,3
1084,1085,2002-12-20,2002,12,December,20,4,Friday,4
1085,1086,2002-12-21,2002,12,December,21,4,Saturday,5
1086,1087,2002-12-22,2002,12,December,22,4,Sunday,6
1087,1088,2002-12-23,2002,12,December,23,4,Monday,0
1088,1089,2002-12-24,2002,12,December,24,4,Tuesday,1
1089,1090,2002-12-25,2002,12,December,25,4,Wednesday,2
1090,1091,2002-12-26,2002,12,December,26,4,Thursday,3
1091,1092,2002-12-27,2002,12,December,27,4,Friday,4
1092,1093,2002-12-28,2002,12,December,28,4,Saturday,5
1093,1094,2002-12-29,2002,12,December,29,4,Sunday,6
1094,1095,2002-12-30,2002,12,December,30,4,Monday,0
1095,1096,2002-12-31,2002,12,December,31,4,Tuesday,1
1096,1097,2003-01-01,2003,1,January,1,1,Wednesday,2
1097,1098,2003-01-02,2003,1,January,2,1,Thursday,3
1098,1099,2003-01-03,2003,1,January,3,1,Friday,4
1099,1100,2003-01-04,2003,1,January,4,1,Saturday,5
1100,1101,2003-01-05,2003,1,January,5,1,Sunday,6
1101,1102,2003-01-06,2003,1,January,6,1,Monday,0
1102,1103,2003-01-07,2003,1,January,7,1,Tuesday,1
1103,1104,2003-01-08,2003,1,January,8,1,Wednesday,2
1104,1105,2003-01-09,2003,1,January,9,1,Thursday,3
1105,1106,2003-01-10,2003,1,January,10,1,Friday,4
1106,1107,2003-01-11,2003,1,January,11,1,Saturday,5
1107,1108,2003-01-12,2003,1,January,12,1,Sunday,6
1108,1109,2003-01-13,2003,1,January,13,1,Monday,0
1109,1110,2003-01-14,2003,1,January,14,1,Tuesday,1
1110,1111,2003-01-15,2003,1,January,15,1,Wednesday,2
1111,1112,2003-01-16,2003,1,January,16,1,Thursday,3
1112,1113,2003-01-17,2003,1,January,17,1,Friday,4
1113,1114,2003-01-18,2003,1,January,18,1,Saturday,5
1114,1115,2003-01-19,2003,1,January,19,1,Sunday,6
1115,1116,2003-01-20,2003,1,January,20,1,Monday,0
1116,1117,2003-01-21,2003,1,January,21,1,Tuesday,1
1117,1118,2003-01-22,2003,1,January,22,1,Wednesday,2
1118,1119,2003-01-23,2003,1,January,23,1,Thursday,3
1119,1120,2003-01-24,2003,1,January,24,1,Friday,4
1120,1121,2003-01-25,2003,1,January,25,1,Saturday,5
1121,1122,2003-01-26,2003,1,January,26,1,Sunday,6
1122,1123,2003-01-27,2003,1,January,27,1,Monday,0
1123,1124,2003-01-28,2003,1,January,28,1,Tuesday,1
1124,1125,2003-01-29,2003,1,January,29,1,Wednesday,2
1125,1126,2003-01-30,2003,1,January,30,1,Thursday,3
1126,1127,2003-01-31,2003,1,January,31,1,Friday,4
1127,1128,2003-02-01,2003,2,February,1,1,Saturday,5
1128,1129,2003-02-02,2003,2,February,2,1,Sunday,6
1129,1130,2003-02-03,2003,2,February,3,1,Monday,0
1130,1131,2003-02-04,2003,2,February,4,1,Tuesday,1
1131,1132,2003-02-05,2003,2,February,5,1,Wednesday,2
1132,1133,2003-02-06,2003,2,February,6,1,Thursday,3
1133,1134,2003-02-07,2003,2,February,7,1,Friday,4
1134,1135,2003-02-08,2003,2,February,8,1,Saturday,5
1135,1136,2003-02-09,2003,2,February,9,1,Sunday,6
1136,1137,2003-02-10,2003,2,February,10,1,Monday,0
1137,1138,2003-02-11,2003,2,February,11,1,Tuesday,1
1138,1139,2003-02-12,2003,2,February,12,1,Wednesday,2
1139,1140,2003-02-13,2003,2,February,13,1,Thursday,3
1140,1141,2003-02-14,2003,2,February,14,1,Friday,4
1141,1142,2003-02-15,2003,2,February,15,1,Saturday,5
1142,1143,2003-02-16,2003,2,February,16,1,Sunday,6
1143,1144,2003-02-17,2003,2,February,17,1,Monday,0
1144,1145,2003-02-18,2003,2,February,18,1,Tuesday,1
1145,1146,2003-02-19,2003,2,February,19,1,Wednesday,2
1146,1147,2003-02-20,2003,2,February,20,1,Thursday,3
1147,1148,2003-02-21,2003,2,February,21,1,Friday,4
1148,1149,2003-02-22,2003,2,February,22,1,Saturday,5
1149,1150,2003-02-23,2003,2,February,23,1,Sunday,6
1150,1151,2003-02-24,2003,2,February,24,1,Monday,0
1151,1152,2003-02-25,2003,2,February,25,1,Tuesday,1
1152,1153,2003-02-26,2003,2,February,26,1,Wednesday,2
1153,1154,2003-02-27,2003,2,February,27,1,Thursday,3
1154,1155,2003-02-28,2003,2,February,28,1,Friday,4
1155,1156,2003-03-01,2003,3,March,1,1,Saturday,5
1156,1157,2003-03-02,2003,3,March,2,1,Sunday,6
1157,1158,2003-03-03,2003,3,March,3,1,Monday,0
1158,1159,2003-03-04,2003,3,March,4,1,Tuesday,1
1159,1160,2003-03-05,2003,3,March,5,1,Wednesday,2
1160,1161,2003-03-06,2003,3,March,6,1,Thursday,3
1161,1162,2003-03-07,2003,3,March,7,1,Friday,4
1162,1163,2003-03-08,2003,3,March,8,1,Saturday,5
1163,1164,2003-03-09,2003,3,March,9,1,Sunday,6
1164,1165,2003-03-10,2003,3,March,10,1,Monday,0
1165,1166,2003-03-11,2003,3,March,11,1,Tuesday,1
1166,1167,2003-03-12,2003,3,March,12,1,Wednesday,2
1167,1168,2003-03-13,2003,3,March,13,1,Thursday,3
1168,1169,2003-03-14,2003,3,March,14,1,Friday,4
1169,1170,2003-03-15,2003,3,March,15,1,Saturday,5
1170,1171,2003-03-16,2003,3,March,16,1,Sunday,6
1171,1172,2003-03-17,2003,3,March,17,1,Monday,0
1172,1173,2003-03-18,2003,3,March,18,1,Tuesday,1
1173,1174,2003-03-19,2003,3,March,19,1,Wednesday,2
1174,1175,2003-03-20,2003,3,March,20,1,Thursday,3
1175,1176,2003-03-21,2003,3,March,21,1,Friday,4
1176,1177,2003-03-22,2003,3,March,22,1,Saturday,5
1177,1178,2003-03-23,2003,3,March,23,1,Sunday,6
1178,1179,2003-03-24,2003,3,March,24,1,Monday,0
1179,1180,2003-03-25,2003,3,March,25,1,Tuesday,1
1180,1181,2003-03-26,2003,3,March,26,1,Wednesday,2
1181,1182,2003-03-27,2003,3,March,27,1,Thursday,3
1182,1183,2003-03-28,2003,3,March,28,1,Friday,4
1183,1184,2003-03-29,2003,3,March,29,1,Saturday,5
1184,1185,2003-03-30,2003,3,March,30,1,Sunday,6
1185,1186,2003-03-31,2003,3,March,31,1,Monday,0
1186,1187,2003-04-01,2003,4,April,1,2,Tuesday,1
1187,1188,2003-04-02,2003,4,April,2,2,Wednesday,2
1188,1189,2003-04-03,2003,4,April,3,2,Thursday,3
1189,1190,2003-04-04,2003,4,April,4,2,Friday,4
1190,1191,2003-04-05,2003,4,April,5,2,Saturday,5
1191,1192,2003-04-06,2003,4,April,6,2,Sunday,6
1192,1193,2003-04-07,2003,4,April,7,2,Monday,0
1193,1194,2003-04-08,2003,4,April,8,2,Tuesday,1
1194,1195,2003-04-09,2003,4,April,9,2,Wednesday,2
1195,1196,2003-04-10,2003,4,April,10,2,Thursday,3
1196,1197,2003-04-11,2003,4,April,11,2,Friday,4
1197,1198,2003-04-12,2003,4,April,12,2,Saturday,5
1198,1199,2003-04-13,2003,4,April,13,2,Sunday,6
1199,1200,2003-04-14,2003,4,April,14,2,Monday,0
1200,1201,2003-04-15,2003,4,April,15,2,Tuesday,1
1201,1202,2003-04-16,2003,4,April,16,2,Wednesday,2
1202,1203,2003-04-17,2003,4,April,17,2,Thursday,3
1203,1204,2003-04-18,2003,4,April,18,2,Friday,4
1204,1205,2003-04-19,2003,4,April,19,2,Saturday,5
1205,1206,2003-04-20,2003,4,April,20,2,Sunday,6
1206,1207,2003-04-21,2003,4,April,21,2,Monday,0
1207,1208,2003-04-22,2003,4,April,22,2,Tuesday,1
1208,1209,2003-04-23,2003,4,April,23,2,Wednesday,2
1209,1210,2003-04-24,2003,4,April,24,2,Thursday,3
1210,1211,2003-04-25,2003,4,April,25,2,Friday,4
1211,1212,2003-04-26,2003,4,April,26,2,Saturday,5
1212,1213,2003-04-27,2003,4,April,27,2,Sunday,6
1213,1214,2003-04-28,2003,4,April,28,2,Monday,0
1214,1215,2003-04-29,2003,4,April,29,2,Tuesday,1
1215,1216,2003-04-30,2003,4,April,30,2,Wednesday,2
1216,1217,2003-05-01,2003,5,May,1,2,Thursday,3
1217,1218,2003-05-02,2003,5,May,2,2,Friday,4
1218,1219,2003-05-03,2003,5,May,3,2,Saturday,5
1219,1220,2003-05-04,2003,5,May,4,2,Sunday,6
1220,1221,2003-05-05,2003,5,May,5,2,Monday,0
1221,1222,2003-05-06,2003,5,May,6,2,Tuesday,1
1222,1223,2003-05-07,2003,5,May,7,2,Wednesday,2
1223,1224,2003-05-08,2003,5,May,8,2,Thursday,3
1224,1225,2003-05-09,2003,5,May,9,2,Friday,4
1225,1226,2003-05-10,2003,5,May,10,2,Saturday,5
1226,1227,2003-05-11,2003,5,May,11,2,Sunday,6
1227,1228,2003-05-12,2003,5,May,12,2,Monday,0
1228,1229,2003-05-13,2003,5,May,13,2,Tuesday,1
1229,1230,2003-05-14,2003,5,May,14,2,Wednesday,2
1230,1231,2003-05-15,2003,5,May,15,2,Thursday,3
1231,1232,2003-05-16,2003,5,May,16,2,Friday,4
1232,1233,2003-05-17,2003,5,May,17,2,Saturday,5
1233,1234,2003-05-18,2003,5,May,18,2,Sunday,6
1234,1235,2003-05-19,2003,5,May,19,2,Monday,0
1235,1236,2003-05-20,2003,5,May,20,2,Tuesday,1
1236,1237,2003-05-21,2003,5,May,21,2,Wednesday,2
1237,1238,2003-05-22,2003,5,May,22,2,Thursday,3
1238,1239,2003-05-23,2003,5,May,23,2,Friday,4
1239,1240,2003-05-24,2003,5,May,24,2,Saturday,5
1240,1241,2003-05-25,2003,5,May,25,2,Sunday,6
1241,1242,2003-05-26,2003,5,May,26,2,Monday,0
1242,1243,2003-05-27,2003,5,May,27,2,Tuesday,1
1243,1244,2003-05-28,2003,5,May,28,2,Wednesday,2
1244,1245,2003-05-29,2003,5,May,29,2,Thursday,3
1245,1246,2003-05-30,2003,5,May,30,2,Friday,4
1246,1247,2003-05-31,2003,5,May,31,2,Saturday,5
1247,1248,2003-06-01,2003,6,June,1,2,Sunday,6
1248,1249,2003-06-02,2003,6,June,2,2,Monday,0
1249,1250,2003-06-03,2003,6,June,3,2,Tuesday,1
1250,1251,2003-06-04,2003,6,June,4,2,Wednesday,2
1251,1252,2003-06-05,2003,6,June,5,2,Thursday,3
1252,1253,2003-06-06,2003,6,June,6,2,Friday,4
1253,1254,2003-06-07,2003,6,June,7,2,Saturday,5
1254,1255,2003-06-08,2003,6,June,8,2,Sunday,6
1255,1256,2003-06-09,2003,6,June,9,2,Monday,0
1256,1257,2003-06-10,2003,6,June,10,2,Tuesday,1
1257,1258,2003-06-11,2003,6,June,11,2,Wednesday,2
1258,1259,2003-06-12,2003,6,June,12,2,Thursday,3
1259,1260,2003-06-13,2003,6,June,13,2,Friday,4
1260,1261,2003-06-14,2003,6,June,14,2,Saturday,5
1261,1262,2003-06-15,2003,6,June,15,2,Sunday,6
1262,1263,2003-06-16,2003,6,June,16,2,Monday,0
1263,1264,2003-06-17,2003,6,June,17,2,Tuesday,1
1264,1265,2003-06-18,2003,6,June,18,2,Wednesday,2
1265,1266,2003-06-19,2003,6,June,19,2,Thursday,3
1266,1267,2003-06-20,2003,6,June,20,2,Friday,4
1267,1268,2003-06-21,2003,6,June,21,2,Saturday,5
1268,1269,2003-06-22,2003,6,June,22,2,Sunday,6
1269,1270,2003-06-23,2003,6,June,23,2,Monday,0
1270,1271,2003-06-24,2003,6,June,24,2,Tuesday,1
1271,1272,2003-06-25,2003,6,June,25,2,Wednesday,2
1272,1273,2003-06-26,2003,6,June,26,2,Thursday,3
1273,1274,2003-06-27,2003,6,June,27,2,Friday,4
1274,1275,2003-06-28,2003,6,June,28,2,Saturday,5
1275,1276,2003-06-29,2003,6,June,29,2,Sunday,6
1276,1277,2003-06-30,2003,6,June,30,2,Monday,0
1277,1278,2003-07-01,2003,7,July,1,3,Tuesday,1
1278,1279,2003-07-02,2003,7,July,2,3,Wednesday,2
1279,1280,2003-07-03,2003,7,July,3,3,Thursday,3
1280,1281,2003-07-04,2003,7,July,4,3,Friday,4
1281,1282,2003-07-05,2003,7,July,5,3,Saturday,5
1282,1283,2003-07-06,2003,7,July,6,3,Sunday,6
1283,1284,2003-07-07,2003,7,July,7,3,Monday,0
1284,1285,2003-07-08,2003,7,July,8,3,Tuesday,1
1285,1286,2003-07-09,2003,7,July,9,3,Wednesday,2
1286,1287,2003-07-10,2003,7,July,10,3,Thursday,3
1287,1288,2003-07-11,2003,7,July,11,3,Friday,4
1288,1289,2003-07-12,2003,7,July,12,3,Saturday,5
1289,1290,2003-07-13,2003,7,July,13,3,Sunday,6
1290,1291,2003-07-14,2003,7,July,14,3,Monday,0
1291,1292,2003-07-15,2003,7,July,15,3,Tuesday,1
1292,1293,2003-07-16,2003,7,July,16,3,Wednesday,2
1293,1294,2003-07-17,2003,7,July,17,3,Thursday,3
1294,1295,2003-07-18,2003,7,July,18,3,Friday,4
1295,1296,2003-07-19,2003,7,July,19,3,Saturday,5
1296,1297,2003-07-20,2003,7,July,20,3,Sunday,6
1297,1298,2003-07-21,2003,7,July,21,3,Monday,0
1298,1299,2003-07-22,2003,7,July,22,3,Tuesday,1
1299,1300,2003-07-23,2003,7,July,23,3,Wednesday,2
1300,1301,2003-07-24,2003,7,July,24,3,Thursday,3
1301,1302,2003-07-25,2003,7,July,25,3,Friday,4
1302,1303,2003-07-26,2003,7,July,26,3,Saturday,5
1303,1304,2003-07-27,2003,7,July,27,3,Sunday,6
1304,1305,2003-07-28,2003,7,July,28,3,Monday,0
1305,1306,2003-07-29,2003,7,July,29,3,Tuesday,1
1306,1307,2003-07-30,2003,7,July,30,3,Wednesday,2
1307,1308,2003-07-31,2003,7,July,31,3,Thursday,3
1308,1309,2003-08-01,2003,8,August,1,3,Friday,4
1309,1310,2003-08-02,2003,8,August,2,3,Saturday,5
1310,1311,2003-08-03,2003,8,August,3,3,Sunday,6
1311,1312,2003-08-04,2003,8,August,4,3,Monday,0
1312,1313,2003-08-05,2003,8,August,5,3,Tuesday,1
1313,1314,2003-08-06,2003,8,August,6,3,Wednesday,2
1314,1315,2003-08-07,2003,8,August,7,3,Thursday,3
1315,1316,2003-08-08,2003,8,August,8,3,Friday,4
1316,1317,2003-08-09,2003,8,August,9,3,Saturday,5
1317,1318,2003-08-10,2003,8,August,10,3,Sunday,6
1318,1319,2003-08-11,2003,8,August,11,3,Monday,0
1319,1320,2003-08-12,2003,8,August,12,3,Tuesday,1
1320,1321,2003-08-13,2003,8,August,13,3,Wednesday,2
1321,1322,2003-08-14,2003,8,August,14,3,Thursday,3
1322,1323,2003-08-15,2003,8,August,15,3,Friday,4
1323,1324,2003-08-16,2003,8,August,16,3,Saturday,5
1324,1325,2003-08-17,2003,8,August,17,3,Sunday,6
1325,1326,2003-08-18,2003,8,August,18,3,Monday,0
1326,1327,2003-08-19,2003,8,August,19,3,Tuesday,1
1327,1328,2003-08-20,2003,8,August,20,3,Wednesday,2
1328,1329,2003-08-21,2003,8,August,21,3,Thursday,3
1329,1330,2003-08-22,2003,8,August,22,3,Friday,4
1330,1331,2003-08-23,2003,8,August,23,3,Saturday,5
1331,1332,2003-08-24,2003,8,August,24,3,Sunday,6
1332,1333,2003-08-25,2003,8,August,25,3,Monday,0
1333,1334,2003-08-26,2003,8,August,26,3,Tuesday,1
1334,1335,2003-08-27,2003,8,August,27,3,Wednesday,2
1335,1336,2003-08-28,2003,8,August,28,3,Thursday,3
1336,1337,2003-08-29,2003,8,August,29,3,Friday,4
1337,1338,2003-08-30,2003,8,August,30,3,Saturday,5
1338,1339,2003-08-31,2003,8,August,31,3,Sunday,6
1339,1340,2003-09-01,2003,9,September,1,3,Monday,0
1340,1341,2003-09-02,2003,9,September,2,3,Tuesday,1
1341,1342,2003-09-03,2003,9,September,3,3,Wednesday,2
1342,1343,2003-09-04,2003,9,September,4,3,Thursday,3
1343,1344,2003-09-05,2003,9,September,5,3,Friday,4
1344,1345,2003-09-06,2003,9,September,6,3,Saturday,5
1345,1346,2003-09-07,2003,9,September,7,3,Sunday,6
1346,1347,2003-09-08,2003,9,September,8,3,Monday,0
1347,1348,2003-09-09,2003,9,September,9,3,Tuesday,1
1348,1349,2003-09-10,2003,9,September,10,3,Wednesday,2
1349,1350,2003-09-11,2003,9,September,11,3,Thursday,3
1350,1351,2003-09-12,2003,9,September,12,3,Friday,4
1351,1352,2003-09-13,2003,9,September,13,3,Saturday,5
1352,1353,2003-09-14,2003,9,September,14,3,Sunday,6
1353,1354,2003-09-15,2003,9,September,15,3,Monday,0
1354,1355,2003-09-16,2003,9,September,16,3,Tuesday,1
1355,1356,2003-09-17,2003,9,September,17,3,Wednesday,2
1356,1357,2003-09-18,2003,9,September,18,3,Thursday,3
1357,1358,2003-09-19,2003,9,September,19,3,Friday,4
1358,1359,2003-09-20,2003,9,September,20,3,Saturday,5
1359,1360,2003-09-21,2003,9,September,21,3,Sunday,6
1360,1361,2003-09-22,2003,9,September,22,3,Monday,0
1361,1362,2003-09-23,2003,9,September,23,3,Tuesday,1
1362,1363,2003-09-24,2003,9,September,24,3,Wednesday,2
1363,1364,2003-09-25,2003,9,September,25,3,Thursday,3
1364,1365,2003-09-26,2003,9,September,26,3,Friday,4
1365,1366,2003-09-27,2003,9,September,27,3,Saturday,5
1366,1367,2003-09-28,2003,9,September,28,3,Sunday,6
1367,1368,2003-09-29,2003,9,September,29,3,Monday,0
1368,1369,2003-09-30,2003,9,September,30,3,Tuesday,1
1369,1370,2003-10-01,2003,10,October,1,4,Wednesday,2
1370,1371,2003-10-02,2003,10,October,2,4,Thursday,3
1371,1372,2003-10-03,2003,10,October,3,4,Friday,4
1372,1373,2003-10-04,2003,10,October,4,4,Saturday,5
1373,1374,2003-10-05,2003,10,October,5,4,Sunday,6
1374,1375,2003-10-06,2003,10,October,6,4,Monday,0
1375,1376,2003-10-07,2003,10,October,7,4,Tuesday,1
1376,1377,2003-10-08,2003,10,October,8,4,Wednesday,2
1377,1378,2003-10-09,2003,10,October,9,4,Thursday,3
1378,1379,2003-10-10,2003,10,October,10,4,Friday,4
1379,1380,2003-10-11,2003,10,October,11,4,Saturday,5
1380,1381,2003-10-12,2003,10,October,12,4,Sunday,6
1381,1382,2003-10-13,2003,10,October,13,4,Monday,0
1382,1383,2003-10-14,2003,10,October,14,4,Tuesday,1
1383,1384,2003-10-15,2003,10,October,15,4,Wednesday,2
1384,1385,2003-10-16,2003,10,October,16,4,Thursday,3
1385,1386,2003-10-17,2003,10,October,17,4,Friday,4
1386,1387,2003-10-18,2003,10,October,18,4,Saturday,5
1387,1388,2003-10-19,2003,10,October,19,4,Sunday,6
1388,1389,2003-10-20,2003,10,October,20,4,Monday,0
1389,1390,2003-10-21,2003,10,October,21,4,Tuesday,1
1390,1391,2003-10-22,2003,10,October,22,4,Wednesday,2
1391,1392,2003-10-23,2003,10,October,23,4,Thursday,3
1392,1393,2003-10-24,2003,10,October,24,4,Friday,4
1393,1394,2003-10-25,2003,10,October,25,4,Saturday,5
1394,1395,2003-10-26,2003,10,October,26,4,Sunday,6
1395,1396,2003-10-27,2003,10,October,27,4,Monday,0
1396,1397,2003-10-28,2003,10,October,28,4,Tuesday,1
1397,1398,2003-10-29,2003,10,October,29,4,Wednesday,2
1398,1399,2003-10-30,2003,10,October,30,4,Thursday,3
1399,1400,2003-10-31,2003,10,October,31,4,Friday,4
1400,1401,2003-11-01,2003,11,November,1,4,Saturday,5
1401,1402,2003-11-02,2003,11,November,2,4,Sunday,6
1402,1403,2003-11-03,2003,11,November,3,4,Monday,0
1403,1404,2003-11-04,2003,11,November,4,4,Tuesday,1
1404,1405,2003-11-05,2003,11,November,5,4,Wednesday,2
1405,1406,2003-11-06,2003,11,November,6,4,Thursday,3
1406,1407,2003-11-07,2003,11,November,7,4,Friday,4
1407,1408,2003-11-08,2003,11,November,8,4,Saturday,5
1408,1409,2003-11-09,2003,11,November,9,4,Sunday,6
1409,1410,2003-11-10,2003,11,November,10,4,Monday,0
1410,1411,2003-11-11,2003,11,November,11,4,Tuesday,1
1411,1412,2003-11-12,2003,11,November,12,4,Wednesday,2
1412,1413,2003-11-13,2003,11,November,13,4,Thursday,3
1413,1414,2003-11-14,2003,11,November,14,4,Friday,4
1414,1415,2003-11-15,2003,11,November,15,4,Saturday,5
1415,1416,2003-11-16,2003,11,November,16,4,Sunday,6
1416,1417,2003-11-17,2003,11,November,17,4,Monday,0
1417,1418,2003-11-18,2003,11,November,18,4,Tuesday,1
1418,1419,2003-11-19,2003,11,November,19,4,Wednesday,2
1419,1420,2003-11-20,2003,11,November,20,4,Thursday,3
1420,1421,2003-11-21,2003,11,November,21,4,Friday,4
1421,1422,2003-11-22,2003,11,November,22,4,Saturday,5
1422,1423,2003-11-23,2003,11,November,23,4,Sunday,6
1423,1424,2003-11-24,2003,11,November,24,4,Monday,0
1424,1425,2003-11-25,2003,11,November,25,4,Tuesday,1
1425,1426,2003-11-26,2003,11,November,26,4,Wednesday,2
1426,1427,2003-11-27,2003,11,November,27,4,Thursday,3
1427,1428,2003-11-28,2003,11,November,28,4,Friday,4
1428,1429,2003-11-29,2003,11,November,29,4,Saturday,5
1429,1430,2003-11-30,2003,11,November,30,4,Sunday,6
1430,1431,2003-12-01,2003,12,December,1,4,Monday,0
1431,1432,2003-12-02,2003,12,December,2,4,Tuesday,1
1432,1433,2003-12-03,2003,12,December,3,4,Wednesday,2
1433,1434,2003-12-04,2003,12,December,4,4,Thursday,3
1434,1435,2003-12-05,2003,12,December,5,4,Friday,4
1435,1436,2003-12-06,2003,12,December,6,4,Saturday,5
1436,1437,2003-12-07,2003,12,December,7,4,Sunday,6
1437,1438,2003-12-08,2003,12,December,8,4,Monday,0
1438,1439,2003-12-09,2003,12,December,9,4,Tuesday,1
1439,1440,2003-12-10,2003,12,December,10,4,Wednesday,2
1440,1441,2003-12-11,2003,12,December,11,4,Thursday,3
1441,1442,2003-12-12,2003,12,December,12,4,Friday,4
1442,1443,2003-12-13,2003,12,December,13,4,Saturday,5
1443,1444,2003-12-14,2003,12,December,14,4,Sunday,6
1444,1445,2003-12-15,2003,12,December,15,4,Monday,0
1445,1446,2003-12-16,2003,12,December,16,4,Tuesday,1
1446,1447,2003-12-17,2003,12,December,17,4,Wednesday,2
1447,1448,2003-12-18,2003,12,December,18,4,Thursday,3
1448,1449,2003-12-19,2003,12,December,19,4,Friday,4
1449,1450,2003-12-20,2003,12,December,20,4,Saturday,5
1450,1451,2003-12-21,2003,12,December,21,4,Sunday,6
1451,1452,2003-12-22,2003,12,December,22,4,Monday,0
1452,1453,2003-12-23,2003,12,December,23,4,Tuesday,1
1453,1454,2003-12-24,2003,12,December,24,4,Wednesday,2
1454,1455,2003-12-25,2003,12,December,25,4,Thursday,3
1455,1456,2003-12-26,2003,12,December,26,4,Friday,4
1456,1457,2003-12-27,2003,12,December,27,4,Saturday,5
1457,1458,2003-12-28,2003,12,December,28,4,Sunday,6
1458,1459,2003-12-29,2003,12,December,29,4,Monday,0
1459,1460,2003-12-30,2003,12,December,30,4,Tuesday,1
1460,1461,2003-12-31,2003,12,December,31,4,Wednesday,2
1461,1462,2004-01-01,2004,1,January,1,1,Thursday,3
1462,1463,2004-01-02,2004,1,January,2,1,Friday,4
1463,1464,2004-01-03,2004,1,January,3,1,Saturday,5
1464,1465,2004-01-04,2004,1,January,4,1,Sunday,6
1465,1466,2004-01-05,2004,1,January,5,1,Monday,0
1466,1467,2004-01-06,2004,1,January,6,1,Tuesday,1
1467,1468,2004-01-07,2004,1,January,7,1,Wednesday,2
1468,1469,2004-01-08,2004,1,January,8,1,Thursday,3
1469,1470,2004-01-09,2004,1,January,9,1,Friday,4
1470,1471,2004-01-10,2004,1,January,10,1,Saturday,5
1471,1472,2004-01-11,2004,1,January,11,1,Sunday,6
1472,1473,2004-01-12,2004,1,January,12,1,Monday,0
1473,1474,2004-01-13,2004,1,January,13,1,Tuesday,1
1474,1475,2004-01-14,2004,1,January,14,1,Wednesday,2
1475,1476,2004-01-15,2004,1,January,15,1,Thursday,3
1476,1477,2004-01-16,2004,1,January,16,1,Friday,4
1477,1478,2004-01-17,2004,1,January,17,1,Saturday,5
1478,1479,2004-01-18,2004,1,January,18,1,Sunday,6
1479,1480,2004-01-19,2004,1,January,19,1,Monday,0
1480,1481,2004-01-20,2004,1,January,20,1,Tuesday,1
1481,1482,2004-01-21,2004,1,January,21,1,Wednesday,2
1482,1483,2004-01-22,2004,1,January,22,1,Thursday,3
1483,1484,2004-01-23,2004,1,January,23,1,Friday,4
1484,1485,2004-01-24,2004,1,January,24,1,Saturday,5
1485,1486,2004-01-25,2004,1,January,25,1,Sunday,6
1486,1487,2004-01-26,2004,1,January,26,1,Monday,0
1487,1488,2004-01-27,2004,1,January,27,1,Tuesday,1
1488,1489,2004-01-28,2004,1,January,28,1,Wednesday,2
1489,1490,2004-01-29,2004,1,January,29,1,Thursday,3
1490,1491,2004-01-30,2004,1,January,30,1,Friday,4
1491,1492,2004-01-31,2004,1,January,31,1,Saturday,5
1492,1493,2004-02-01,2004,2,February,1,1,Sunday,6
1493,1494,2004-02-02,2004,2,February,2,1,Monday,0
1494,1495,2004-02-03,2004,2,February,3,1,Tuesday,1
1495,1496,2004-02-04,2004,2,February,4,1,Wednesday,2
1496,1497,2004-02-05,2004,2,February,5,1,Thursday,3
1497,1498,2004-02-06,2004,2,February,6,1,Friday,4
1498,1499,2004-02-07,2004,2,February,7,1,Saturday,5
1499,1500,2004-02-08,2004,2,February,8,1,Sunday,6
1500,1501,2004-02-09,2004,2,February,9,1,Monday,0
1501,1502,2004-02-10,2004,2,February,10,1,Tuesday,1
1502,1503,2004-02-11,2004,2,February,11,1,Wednesday,2
1503,1504,2004-02-12,2004,2,February,12,1,Thursday,3
1504,1505,2004-02-13,2004,2,February,13,1,Friday,4
1505,1506,2004-02-14,2004,2,February,14,1,Saturday,5
1506,1507,2004-02-15,2004,2,February,15,1,Sunday,6
1507,1508,2004-02-16,2004,2,February,16,1,Monday,0
1508,1509,2004-02-17,2004,2,February,17,1,Tuesday,1
1509,1510,2004-02-18,2004,2,February,18,1,Wednesday,2
1510,1511,2004-02-19,2004,2,February,19,1,Thursday,3
1511,1512,2004-02-20,2004,2,February,20,1,Friday,4
1512,1513,2004-02-21,2004,2,February,21,1,Saturday,5
1513,1514,2004-02-22,2004,2,February,22,1,Sunday,6
1514,1515,2004-02-23,2004,2,February,23,1,Monday,0
1515,1516,2004-02-24,2004,2,February,24,1,Tuesday,1
1516,1517,2004-02-25,2004,2,February,25,1,Wednesday,2
1517,1518,2004-02-26,2004,2,February,26,1,Thursday,3
1518,1519,2004-02-27,2004,2,February,27,1,Friday,4
1519,1520,2004-02-28,2004,2,February,28,1,Saturday,5
1520,1521,2004-02-29,2004,2,February,29,1,Sunday,6
1521,1522,2004-03-01,2004,3,March,1,1,Monday,0
1522,1523,2004-03-02,2004,3,March,2,1,Tuesday,1
1523,1524,2004-03-03,2004,3,March,3,1,Wednesday,2
1524,1525,2004-03-04,2004,3,March,4,1,Thursday,3
1525,1526,2004-03-05,2004,3,March,5,1,Friday,4
1526,1527,2004-03-06,2004,3,March,6,1,Saturday,5
1527,1528,2004-03-07,2004,3,March,7,1,Sunday,6
1528,1529,2004-03-08,2004,3,March,8,1,Monday,0
1529,1530,2004-03-09,2004,3,March,9,1,Tuesday,1
1530,1531,2004-03-10,2004,3,March,10,1,Wednesday,2
1531,1532,2004-03-11,2004,3,March,11,1,Thursday,3
1532,1533,2004-03-12,2004,3,March,12,1,Friday,4
1533,1534,2004-03-13,2004,3,March,13,1,Saturday,5
1534,1535,2004-03-14,2004,3,March,14,1,Sunday,6
1535,1536,2004-03-15,2004,3,March,15,1,Monday,0
1536,1537,2004-03-16,2004,3,March,16,1,Tuesday,1
1537,1538,2004-03-17,2004,3,March,17,1,Wednesday,2
1538,1539,2004-03-18,2004,3,March,18,1,Thursday,3
1539,1540,2004-03-19,2004,3,March,19,1,Friday,4
1540,1541,2004-03-20,2004,3,March,20,1,Saturday,5
1541,1542,2004-03-21,2004,3,March,21,1,Sunday,6
1542,1543,2004-03-22,2004,3,March,22,1,Monday,0
1543,1544,2004-03-23,2004,3,March,23,1,Tuesday,1
1544,1545,2004-03-24,2004,3,March,24,1,Wednesday,2
1545,1546,2004-03-25,2004,3,March,25,1,Thursday,3
1546,1547,2004-03-26,2004,3,March,26,1,Friday,4
1547,1548,2004-03-27,2004,3,March,27,1,Saturday,5
1548,1549,2004-03-28,2004,3,March,28,1,Sunday,6
1549,1550,2004-03-29,2004,3,March,29,1,Monday,0
1550,1551,2004-03-30,2004,3,March,30,1,Tuesday,1
1551,1552,2004-03-31,2004,3,March,31,1,Wednesday,2
1552,1553,2004-04-01,2004,4,April,1,2,Thursday,3
1553,1554,2004-04-02,2004,4,April,2,2,Friday,4
1554,1555,2004-04-03,2004,4,April,3,2,Saturday,5
1555,1556,2004-04-04,2004,4,April,4,2,Sunday,6
1556,1557,2004-04-05,2004,4,April,5,2,Monday,0
1557,1558,2004-04-06,2004,4,April,6,2,Tuesday,1
1558,1559,2004-04-07,2004,4,April,7,2,Wednesday,2
1559,1560,2004-04-08,2004,4,April,8,2,Thursday,3
1560,1561,2004-04-09,2004,4,April,9,2,Friday,4
1561,1562,2004-04-10,2004,4,April,10,2,Saturday,5
1562,1563,2004-04-11,2004,4,April,11,2,Sunday,6
1563,1564,2004-04-12,2004,4,April,12,2,Monday,0
1564,1565,2004-04-13,2004,4,April,13,2,Tuesday,1
1565,1566,2004-04-14,2004,4,April,14,2,Wednesday,2
1566,1567,2004-04-15,2004,4,April,15,2,Thursday,3
1567,1568,2004-04-16,2004,4,April,16,2,Friday,4
1568,1569,2004-04-17,2004,4,April,17,2,Saturday,5
1569,1570,2004-04-18,2004,4,April,18,2,Sunday,6
1570,1571,2004-04-19,2004,4,April,19,2,Monday,0
1571,1572,2004-04-20,2004,4,April,20,2,Tuesday,1
1572,1573,2004-04-21,2004,4,April,21,2,Wednesday,2
1573,1574,2004-04-22,2004,4,April,22,2,Thursday,3
1574,1575,2004-04-23,2004,4,April,23,2,Friday,4
1575,1576,2004-04-24,2004,4,April,24,2,Saturday,5
1576,1577,2004-04-25,2004,4,April,25,2,Sunday,6
1577,1578,2004-04-26,2004,4,April,26,2,Monday,0
1578,1579,2004-04-27,2004,4,April,27,2,Tuesday,1
1579,1580,2004-04-28,2004,4,April,28,2,Wednesday,2
1580,1581,2004-04-29,2004,4,April,29,2,Thursday,3
1581,1582,2004-04-30,2004,4,April,30,2,Friday,4
1582,1583,2004-05-01,2004,5,May,1,2,Saturday,5
1583,1584,2004-05-02,2004,5,May,2,2,Sunday,6
1584,1585,2004-05-03,2004,5,May,3,2,Monday,0
1585,1586,2004-05-04,2004,5,May,4,2,Tuesday,1
1586,1587,2004-05-05,2004,5,May,5,2,Wednesday,2
1587,1588,2004-05-06,2004,5,May,6,2,Thursday,3
1588,1589,2004-05-07,2004,5,May,7,2,Friday,4
1589,1590,2004-05-08,2004,5,May,8,2,Saturday,5
1590,1591,2004-05-09,2004,5,May,9,2,Sunday,6
1591,1592,2004-05-10,2004,5,May,10,2,Monday,0
1592,1593,2004-05-11,2004,5,May,11,2,Tuesday,1
1593,1594,2004-05-12,2004,5,May,12,2,Wednesday,2
1594,1595,2004-05-13,2004,5,May,13,2,Thursday,3
1595,1596,2004-05-14,2004,5,May,14,2,Friday,4
1596,1597,2004-05-15,2004,5,May,15,2,Saturday,5
1597,1598,2004-05-16,2004,5,May,16,2,Sunday,6
1598,1599,2004-05-17,2004,5,May,17,2,Monday,0
1599,1600,2004-05-18,2004,5,May,18,2,Tuesday,1
1600,1601,2004-05-19,2004,5,May,19,2,Wednesday,2
1601,1602,2004-05-20,2004,5,May,20,2,Thursday,3
1602,1603,2004-05-21,2004,5,May,21,2,Friday,4
1603,1604,2004-05-22,2004,5,May,22,2,Saturday,5
1604,1605,2004-05-23,2004,5,May,23,2,Sunday,6
1605,1606,2004-05-24,2004,5,May,24,2,Monday,0
1606,1607,2004-05-25,2004,5,May,25,2,Tuesday,1
1607,1608,2004-05-26,2004,5,May,26,2,Wednesday,2
1608,1609,2004-05-27,2004,5,May,27,2,Thursday,3
1609,1610,2004-05-28,2004,5,May,28,2,Friday,4
1610,1611,2004-05-29,2004,5,May,29,2,Saturday,5
1611,1612,2004-05-30,2004,5,May,30,2,Sunday,6
1612,1613,2004-05-31,2004,5,May,31,2,Monday,0
1613,1614,2004-06-01,2004,6,June,1,2,Tuesday,1
1614,1615,2004-06-02,2004,6,June,2,2,Wednesday,2
1615,1616,2004-06-03,2004,6,June,3,2,Thursday,3
1616,1617,2004-06-04,2004,6,June,4,2,Friday,4
1617,1618,2004-06-05,2004,6,June,5,2,Saturday,5
1618,1619,2004-06-06,2004,6,June,6,2,Sunday,6
1619,1620,2004-06-07,2004,6,June,7,2,Monday,0
1620,1621,2004-06-08,2004,6,June,8,2,Tuesday,1
1621,1622,2004-06-09,2004,6,June,9,2,Wednesday,2
1622,1623,2004-06-10,2004,6,June,10,2,Thursday,3
1623,1624,2004-06-11,2004,6,June,11,2,Friday,4
1624,1625,2004-06-12,2004,6,June,12,2,Saturday,5
1625,1626,2004-06-13,2004,6,June,13,2,Sunday,6
1626,1627,2004-06-14,2004,6,June,14,2,Monday,0
1627,1628,2004-06-15,2004,6,June,15,2,Tuesday,1
1628,1629,2004-06-16,2004,6,June,16,2,Wednesday,2
1629,1630,2004-06-17,2004,6,June,17,2,Thursday,3
1630,1631,2004-06-18,2004,6,June,18,2,Friday,4
1631,1632,2004-06-19,2004,6,June,19,2,Saturday,5
1632,1633,2004-06-20,2004,6,June,20,2,Sunday,6
1633,1634,2004-06-21,2004,6,June,21,2,Monday,0
1634,1635,2004-06-22,2004,6,June,22,2,Tuesday,1
1635,1636,2004-06-23,2004,6,June,23,2,Wednesday,2
1636,1637,2004-06-24,2004,6,June,24,2,Thursday,3
1637,1638,2004-06-25,2004,6,June,25,2,Friday,4
1638,1639,2004-06-26,2004,6,June,26,2,Saturday,5
1639,1640,2004-06-27,2004,6,June,27,2,Sunday,6
1640,1641,2004-06-28,2004,6,June,28,2,Monday,0
1641,1642,2004-06-29,2004,6,June,29,2,Tuesday,1
1642,1643,2004-06-30,2004,6,June,30,2,Wednesday,2
1643,1644,2004-07-01,2004,7,July,1,3,Thursday,3
1644,1645,2004-07-02,2004,7,July,2,3,Friday,4
1645,1646,2004-07-03,2004,7,July,3,3,Saturday,5
1646,1647,2004-07-04,2004,7,July,4,3,Sunday,6
1647,1648,2004-07-05,2004,7,July,5,3,Monday,0
1648,1649,2004-07-06,2004,7,July,6,3,Tuesday,1
1649,1650,2004-07-07,2004,7,July,7,3,Wednesday,2
1650,1651,2004-07-08,2004,7,July,8,3,Thursday,3
1651,1652,2004-07-09,2004,7,July,9,3,Friday,4
1652,1653,2004-07-10,2004,7,July,10,3,Saturday,5
1653,1654,2004-07-11,2004,7,July,11,3,Sunday,6
1654,1655,2004-07-12,2004,7,July,12,3,Monday,0
1655,1656,2004-07-13,2004,7,July,13,3,Tuesday,1
1656,1657,2004-07-14,2004,7,July,14,3,Wednesday,2
1657,1658,2004-07-15,2004,7,July,15,3,Thursday,3
1658,1659,2004-07-16,2004,7,July,16,3,Friday,4
1659,1660,2004-07-17,2004,7,July,17,3,Saturday,5
1660,1661,2004-07-18,2004,7,July,18,3,Sunday,6
1661,1662,2004-07-19,2004,7,July,19,3,Monday,0
1662,1663,2004-07-20,2004,7,July,20,3,Tuesday,1
1663,1664,2004-07-21,2004,7,July,21,3,Wednesday,2
1664,1665,2004-07-22,2004,7,July,22,3,Thursday,3
1665,1666,2004-07-23,2004,7,July,23,3,Friday,4
1666,1667,2004-07-24,2004,7,July,24,3,Saturday,5
1667,1668,2004-07-25,2004,7,July,25,3,Sunday,6
1668,1669,2004-07-26,2004,7,July,26,3,Monday,0
1669,1670,2004-07-27,2004,7,July,27,3,Tuesday,1
1670,1671,2004-07-28,2004,7,July,28,3,Wednesday,2
1671,1672,2004-07-29,2004,7,July,29,3,Thursday,3
1672,1673,2004-07-30,2004,7,July,30,3,Friday,4
1673,1674,2004-07-31,2004,7,July,31,3,Saturday,5
1674,1675,2004-08-01,2004,8,August,1,3,Sunday,6
1675,1676,2004-08-02,2004,8,August,2,3,Monday,0
1676,1677,2004-08-03,2004,8,August,3,3,Tuesday,1
1677,1678,2004-08-04,2004,8,August,4,3,Wednesday,2
1678,1679,2004-08-05,2004,8,August,5,3,Thursday,3
1679,1680,2004-08-06,2004,8,August,6,3,Friday,4
1680,1681,2004-08-07,2004,8,August,7,3,Saturday,5
1681,1682,2004-08-08,2004,8,August,8,3,Sunday,6
1682,1683,2004-08-09,2004,8,August,9,3,Monday,0
1683,1684,2004-08-10,2004,8,August,10,3,Tuesday,1
1684,1685,2004-08-11,2004,8,August,11,3,Wednesday,2
1685,1686,2004-08-12,2004,8,August,12,3,Thursday,3
1686,1687,2004-08-13,2004,8,August,13,3,Friday,4
1687,1688,2004-08-14,2004,8,August,14,3,Saturday,5
1688,1689,2004-08-15,2004,8,August,15,3,Sunday,6
1689,1690,2004-08-16,2004,8,August,16,3,Monday,0
1690,1691,2004-08-17,2004,8,August,17,3,Tuesday,1
1691,1692,2004-08-18,2004,8,August,18,3,Wednesday,2
1692,1693,2004-08-19,2004,8,August,19,3,Thursday,3
1693,1694,2004-08-20,2004,8,August,20,3,Friday,4
1694,1695,2004-08-21,2004,8,August,21,3,Saturday,5
1695,1696,2004-08-22,2004,8,August,22,3,Sunday,6
1696,1697,2004-08-23,2004,8,August,23,3,Monday,0
1697,1698,2004-08-24,2004,8,August,24,3,Tuesday,1
1698,1699,2004-08-25,2004,8,August,25,3,Wednesday,2
1699,1700,2004-08-26,2004,8,August,26,3,Thursday,3
1700,1701,2004-08-27,2004,8,August,27,3,Friday,4
1701,1702,2004-08-28,2004,8,August,28,3,Saturday,5
1702,1703,2004-08-29,2004,8,August,29,3,Sunday,6
1703,1704,2004-08-30,2004,8,August,30,3,Monday,0
1704,1705,2004-08-31,2004,8,August,31,3,Tuesday,1
1705,1706,2004-09-01,2004,9,September,1,3,Wednesday,2
1706,1707,2004-09-02,2004,9,September,2,3,Thursday,3
1707,1708,2004-09-03,2004,9,September,3,3,Friday,4
1708,1709,2004-09-04,2004,9,September,4,3,Saturday,5
1709,1710,2004-09-05,2004,9,September,5,3,Sunday,6
1710,1711,2004-09-06,2004,9,September,6,3,Monday,0
1711,1712,2004-09-07,2004,9,September,7,3,Tuesday,1
1712,1713,2004-09-08,2004,9,September,8,3,Wednesday,2
1713,1714,2004-09-09,2004,9,September,9,3,Thursday,3
1714,1715,2004-09-10,2004,9,September,10,3,Friday,4
1715,1716,2004-09-11,2004,9,September,11,3,Saturday,5
1716,1717,2004-09-12,2004,9,September,12,3,Sunday,6
1717,1718,2004-09-13,2004,9,September,13,3,Monday,0
1718,1719,2004-09-14,2004,9,September,14,3,Tuesday,1
1719,1720,2004-09-15,2004,9,September,15,3,Wednesday,2
1720,1721,2004-09-16,2004,9,September,16,3,Thursday,3
1721,1722,2004-09-17,2004,9,September,17,3,Friday,4
1722,1723,2004-09-18,2004,9,September,18,3,Saturday,5
1723,1724,2004-09-19,2004,9,September,19,3,Sunday,6
1724,1725,2004-09-20,2004,9,September,20,3,Monday,0
1725,1726,2004-09-21,2004,9,September,21,3,Tuesday,1
1726,1727,2004-09-22,2004,9,September,22,3,Wednesday,2
1727,1728,2004-09-23,2004,9,September,23,3,Thursday,3
1728,1729,2004-09-24,2004,9,September,24,3,Friday,4
1729,1730,2004-09-25,2004,9,September,25,3,Saturday,5
1730,1731,2004-09-26,2004,9,September,26,3,Sunday,6
1731,1732,2004-09-27,2004,9,September,27,3,Monday,0
1732,1733,2004-09-28,2004,9,September,28,3,Tuesday,1
1733,1734,2004-09-29,2004,9,September,29,3,Wednesday,2
1734,1735,2004-09-30,2004,9,September,30,3,Thursday,3
1735,1736,2004-10-01,2004,10,October,1,4,Friday,4
1736,1737,2004-10-02,2004,10,October,2,4,Saturday,5
1737,1738,2004-10-03,2004,10,October,3,4,Sunday,6
1738,1739,2004-10-04,2004,10,October,4,4,Monday,0
1739,1740,2004-10-05,2004,10,October,5,4,Tuesday,1
1740,1741,2004-10-06,2004,10,October,6,4,Wednesday,2
1741,1742,2004-10-07,2004,10,October,7,4,Thursday,3
1742,1743,2004-10-08,2004,10,October,8,4,Friday,4
1743,1744,2004-10-09,2004,10,October,9,4,Saturday,5
1744,1745,2004-10-10,2004,10,October,10,4,Sunday,6
1745,1746,2004-10-11,2004,10,October,11,4,Monday,0
1746,1747,2004-10-12,2004,10,October,12,4,Tuesday,1
1747,1748,2004-10-13,2004,10,October,13,4,Wednesday,2
1748,1749,2004-10-14,2004,10,October,14,4,Thursday,3
1749,1750,2004-10-15,2004,10,October,15,4,Friday,4
1750,1751,2004-10-16,2004,10,October,16,4,Saturday,5
1751,1752,2004-10-17,2004,10,October,17,4,Sunday,6
1752,1753,2004-10-18,2004,10,October,18,4,Monday,0
1753,1754,2004-10-19,2004,10,October,19,4,Tuesday,1
1754,1755,2004-10-20,2004,10,October,20,4,Wednesday,2
1755,1756,2004-10-21,2004,10,October,21,4,Thursday,3
1756,1757,2004-10-22,2004,10,October,22,4,Friday,4
1757,1758,2004-10-23,2004,10,October,23,4,Saturday,5
1758,1759,2004-10-24,2004,10,October,24,4,Sunday,6
1759,1760,2004-10-25,2004,10,October,25,4,Monday,0
1760,1761,2004-10-26,2004,10,October,26,4,Tuesday,1
1761,1762,2004-10-27,2004,10,October,27,4,Wednesday,2
1762,1763,2004-10-28,2004,10,October,28,4,Thursday,3
1763,1764,2004-10-29,2004,10,October,29,4,Friday,4
1764,1765,2004-10-30,2004,10,October,30,4,Saturday,5
1765,1766,2004-10-31,2004,10,October,31,4,Sunday,6
1766,1767,2004-11-01,2004,11,November,1,4,Monday,0
1767,1768,2004-11-02,2004,11,November,2,4,Tuesday,1
1768,1769,2004-11-03,2004,11,November,3,4,Wednesday,2
1769,1770,2004-11-04,2004,11,November,4,4,Thursday,3
1770,1771,2004-11-05,2004,11,November,5,4,Friday,4
1771,1772,2004-11-06,2004,11,November,6,4,Saturday,5
1772,1773,2004-11-07,2004,11,November,7,4,Sunday,6
1773,1774,2004-11-08,2004,11,November,8,4,Monday,0
1774,1775,2004-11-09,2004,11,November,9,4,Tuesday,1
1775,1776,2004-11-10,2004,11,November,10,4,Wednesday,2
1776,1777,2004-11-11,2004,11,November,11,4,Thursday,3
1777,1778,2004-11-12,2004,11,November,12,4,Friday,4
1778,1779,2004-11-13,2004,11,November,13,4,Saturday,5
1779,1780,2004-11-14,2004,11,November,14,4,Sunday,6
1780,1781,2004-11-15,2004,11,November,15,4,Monday,0
1781,1782,2004-11-16,2004,11,November,16,4,Tuesday,1
1782,1783,2004-11-17,2004,11,November,17,4,Wednesday,2
1783,1784,2004-11-18,2004,11,November,18,4,Thursday,3
1784,1785,2004-11-19,2004,11,November,19,4,Friday,4
1785,1786,2004-11-20,2004,11,November,20,4,Saturday,5
1786,1787,2004-11-21,2004,11,November,21,4,Sunday,6
1787,1788,2004-11-22,2004,11,November,22,4,Monday,0
1788,1789,2004-11-23,2004,11,November,23,4,Tuesday,1
1789,1790,2004-11-24,2004,11,November,24,4,Wednesday,2
1790,1791,2004-11-25,2004,11,November,25,4,Thursday,3
1791,1792,2004-11-26,2004,11,November,26,4,Friday,4
1792,1793,2004-11-27,2004,11,November,27,4,Saturday,5
1793,1794,2004-11-28,2004,11,November,28,4,Sunday,6
1794,1795,2004-11-29,2004,11,November,29,4,Monday,0
1795,1796,2004-11-30,2004,11,November,30,4,Tuesday,1
1796,1797,2004-12-01,2004,12,December,1,4,Wednesday,2
1797,1798,2004-12-02,2004,12,December,2,4,Thursday,3
1798,1799,2004-12-03,2004,12,December,3,4,Friday,4
1799,1800,2004-12-04,2004,12,December,4,4,Saturday,5
1800,1801,2004-12-05,2004,12,December,5,4,Sunday,6
1801,1802,2004-12-06,2004,12,December,6,4,Monday,0
1802,1803,2004-12-07,2004,12,December,7,4,Tuesday,1
1803,1804,2004-12-08,2004,12,December,8,4,Wednesday,2
1804,1805,2004-12-09,2004,12,December,9,4,Thursday,3
1805,1806,2004-12-10,2004,12,December,10,4,Friday,4
1806,1807,2004-12-11,2004,12,December,11,4,Saturday,5
1807,1808,2004-12-12,2004,12,December,12,4,Sunday,6
1808,1809,2004-12-13,2004,12,December,13,4,Monday,0
1809,1810,2004-12-14,2004,12,December,14,4,Tuesday,1
1810,1811,2004-12-15,2004,12,December,15,4,Wednesday,2
1811,1812,2004-12-16,2004,12,December,16,4,Thursday,3
1812,1813,2004-12-17,2004,12,December,17,4,Friday,4
1813,1814,2004-12-18,2004,12,December,18,4,Saturday,5
1814,1815,2004-12-19,2004,12,December,19,4,Sunday,6
1815,1816,2004-12-20,2004,12,December,20,4,Monday,0
1816,1817,2004-12-21,2004,12,December,21,4,Tuesday,1
1817,1818,2004-12-22,2004,12,December,22,4,Wednesday,2
1818,1819,2004-12-23,2004,12,December,23,4,Thursday,3
1819,1820,2004-12-24,2004,12,December,24,4,Friday,4
1820,1821,2004-12-25,2004,12,December,25,4,Saturday,5
1821,1822,2004-12-26,2004,12,December,26,4,Sunday,6
1822,1823,2004-12-27,2004,12,December,27,4,Monday,0
1823,1824,2004-12-28,2004,12,December,28,4,Tuesday,1
1824,1825,2004-12-29,2004,12,December,29,4,Wednesday,2
1825,1826,2004-12-30,2004,12,December,30,4,Thursday,3
1826,1827,2004-12-31,2004,12,December,31,4,Friday,4
1827,1828,2005-01-01,2005,1,January,1,1,Saturday,5
1828,1829,2005-01-02,2005,1,January,2,1,Sunday,6
1829,1830,2005-01-03,2005,1,January,3,1,Monday,0
1830,1831,2005-01-04,2005,1,January,4,1,Tuesday,1
1831,1832,2005-01-05,2005,1,January,5,1,Wednesday,2
1832,1833,2005-01-06,2005,1,January,6,1,Thursday,3
1833,1834,2005-01-07,2005,1,January,7,1,Friday,4
1834,1835,2005-01-08,2005,1,January,8,1,Saturday,5
1835,1836,2005-01-09,2005,1,January,9,1,Sunday,6
1836,1837,2005-01-10,2005,1,January,10,1,Monday,0
1837,1838,2005-01-11,2005,1,January,11,1,Tuesday,1
1838,1839,2005-01-12,2005,1,January,12,1,Wednesday,2
1839,1840,2005-01-13,2005,1,January,13,1,Thursday,3
1840,1841,2005-01-14,2005,1,January,14,1,Friday,4
1841,1842,2005-01-15,2005,1,January,15,1,Saturday,5
1842,1843,2005-01-16,2005,1,January,16,1,Sunday,6
1843,1844,2005-01-17,2005,1,January,17,1,Monday,0
1844,1845,2005-01-18,2005,1,January,18,1,Tuesday,1
1845,1846,2005-01-19,2005,1,January,19,1,Wednesday,2
1846,1847,2005-01-20,2005,1,January,20,1,Thursday,3
1847,1848,2005-01-21,2005,1,January,21,1,Friday,4
1848,1849,2005-01-22,2005,1,January,22,1,Saturday,5
1849,1850,2005-01-23,2005,1,January,23,1,Sunday,6
1850,1851,2005-01-24,2005,1,January,24,1,Monday,0
1851,1852,2005-01-25,2005,1,January,25,1,Tuesday,1
1852,1853,2005-01-26,2005,1,January,26,1,Wednesday,2
1853,1854,2005-01-27,2005,1,January,27,1,Thursday,3
1854,1855,2005-01-28,2005,1,January,28,1,Friday,4
1855,1856,2005-01-29,2005,1,January,29,1,Saturday,5
1856,1857,2005-01-30,2005,1,January,30,1,Sunday,6
1857,1858,2005-01-31,2005,1,January,31,1,Monday,0
1858,1859,2005-02-01,2005,2,February,1,1,Tuesday,1
1859,1860,2005-02-02,2005,2,February,2,1,Wednesday,2
1860,1861,2005-02-03,2005,2,February,3,1,Thursday,3
1861,1862,2005-02-04,2005,2,February,4,1,Friday,4
1862,1863,2005-02-05,2005,2,February,5,1,Saturday,5
1863,1864,2005-02-06,2005,2,February,6,1,Sunday,6
1864,1865,2005-02-07,2005,2,February,7,1,Monday,0
1865,1866,2005-02-08,2005,2,February,8,1,Tuesday,1
1866,1867,2005-02-09,2005,2,February,9,1,Wednesday,2
1867,1868,2005-02-10,2005,2,February,10,1,Thursday,3
1868,1869,2005-02-11,2005,2,February,11,1,Friday,4
1869,1870,2005-02-12,2005,2,February,12,1,Saturday,5
1870,1871,2005-02-13,2005,2,February,13,1,Sunday,6
1871,1872,2005-02-14,2005,2,February,14,1,Monday,0
1872,1873,2005-02-15,2005,2,February,15,1,Tuesday,1
1873,1874,2005-02-16,2005,2,February,16,1,Wednesday,2
1874,1875,2005-02-17,2005,2,February,17,1,Thursday,3
1875,1876,2005-02-18,2005,2,February,18,1,Friday,4
1876,1877,2005-02-19,2005,2,February,19,1,Saturday,5
1877,1878,2005-02-20,2005,2,February,20,1,Sunday,6
1878,1879,2005-02-21,2005,2,February,21,1,Monday,0
1879,1880,2005-02-22,2005,2,February,22,1,Tuesday,1
1880,1881,2005-02-23,2005,2,February,23,1,Wednesday,2
1881,1882,2005-02-24,2005,2,February,24,1,Thursday,3
1882,1883,2005-02-25,2005,2,February,25,1,Friday,4
1883,1884,2005-02-26,2005,2,February,26,1,Saturday,5
1884,1885,2005-02-27,2005,2,February,27,1,Sunday,6
1885,1886,2005-02-28,2005,2,February,28,1,Monday,0
1886,1887,2005-03-01,2005,3,March,1,1,Tuesday,1
1887,1888,2005-03-02,2005,3,March,2,1,Wednesday,2
1888,1889,2005-03-03,2005,3,March,3,1,Thursday,3
1889,1890,2005-03-04,2005,3,March,4,1,Friday,4
1890,1891,2005-03-05,2005,3,March,5,1,Saturday,5
1891,1892,2005-03-06,2005,3,March,6,1,Sunday,6
1892,1893,2005-03-07,2005,3,March,7,1,Monday,0
1893,1894,2005-03-08,2005,3,March,8,1,Tuesday,1
1894,1895,2005-03-09,2005,3,March,9,1,Wednesday,2
1895,1896,2005-03-10,2005,3,March,10,1,Thursday,3
1896,1897,2005-03-11,2005,3,March,11,1,Friday,4
1897,1898,2005-03-12,2005,3,March,12,1,Saturday,5
1898,1899,2005-03-13,2005,3,March,13,1,Sunday,6
1899,1900,2005-03-14,2005,3,March,14,1,Monday,0
1900,1901,2005-03-15,2005,3,March,15,1,Tuesday,1
1901,1902,2005-03-16,2005,3,March,16,1,Wednesday,2
1902,1903,2005-03-17,2005,3,March,17,1,Thursday,3
1903,1904,2005-03-18,2005,3,March,18,1,Friday,4
1904,1905,2005-03-19,2005,3,March,19,1,Saturday,5
1905,1906,2005-03-20,2005,3,March,20,1,Sunday,6
1906,1907,2005-03-21,2005,3,March,21,1,Monday,0
1907,1908,2005-03-22,2005,3,March,22,1,Tuesday,1
1908,1909,2005-03-23,2005,3,March,23,1,Wednesday,2
1909,1910,2005-03-24,2005,3,March,24,1,Thursday,3
1910,1911,2005-03-25,2005,3,March,25,1,Friday,4
1911,1912,2005-03-26,2005,3,March,26,1,Saturday,5
1912,1913,2005-03-27,2005,3,March,27,1,Sunday,6
1913,1914,2005-03-28,2005,3,March,28,1,Monday,0
1914,1915,2005-03-29,2005,3,March,29,1,Tuesday,1
1915,1916,2005-03-30,2005,3,March,30,1,Wednesday,2
1916,1917,2005-03-31,2005,3,March,31,1,Thursday,3
1917,1918,2005-04-01,2005,4,April,1,2,Friday,4
1918,1919,2005-04-02,2005,4,April,2,2,Saturday,5
1919,1920,2005-04-03,2005,4,April,3,2,Sunday,6
1920,1921,2005-04-04,2005,4,April,4,2,Monday,0
1921,1922,2005-04-05,2005,4,April,5,2,Tuesday,1
1922,1923,2005-04-06,2005,4,April,6,2,Wednesday,2
1923,1924,2005-04-07,2005,4,April,7,2,Thursday,3
1924,1925,2005-04-08,2005,4,April,8,2,Friday,4
1925,1926,2005-04-09,2005,4,April,9,2,Saturday,5
1926,1927,2005-04-10,2005,4,April,10,2,Sunday,6
1927,1928,2005-04-11,2005,4,April,11,2,Monday,0
1928,1929,2005-04-12,2005,4,April,12,2,Tuesday,1
1929,1930,2005-04-13,2005,4,April,13,2,Wednesday,2
1930,1931,2005-04-14,2005,4,April,14,2,Thursday,3
1931,1932,2005-04-15,2005,4,April,15,2,Friday,4
1932,1933,2005-04-16,2005,4,April,16,2,Saturday,5
1933,1934,2005-04-17,2005,4,April,17,2,Sunday,6
1934,1935,2005-04-18,2005,4,April,18,2,Monday,0
1935,1936,2005-04-19,2005,4,April,19,2,Tuesday,1
1936,1937,2005-04-20,2005,4,April,20,2,Wednesday,2
1937,1938,2005-04-21,2005,4,April,21,2,Thursday,3
1938,1939,2005-04-22,2005,4,April,22,2,Friday,4
1939,1940,2005-04-23,2005,4,April,23,2,Saturday,5
1940,1941,2005-04-24,2005,4,April,24,2,Sunday,6
1941,1942,2005-04-25,2005,4,April,25,2,Monday,0
1942,1943,2005-04-26,2005,4,April,26,2,Tuesday,1
1943,1944,2005-04-27,2005,4,April,27,2,Wednesday,2
1944,1945,2005-04-28,2005,4,April,28,2,Thursday,3
1945,1946,2005-04-29,2005,4,April,29,2,Friday,4
1946,1947,2005-04-30,2005,4,April,30,2,Saturday,5
1947,1948,2005-05-01,2005,5,May,1,2,Sunday,6
1948,1949,2005-05-02,2005,5,May,2,2,Monday,0
1949,1950,2005-05-03,2005,5,May,3,2,Tuesday,1
1950,1951,2005-05-04,2005,5,May,4,2,Wednesday,2
1951,1952,2005-05-05,2005,5,May,5,2,Thursday,3
1952,1953,2005-05-06,2005,5,May,6,2,Friday,4
1953,1954,2005-05-07,2005,5,May,7,2,Saturday,5
1954,1955,2005-05-08,2005,5,May,8,2,Sunday,6
1955,1956,2005-05-09,2005,5,May,9,2,Monday,0
1956,1957,2005-05-10,2005,5,May,10,2,Tuesday,1
1957,1958,2005-05-11,2005,5,May,11,2,Wednesday,2
1958,1959,2005-05-12,2005,5,May,12,2,Thursday,3
1959,1960,2005-05-13,2005,5,May,13,2,Friday,4
1960,1961,2005-05-14,2005,5,May,14,2,Saturday,5
1961,1962,2005-05-15,2005,5,May,15,2,Sunday,6
1962,1963,2005-05-16,2005,5,May,16,2,Monday,0
1963,1964,2005-05-17,2005,5,May,17,2,Tuesday,1
1964,1965,2005-05-18,2005,5,May,18,2,Wednesday,2
1965,1966,2005-05-19,2005,5,May,19,2,Thursday,3
1966,1967,2005-05-20,2005,5,May,20,2,Friday,4
1967,1968,2005-05-21,2005,5,May,21,2,Saturday,5
1968,1969,2005-05-22,2005,5,May,22,2,Sunday,6
1969,1970,2005-05-23,2005,5,May,23,2,Monday,0
1970,1971,2005-05-24,2005,5,May,24,2,Tuesday,1
1971,1972,2005-05-25,2005,5,May,25,2,Wednesday,2
1972,1973,2005-05-26,2005,5,May,26,2,Thursday,3
1973,1974,2005-05-27,2005,5,May,27,2,Friday,4
1974,1975,2005-05-28,2005,5,May,28,2,Saturday,5
1975,1976,2005-05-29,2005,5,May,29,2,Sunday,6
1976,1977,2005-05-30,2005,5,May,30,2,Monday,0
1977,1978,2005-05-31,2005,5,May,31,2,Tuesday,1
1978,1979,2005-06-01,2005,6,June,1,2,Wednesday,2
1979,1980,2005-06-02,2005,6,June,2,2,Thursday,3
1980,1981,2005-06-03,2005,6,June,3,2,Friday,4
1981,1982,2005-06-04,2005,6,June,4,2,Saturday,5
1982,1983,2005-06-05,2005,6,June,5,2,Sunday,6
1983,1984,2005-06-06,2005,6,June,6,2,Monday,0
1984,1985,2005-06-07,2005,6,June,7,2,Tuesday,1
1985,1986,2005-06-08,2005,6,June,8,2,Wednesday,2
1986,1987,2005-06-09,2005,6,June,9,2,Thursday,3
1987,1988,2005-06-10,2005,6,June,10,2,Friday,4
1988,1989,2005-06-11,2005,6,June,11,2,Saturday,5
1989,1990,2005-06-12,2005,6,June,12,2,Sunday,6
1990,1991,2005-06-13,2005,6,June,13,2,Monday,0
1991,1992,2005-06-14,2005,6,June,14,2,Tuesday,1
1992,1993,2005-06-15,2005,6,June,15,2,Wednesday,2
1993,1994,2005-06-16,2005,6,June,16,2,Thursday,3
1994,1995,2005-06-17,2005,6,June,17,2,Friday,4
1995,1996,2005-06-18,2005,6,June,18,2,Saturday,5
1996,1997,2005-06-19,2005,6,June,19,2,Sunday,6
1997,1998,2005-06-20,2005,6,June,20,2,Monday,0
1998,1999,2005-06-21,2005,6,June,21,2,Tuesday,1
1999,2000,2005-06-22,2005,6,June,22,2,Wednesday,2
2000,2001,2005-06-23,2005,6,June,23,2,Thursday,3
2001,2002,2005-06-24,2005,6,June,24,2,Friday,4
2002,2003,2005-06-25,2005,6,June,25,2,Saturday,5
2003,2004,2005-06-26,2005,6,June,26,2,Sunday,6
2004,2005,2005-06-27,2005,6,June,27,2,Monday,0
2005,2006,2005-06-28,2005,6,June,28,2,Tuesday,1
2006,2007,2005-06-29,2005,6,June,29,2,Wednesday,2
2007,2008,2005-06-30,2005,6,June,30,2,Thursday,3
2008,2009,2005-07-01,2005,7,July,1,3,Friday,4
2009,2010,2005-07-02,2005,7,July,2,3,Saturday,5
2010,2011,2005-07-03,2005,7,July,3,3,Sunday,6
2011,2012,2005-07-04,2005,7,July,4,3,Monday,0
2012,2013,2005-07-05,2005,7,July,5,3,Tuesday,1
2013,2014,2005-07-06,2005,7,July,6,3,Wednesday,2
2014,2015,2005-07-07,2005,7,July,7,3,Thursday,3
2015,2016,2005-07-08,2005,7,July,8,3,Friday,4
2016,2017,2005-07-09,2005,7,July,9,3,Saturday,5
2017,2018,2005-07-10,2005,7,July,10,3,Sunday,6
2018,2019,2005-07-11,2005,7,July,11,3,Monday,0
2019,2020,2005-07-12,2005,7,July,12,3,Tuesday,1
2020,2021,2005-07-13,2005,7,July,13,3,Wednesday,2
2021,2022,2005-07-14,2005,7,July,14,3,Thursday,3
2022,2023,2005-07-15,2005,7,July,15,3,Friday,4
2023,2024,2005-07-16,2005,7,July,16,3,Saturday,5
2024,2025,2005-07-17,2005,7,July,17,3,Sunday,6
2025,2026,2005-07-18,2005,7,July,18,3,Monday,0
2026,2027,2005-07-19,2005,7,July,19,3,Tuesday,1
2027,2028,2005-07-20,2005,7,July,20,3,Wednesday,2
2028,2029,2005-07-21,2005,7,July,21,3,Thursday,3
2029,2030,2005-07-22,2005,7,July,22,3,Friday,4
2030,2031,2005-07-23,2005,7,July,23,3,Saturday,5
2031,2032,2005-07-24,2005,7,July,24,3,Sunday,6
2032,2033,2005-07-25,2005,7,July,25,3,Monday,0
2033,2034,2005-07-26,2005,7,July,26,3,Tuesday,1
2034,2035,2005-07-27,2005,7,July,27,3,Wednesday,2
2035,2036,2005-07-28,2005,7,July,28,3,Thursday,3
2036,2037,2005-07-29,2005,7,July,29,3,Friday,4
2037,2038,2005-07-30,2005,7,July,30,3,Saturday,5
2038,2039,2005-07-31,2005,7,July,31,3,Sunday,6
2039,2040,2005-08-01,2005,8,August,1,3,Monday,0
2040,2041,2005-08-02,2005,8,August,2,3,Tuesday,1
2041,2042,2005-08-03,2005,8,August,3,3,Wednesday,2
2042,2043,2005-08-04,2005,8,August,4,3,Thursday,3
2043,2044,2005-08-05,2005,8,August,5,3,Friday,4
2044,2045,2005-08-06,2005,8,August,6,3,Saturday,5
2045,2046,2005-08-07,2005,8,August,7,3,Sunday,6
2046,2047,2005-08-08,2005,8,August,8,3,Monday,0
2047,2048,2005-08-09,2005,8,August,9,3,Tuesday,1
2048,2049,2005-08-10,2005,8,August,10,3,Wednesday,2
2049,2050,2005-08-11,2005,8,August,11,3,Thursday,3
2050,2051,2005-08-12,2005,8,August,12,3,Friday,4
2051,2052,2005-08-13,2005,8,August,13,3,Saturday,5
2052,2053,2005-08-14,2005,8,August,14,3,Sunday,6
2053,2054,2005-08-15,2005,8,August,15,3,Monday,0
2054,2055,2005-08-16,2005,8,August,16,3,Tuesday,1
2055,2056,2005-08-17,2005,8,August,17,3,Wednesday,2
2056,2057,2005-08-18,2005,8,August,18,3,Thursday,3
2057,2058,2005-08-19,2005,8,August,19,3,Friday,4
2058,2059,2005-08-20,2005,8,August,20,3,Saturday,5
2059,2060,2005-08-21,2005,8,August,21,3,Sunday,6
2060,2061,2005-08-22,2005,8,August,22,3,Monday,0
2061,2062,2005-08-23,2005,8,August,23,3,Tuesday,1
2062,2063,2005-08-24,2005,8,August,24,3,Wednesday,2
2063,2064,2005-08-25,2005,8,August,25,3,Thursday,3
2064,2065,2005-08-26,2005,8,August,26,3,Friday,4
2065,2066,2005-08-27,2005,8,August,27,3,Saturday,5
2066,2067,2005-08-28,2005,8,August,28,3,Sunday,6
2067,2068,2005-08-29,2005,8,August,29,3,Monday,0
2068,2069,2005-08-30,2005,8,August,30,3,Tuesday,1
2069,2070,2005-08-31,2005,8,August,31,3,Wednesday,2
2070,2071,2005-09-01,2005,9,September,1,3,Thursday,3
2071,2072,2005-09-02,2005,9,September,2,3,Friday,4
2072,2073,2005-09-03,2005,9,September,3,3,Saturday,5
2073,2074,2005-09-04,2005,9,September,4,3,Sunday,6
2074,2075,2005-09-05,2005,9,September,5,3,Monday,0
2075,2076,2005-09-06,2005,9,September,6,3,Tuesday,1
2076,2077,2005-09-07,2005,9,September,7,3,Wednesday,2
2077,2078,2005-09-08,2005,9,September,8,3,Thursday,3
2078,2079,2005-09-09,2005,9,September,9,3,Friday,4
2079,2080,2005-09-10,2005,9,September,10,3,Saturday,5
2080,2081,2005-09-11,2005,9,September,11,3,Sunday,6
2081,2082,2005-09-12,2005,9,September,12,3,Monday,0
2082,2083,2005-09-13,2005,9,September,13,3,Tuesday,1
2083,2084,2005-09-14,2005,9,September,14,3,Wednesday,2
2084,2085,2005-09-15,2005,9,September,15,3,Thursday,3
2085,2086,2005-09-16,2005,9,September,16,3,Friday,4
2086,2087,2005-09-17,2005,9,September,17,3,Saturday,5
2087,2088,2005-09-18,2005,9,September,18,3,Sunday,6
2088,2089,2005-09-19,2005,9,September,19,3,Monday,0
2089,2090,2005-09-20,2005,9,September,20,3,Tuesday,1
2090,2091,2005-09-21,2005,9,September,21,3,Wednesday,2
2091,2092,2005-09-22,2005,9,September,22,3,Thursday,3
2092,2093,2005-09-23,2005,9,September,23,3,Friday,4
2093,2094,2005-09-24,2005,9,September,24,3,Saturday,5
2094,2095,2005-09-25,2005,9,September,25,3,Sunday,6
2095,2096,2005-09-26,2005,9,September,26,3,Monday,0
2096,2097,2005-09-27,2005,9,September,27,3,Tuesday,1
2097,2098,2005-09-28,2005,9,September,28,3,Wednesday,2
2098,2099,2005-09-29,2005,9,September,29,3,Thursday,3
2099,2100,2005-09-30,2005,9,September,30,3,Friday,4
2100,2101,2005-10-01,2005,10,October,1,4,Saturday,5
2101,2102,2005-10-02,2005,10,October,2,4,Sunday,6
2102,2103,2005-10-03,2005,10,October,3,4,Monday,0
2103,2104,2005-10-04,2005,10,October,4,4,Tuesday,1
2104,2105,2005-10-05,2005,10,October,5,4,Wednesday,2
2105,2106,2005-10-06,2005,10,October,6,4,Thursday,3
2106,2107,2005-10-07,2005,10,October,7,4,Friday,4
2107,2108,2005-10-08,2005,10,October,8,4,Saturday,5
2108,2109,2005-10-09,2005,10,October,9,4,Sunday,6
2109,2110,2005-10-10,2005,10,October,10,4,Monday,0
2110,2111,2005-10-11,2005,10,October,11,4,Tuesday,1
2111,2112,2005-10-12,2005,10,October,12,4,Wednesday,2
2112,2113,2005-10-13,2005,10,October,13,4,Thursday,3
2113,2114,2005-10-14,2005,10,October,14,4,Friday,4
2114,2115,2005-10-15,2005,10,October,15,4,Saturday,5
2115,2116,2005-10-16,2005,10,October,16,4,Sunday,6
2116,2117,2005-10-17,2005,10,October,17,4,Monday,0
2117,2118,2005-10-18,2005,10,October,18,4,Tuesday,1
2118,2119,2005-10-19,2005,10,October,19,4,Wednesday,2
2119,2120,2005-10-20,2005,10,October,20,4,Thursday,3
2120,2121,2005-10-21,2005,10,October,21,4,Friday,4
2121,2122,2005-10-22,2005,10,October,22,4,Saturday,5
2122,2123,2005-10-23,2005,10,October,23,4,Sunday,6
2123,2124,2005-10-24,2005,10,October,24,4,Monday,0
2124,2125,2005-10-25,2005,10,October,25,4,Tuesday,1
2125,2126,2005-10-26,2005,10,October,26,4,Wednesday,2
2126,2127,2005-10-27,2005,10,October,27,4,Thursday,3
2127,2128,2005-10-28,2005,10,October,28,4,Friday,4
2128,2129,2005-10-29,2005,10,October,29,4,Saturday,5
2129,2130,2005-10-30,2005,10,October,30,4,Sunday,6
2130,2131,2005-10-31,2005,10,October,31,4,Monday,0
2131,2132,2005-11-01,2005,11,November,1,4,Tuesday,1
2132,2133,2005-11-02,2005,11,November,2,4,Wednesday,2
2133,2134,2005-11-03,2005,11,November,3,4,Thursday,3
2134,2135,2005-11-04,2005,11,November,4,4,Friday,4
2135,2136,2005-11-05,2005,11,November,5,4,Saturday,5
2136,2137,2005-11-06,2005,11,November,6,4,Sunday,6
2137,2138,2005-11-07,2005,11,November,7,4,Monday,0
2138,2139,2005-11-08,2005,11,November,8,4,Tuesday,1
2139,2140,2005-11-09,2005,11,November,9,4,Wednesday,2
2140,2141,2005-11-10,2005,11,November,10,4,Thursday,3
2141,2142,2005-11-11,2005,11,November,11,4,Friday,4
2142,2143,2005-11-12,2005,11,November,12,4,Saturday,5
2143,2144,2005-11-13,2005,11,November,13,4,Sunday,6
2144,2145,2005-11-14,2005,11,November,14,4,Monday,0
2145,2146,2005-11-15,2005,11,November,15,4,Tuesday,1
2146,2147,2005-11-16,2005,11,November,16,4,Wednesday,2
2147,2148,2005-11-17,2005,11,November,17,4,Thursday,3
2148,2149,2005-11-18,2005,11,November,18,4,Friday,4
2149,2150,2005-11-19,2005,11,November,19,4,Saturday,5
2150,2151,2005-11-20,2005,11,November,20,4,Sunday,6
2151,2152,2005-11-21,2005,11,November,21,4,Monday,0
2152,2153,2005-11-22,2005,11,November,22,4,Tuesday,1
2153,2154,2005-11-23,2005,11,November,23,4,Wednesday,2
2154,2155,2005-11-24,2005,11,November,24,4,Thursday,3
2155,2156,2005-11-25,2005,11,November,25,4,Friday,4
2156,2157,2005-11-26,2005,11,November,26,4,Saturday,5
2157,2158,2005-11-27,2005,11,November,27,4,Sunday,6
2158,2159,2005-11-28,2005,11,November,28,4,Monday,0
2159,2160,2005-11-29,2005,11,November,29,4,Tuesday,1
2160,2161,2005-11-30,2005,11,November,30,4,Wednesday,2
2161,2162,2005-12-01,2005,12,December,1,4,Thursday,3
2162,2163,2005-12-02,2005,12,December,2,4,Friday,4
2163,2164,2005-12-03,2005,12,December,3,4,Saturday,5
2164,2165,2005-12-04,2005,12,December,4,4,Sunday,6
2165,2166,2005-12-05,2005,12,December,5,4,Monday,0
2166,2167,2005-12-06,2005,12,December,6,4,Tuesday,1
2167,2168,2005-12-07,2005,12,December,7,4,Wednesday,2
2168,2169,2005-12-08,2005,12,December,8,4,Thursday,3
2169,2170,2005-12-09,2005,12,December,9,4,Friday,4
2170,2171,2005-12-10,2005,12,December,10,4,Saturday,5
2171,2172,2005-12-11,2005,12,December,11,4,Sunday,6
2172,2173,2005-12-12,2005,12,December,12,4,Monday,0
2173,2174,2005-12-13,2005,12,December,13,4,Tuesday,1
2174,2175,2005-12-14,2005,12,December,14,4,Wednesday,2
2175,2176,2005-12-15,2005,12,December,15,4,Thursday,3
2176,2177,2005-12-16,2005,12,December,16,4,Friday,4
2177,2178,2005-12-17,2005,12,December,17,4,Saturday,5
2178,2179,2005-12-18,2005,12,December,18,4,Sunday,6
2179,2180,2005-12-19,2005,12,December,19,4,Monday,0
2180,2181,2005-12-20,2005,12,December,20,4,Tuesday,1
2181,2182,2005-12-21,2005,12,December,21,4,Wednesday,2
2182,2183,2005-12-22,2005,12,December,22,4,Thursday,3
2183,2184,2005-12-23,2005,12,December,23,4,Friday,4
2184,2185,2005-12-24,2005,12,December,24,4,Saturday,5
2185,2186,2005-12-25,2005,12,December,25,4,Sunday,6
2186,2187,2005-12-26,2005,12,December,26,4,Monday,0
2187,2188,2005-12-27,2005,12,December,27,4,Tuesday,1
2188,2189,2005-12-28,2005,12,December,28,4,Wednesday,2
2189,2190,2005-12-29,2005,12,December,29,4,Thursday,3
2190,2191,2005-12-30,2005,12,December,30,4,Friday,4
2191,2192,2005-12-31,2005,12,December,31,4,Saturday,5
2192,2193,2006-01-01,2006,1,January,1,1,Sunday,6
2193,2194,2006-01-02,2006,1,January,2,1,Monday,0
2194,2195,2006-01-03,2006,1,January,3,1,Tuesday,1
2195,2196,2006-01-04,2006,1,January,4,1,Wednesday,2
2196,2197,2006-01-05,2006,1,January,5,1,Thursday,3
2197,2198,2006-01-06,2006,1,January,6,1,Friday,4
2198,2199,2006-01-07,2006,1,January,7,1,Saturday,5
2199,2200,2006-01-08,2006,1,January,8,1,Sunday,6
2200,2201,2006-01-09,2006,1,January,9,1,Monday,0
2201,2202,2006-01-10,2006,1,January,10,1,Tuesday,1
2202,2203,2006-01-11,2006,1,January,11,1,Wednesday,2
2203,2204,2006-01-12,2006,1,January,12,1,Thursday,3
2204,2205,2006-01-13,2006,1,January,13,1,Friday,4
2205,2206,2006-01-14,2006,1,January,14,1,Saturday,5
2206,2207,2006-01-15,2006,1,January,15,1,Sunday,6
2207,2208,2006-01-16,2006,1,January,16,1,Monday,0
2208,2209,2006-01-17,2006,1,January,17,1,Tuesday,1
2209,2210,2006-01-18,2006,1,January,18,1,Wednesday,2
2210,2211,2006-01-19,2006,1,January,19,1,Thursday,3
2211,2212,2006-01-20,2006,1,January,20,1,Friday,4
2212,2213,2006-01-21,2006,1,January,21,1,Saturday,5
2213,2214,2006-01-22,2006,1,January,22,1,Sunday,6
2214,2215,2006-01-23,2006,1,January,23,1,Monday,0
2215,2216,2006-01-24,2006,1,January,24,1,Tuesday,1
2216,2217,2006-01-25,2006,1,January,25,1,Wednesday,2
2217,2218,2006-01-26,2006,1,January,26,1,Thursday,3
2218,2219,2006-01-27,2006,1,January,27,1,Friday,4
2219,2220,2006-01-28,2006,1,January,28,1,Saturday,5
2220,2221,2006-01-29,2006,1,January,29,1,Sunday,6
2221,2222,2006-01-30,2006,1,January,30,1,Monday,0
2222,2223,2006-01-31,2006,1,January,31,1,Tuesday,1
2223,2224,2006-02-01,2006,2,February,1,1,Wednesday,2
2224,2225,2006-02-02,2006,2,February,2,1,Thursday,3
2225,2226,2006-02-03,2006,2,February,3,1,Friday,4
2226,2227,2006-02-04,2006,2,February,4,1,Saturday,5
2227,2228,2006-02-05,2006,2,February,5,1,Sunday,6
2228,2229,2006-02-06,2006,2,February,6,1,Monday,0
2229,2230,2006-02-07,2006,2,February,7,1,Tuesday,1
2230,2231,2006-02-08,2006,2,February,8,1,Wednesday,2
2231,2232,2006-02-09,2006,2,February,9,1,Thursday,3
2232,2233,2006-02-10,2006,2,February,10,1,Friday,4
2233,2234,2006-02-11,2006,2,February,11,1,Saturday,5
2234,2235,2006-02-12,2006,2,February,12,1,Sunday,6
2235,2236,2006-02-13,2006,2,February,13,1,Monday,0
2236,2237,2006-02-14,2006,2,February,14,1,Tuesday,1
2237,2238,2006-02-15,2006,2,February,15,1,Wednesday,2
2238,2239,2006-02-16,2006,2,February,16,1,Thursday,3
2239,2240,2006-02-17,2006,2,February,17,1,Friday,4
2240,2241,2006-02-18,2006,2,February,18,1,Saturday,5
2241,2242,2006-02-19,2006,2,February,19,1,Sunday,6
2242,2243,2006-02-20,2006,2,February,20,1,Monday,0
2243,2244,2006-02-21,2006,2,February,21,1,Tuesday,1
2244,2245,2006-02-22,2006,2,February,22,1,Wednesday,2
2245,2246,2006-02-23,2006,2,February,23,1,Thursday,3
2246,2247,2006-02-24,2006,2,February,24,1,Friday,4
2247,2248,2006-02-25,2006,2,February,25,1,Saturday,5
2248,2249,2006-02-26,2006,2,February,26,1,Sunday,6
2249,2250,2006-02-27,2006,2,February,27,1,Monday,0
2250,2251,2006-02-28,2006,2,February,28,1,Tuesday,1
2251,2252,2006-03-01,2006,3,March,1,1,Wednesday,2
2252,2253,2006-03-02,2006,3,March,2,1,Thursday,3
2253,2254,2006-03-03,2006,3,March,3,1,Friday,4
2254,2255,2006-03-04,2006,3,March,4,1,Saturday,5
2255,2256,2006-03-05,2006,3,March,5,1,Sunday,6
2256,2257,2006-03-06,2006,3,March,6,1,Monday,0
2257,2258,2006-03-07,2006,3,March,7,1,Tuesday,1
2258,2259,2006-03-08,2006,3,March,8,1,Wednesday,2
2259,2260,2006-03-09,2006,3,March,9,1,Thursday,3
2260,2261,2006-03-10,2006,3,March,10,1,Friday,4
2261,2262,2006-03-11,2006,3,March,11,1,Saturday,5
2262,2263,2006-03-12,2006,3,March,12,1,Sunday,6
2263,2264,2006-03-13,2006,3,March,13,1,Monday,0
2264,2265,2006-03-14,2006,3,March,14,1,Tuesday,1
2265,2266,2006-03-15,2006,3,March,15,1,Wednesday,2
2266,2267,2006-03-16,2006,3,March,16,1,Thursday,3
2267,2268,2006-03-17,2006,3,March,17,1,Friday,4
2268,2269,2006-03-18,2006,3,March,18,1,Saturday,5
2269,2270,2006-03-19,2006,3,March,19,1,Sunday,6
2270,2271,2006-03-20,2006,3,March,20,1,Monday,0
2271,2272,2006-03-21,2006,3,March,21,1,Tuesday,1
2272,2273,2006-03-22,2006,3,March,22,1,Wednesday,2
2273,2274,2006-03-23,2006,3,March,23,1,Thursday,3
2274,2275,2006-03-24,2006,3,March,24,1,Friday,4
2275,2276,2006-03-25,2006,3,March,25,1,Saturday,5
2276,2277,2006-03-26,2006,3,March,26,1,Sunday,6
2277,2278,2006-03-27,2006,3,March,27,1,Monday,0
2278,2279,2006-03-28,2006,3,March,28,1,Tuesday,1
2279,2280,2006-03-29,2006,3,March,29,1,Wednesday,2
2280,2281,2006-03-30,2006,3,March,30,1,Thursday,3
2281,2282,2006-03-31,2006,3,March,31,1,Friday,4
2282,2283,2006-04-01,2006,4,April,1,2,Saturday,5
2283,2284,2006-04-02,2006,4,April,2,2,Sunday,6
2284,2285,2006-04-03,2006,4,April,3,2,Monday,0
2285,2286,2006-04-04,2006,4,April,4,2,Tuesday,1
2286,2287,2006-04-05,2006,4,April,5,2,Wednesday,2
2287,2288,2006-04-06,2006,4,April,6,2,Thursday,3
2288,2289,2006-04-07,2006,4,April,7,2,Friday,4
2289,2290,2006-04-08,2006,4,April,8,2,Saturday,5
2290,2291,2006-04-09,2006,4,April,9,2,Sunday,6
2291,2292,2006-04-10,2006,4,April,10,2,Monday,0
2292,2293,2006-04-11,2006,4,April,11,2,Tuesday,1
2293,2294,2006-04-12,2006,4,April,12,2,Wednesday,2
2294,2295,2006-04-13,2006,4,April,13,2,Thursday,3
2295,2296,2006-04-14,2006,4,April,14,2,Friday,4
2296,2297,2006-04-15,2006,4,April,15,2,Saturday,5
2297,2298,2006-04-16,2006,4,April,16,2,Sunday,6
2298,2299,2006-04-17,2006,4,April,17,2,Monday,0
2299,2300,2006-04-18,2006,4,April,18,2,Tuesday,1
2300,2301,2006-04-19,2006,4,April,19,2,Wednesday,2
2301,2302,2006-04-20,2006,4,April,20,2,Thursday,3
2302,2303,2006-04-21,2006,4,April,21,2,Friday,4
2303,2304,2006-04-22,2006,4,April,22,2,Saturday,5
2304,2305,2006-04-23,2006,4,April,23,2,Sunday,6
2305,2306,2006-04-24,2006,4,April,24,2,Monday,0
2306,2307,2006-04-25,2006,4,April,25,2,Tuesday,1
2307,2308,2006-04-26,2006,4,April,26,2,Wednesday,2
2308,2309,2006-04-27,2006,4,April,27,2,Thursday,3
2309,2310,2006-04-28,2006,4,April,28,2,Friday,4
2310,2311,2006-04-29,2006,4,April,29,2,Saturday,5
2311,2312,2006-04-30,2006,4,April,30,2,Sunday,6
2312,2313,2006-05-01,2006,5,May,1,2,Monday,0
2313,2314,2006-05-02,2006,5,May,2,2,Tuesday,1
2314,2315,2006-05-03,2006,5,May,3,2,Wednesday,2
2315,2316,2006-05-04,2006,5,May,4,2,Thursday,3
2316,2317,2006-05-05,2006,5,May,5,2,Friday,4
2317,2318,2006-05-06,2006,5,May,6,2,Saturday,5
2318,2319,2006-05-07,2006,5,May,7,2,Sunday,6
2319,2320,2006-05-08,2006,5,May,8,2,Monday,0
2320,2321,2006-05-09,2006,5,May,9,2,Tuesday,1
2321,2322,2006-05-10,2006,5,May,10,2,Wednesday,2
2322,2323,2006-05-11,2006,5,May,11,2,Thursday,3
2323,2324,2006-05-12,2006,5,May,12,2,Friday,4
2324,2325,2006-05-13,2006,5,May,13,2,Saturday,5
2325,2326,2006-05-14,2006,5,May,14,2,Sunday,6
2326,2327,2006-05-15,2006,5,May,15,2,Monday,0
2327,2328,2006-05-16,2006,5,May,16,2,Tuesday,1
2328,2329,2006-05-17,2006,5,May,17,2,Wednesday,2
2329,2330,2006-05-18,2006,5,May,18,2,Thursday,3
2330,2331,2006-05-19,2006,5,May,19,2,Friday,4
2331,2332,2006-05-20,2006,5,May,20,2,Saturday,5
2332,2333,2006-05-21,2006,5,May,21,2,Sunday,6
2333,2334,2006-05-22,2006,5,May,22,2,Monday,0
2334,2335,2006-05-23,2006,5,May,23,2,Tuesday,1
2335,2336,2006-05-24,2006,5,May,24,2,Wednesday,2
2336,2337,2006-05-25,2006,5,May,25,2,Thursday,3
2337,2338,2006-05-26,2006,5,May,26,2,Friday,4
2338,2339,2006-05-27,2006,5,May,27,2,Saturday,5
2339,2340,2006-05-28,2006,5,May,28,2,Sunday,6
2340,2341,2006-05-29,2006,5,May,29,2,Monday,0
2341,2342,2006-05-30,2006,5,May,30,2,Tuesday,1
2342,2343,2006-05-31,2006,5,May,31,2,Wednesday,2
2343,2344,2006-06-01,2006,6,June,1,2,Thursday,3
2344,2345,2006-06-02,2006,6,June,2,2,Friday,4
2345,2346,2006-06-03,2006,6,June,3,2,Saturday,5
2346,2347,2006-06-04,2006,6,June,4,2,Sunday,6
2347,2348,2006-06-05,2006,6,June,5,2,Monday,0
2348,2349,2006-06-06,2006,6,June,6,2,Tuesday,1
2349,2350,2006-06-07,2006,6,June,7,2,Wednesday,2
2350,2351,2006-06-08,2006,6,June,8,2,Thursday,3
2351,2352,2006-06-09,2006,6,June,9,2,Friday,4
2352,2353,2006-06-10,2006,6,June,10,2,Saturday,5
2353,2354,2006-06-11,2006,6,June,11,2,Sunday,6
2354,2355,2006-06-12,2006,6,June,12,2,Monday,0
2355,2356,2006-06-13,2006,6,June,13,2,Tuesday,1
2356,2357,2006-06-14,2006,6,June,14,2,Wednesday,2
2357,2358,2006-06-15,2006,6,June,15,2,Thursday,3
2358,2359,2006-06-16,2006,6,June,16,2,Friday,4
2359,2360,2006-06-17,2006,6,June,17,2,Saturday,5
2360,2361,2006-06-18,2006,6,June,18,2,Sunday,6
2361,2362,2006-06-19,2006,6,June,19,2,Monday,0
2362,2363,2006-06-20,2006,6,June,20,2,Tuesday,1
2363,2364,2006-06-21,2006,6,June,21,2,Wednesday,2
2364,2365,2006-06-22,2006,6,June,22,2,Thursday,3
2365,2366,2006-06-23,2006,6,June,23,2,Friday,4
2366,2367,2006-06-24,2006,6,June,24,2,Saturday,5
2367,2368,2006-06-25,2006,6,June,25,2,Sunday,6
2368,2369,2006-06-26,2006,6,June,26,2,Monday,0
2369,2370,2006-06-27,2006,6,June,27,2,Tuesday,1
2370,2371,2006-06-28,2006,6,June,28,2,Wednesday,2
2371,2372,2006-06-29,2006,6,June,29,2,Thursday,3
2372,2373,2006-06-30,2006,6,June,30,2,Friday,4
2373,2374,2006-07-01,2006,7,July,1,3,Saturday,5
2374,2375,2006-07-02,2006,7,July,2,3,Sunday,6
2375,2376,2006-07-03,2006,7,July,3,3,Monday,0
2376,2377,2006-07-04,2006,7,July,4,3,Tuesday,1
2377,2378,2006-07-05,2006,7,July,5,3,Wednesday,2
2378,2379,2006-07-06,2006,7,July,6,3,Thursday,3
2379,2380,2006-07-07,2006,7,July,7,3,Friday,4
2380,2381,2006-07-08,2006,7,July,8,3,Saturday,5
2381,2382,2006-07-09,2006,7,July,9,3,Sunday,6
2382,2383,2006-07-10,2006,7,July,10,3,Monday,0
2383,2384,2006-07-11,2006,7,July,11,3,Tuesday,1
2384,2385,2006-07-12,2006,7,July,12,3,Wednesday,2
2385,2386,2006-07-13,2006,7,July,13,3,Thursday,3
2386,2387,2006-07-14,2006,7,July,14,3,Friday,4
2387,2388,2006-07-15,2006,7,July,15,3,Saturday,5
2388,2389,2006-07-16,2006,7,July,16,3,Sunday,6
2389,2390,2006-07-17,2006,7,July,17,3,Monday,0
2390,2391,2006-07-18,2006,7,July,18,3,Tuesday,1
2391,2392,2006-07-19,2006,7,July,19,3,Wednesday,2
2392,2393,2006-07-20,2006,7,July,20,3,Thursday,3
2393,2394,2006-07-21,2006,7,July,21,3,Friday,4
2394,2395,2006-07-22,2006,7,July,22,3,Saturday,5
2395,2396,2006-07-23,2006,7,July,23,3,Sunday,6
2396,2397,2006-07-24,2006,7,July,24,3,Monday,0
2397,2398,2006-07-25,2006,7,July,25,3,Tuesday,1
2398,2399,2006-07-26,2006,7,July,26,3,Wednesday,2
2399,2400,2006-07-27,2006,7,July,27,3,Thursday,3
2400,2401,2006-07-28,2006,7,July,28,3,Friday,4
2401,2402,2006-07-29,2006,7,July,29,3,Saturday,5
2402,2403,2006-07-30,2006,7,July,30,3,Sunday,6
2403,2404,2006-07-31,2006,7,July,31,3,Monday,0
2404,2405,2006-08-01,2006,8,August,1,3,Tuesday,1
2405,2406,2006-08-02,2006,8,August,2,3,Wednesday,2
2406,2407,2006-08-03,2006,8,August,3,3,Thursday,3
2407,2408,2006-08-04,2006,8,August,4,3,Friday,4
2408,2409,2006-08-05,2006,8,August,5,3,Saturday,5
2409,2410,2006-08-06,2006,8,August,6,3,Sunday,6
2410,2411,2006-08-07,2006,8,August,7,3,Monday,0
2411,2412,2006-08-08,2006,8,August,8,3,Tuesday,1
2412,2413,2006-08-09,2006,8,August,9,3,Wednesday,2
2413,2414,2006-08-10,2006,8,August,10,3,Thursday,3
2414,2415,2006-08-11,2006,8,August,11,3,Friday,4
2415,2416,2006-08-12,2006,8,August,12,3,Saturday,5
2416,2417,2006-08-13,2006,8,August,13,3,Sunday,6
2417,2418,2006-08-14,2006,8,August,14,3,Monday,0
2418,2419,2006-08-15,2006,8,August,15,3,Tuesday,1
2419,2420,2006-08-16,2006,8,August,16,3,Wednesday,2
2420,2421,2006-08-17,2006,8,August,17,3,Thursday,3
2421,2422,2006-08-18,2006,8,August,18,3,Friday,4
2422,2423,2006-08-19,2006,8,August,19,3,Saturday,5
2423,2424,2006-08-20,2006,8,August,20,3,Sunday,6
2424,2425,2006-08-21,2006,8,August,21,3,Monday,0
2425,2426,2006-08-22,2006,8,August,22,3,Tuesday,1
2426,2427,2006-08-23,2006,8,August,23,3,Wednesday,2
2427,2428,2006-08-24,2006,8,August,24,3,Thursday,3
2428,2429,2006-08-25,2006,8,August,25,3,Friday,4
2429,2430,2006-08-26,2006,8,August,26,3,Saturday,5
2430,2431,2006-08-27,2006,8,August,27,3,Sunday,6
2431,2432,2006-08-28,2006,8,August,28,3,Monday,0
2432,2433,2006-08-29,2006,8,August,29,3,Tuesday,1
2433,2434,2006-08-30,2006,8,August,30,3,Wednesday,2
2434,2435,2006-08-31,2006,8,August,31,3,Thursday,3
2435,2436,2006-09-01,2006,9,September,1,3,Friday,4
2436,2437,2006-09-02,2006,9,September,2,3,Saturday,5
2437,2438,2006-09-03,2006,9,September,3,3,Sunday,6
2438,2439,2006-09-04,2006,9,September,4,3,Monday,0
2439,2440,2006-09-05,2006,9,September,5,3,Tuesday,1
2440,2441,2006-09-06,2006,9,September,6,3,Wednesday,2
2441,2442,2006-09-07,2006,9,September,7,3,Thursday,3
2442,2443,2006-09-08,2006,9,September,8,3,Friday,4
2443,2444,2006-09-09,2006,9,September,9,3,Saturday,5
2444,2445,2006-09-10,2006,9,September,10,3,Sunday,6
2445,2446,2006-09-11,2006,9,September,11,3,Monday,0
2446,2447,2006-09-12,2006,9,September,12,3,Tuesday,1
2447,2448,2006-09-13,2006,9,September,13,3,Wednesday,2
2448,2449,2006-09-14,2006,9,September,14,3,Thursday,3
2449,2450,2006-09-15,2006,9,September,15,3,Friday,4
2450,2451,2006-09-16,2006,9,September,16,3,Saturday,5
2451,2452,2006-09-17,2006,9,September,17,3,Sunday,6
2452,2453,2006-09-18,2006,9,September,18,3,Monday,0
2453,2454,2006-09-19,2006,9,September,19,3,Tuesday,1
2454,2455,2006-09-20,2006,9,September,20,3,Wednesday,2
2455,2456,2006-09-21,2006,9,September,21,3,Thursday,3
2456,2457,2006-09-22,2006,9,September,22,3,Friday,4
2457,2458,2006-09-23,2006,9,September,23,3,Saturday,5
2458,2459,2006-09-24,2006,9,September,24,3,Sunday,6
2459,2460,2006-09-25,2006,9,September,25,3,Monday,0
2460,2461,2006-09-26,2006,9,September,26,3,Tuesday,1
2461,2462,2006-09-27,2006,9,September,27,3,Wednesday,2
2462,2463,2006-09-28,2006,9,September,28,3,Thursday,3
2463,2464,2006-09-29,2006,9,September,29,3,Friday,4
2464,2465,2006-09-30,2006,9,September,30,3,Saturday,5
2465,2466,2006-10-01,2006,10,October,1,4,Sunday,6
2466,2467,2006-10-02,2006,10,October,2,4,Monday,0
2467,2468,2006-10-03,2006,10,October,3,4,Tuesday,1
2468,2469,2006-10-04,2006,10,October,4,4,Wednesday,2
2469,2470,2006-10-05,2006,10,October,5,4,Thursday,3
2470,2471,2006-10-06,2006,10,October,6,4,Friday,4
2471,2472,2006-10-07,2006,10,October,7,4,Saturday,5
2472,2473,2006-10-08,2006,10,October,8,4,Sunday,6
2473,2474,2006-10-09,2006,10,October,9,4,Monday,0
2474,2475,2006-10-10,2006,10,October,10,4,Tuesday,1
2475,2476,2006-10-11,2006,10,October,11,4,Wednesday,2
2476,2477,2006-10-12,2006,10,October,12,4,Thursday,3
2477,2478,2006-10-13,2006,10,October,13,4,Friday,4
2478,2479,2006-10-14,2006,10,October,14,4,Saturday,5
2479,2480,2006-10-15,2006,10,October,15,4,Sunday,6
2480,2481,2006-10-16,2006,10,October,16,4,Monday,0
2481,2482,2006-10-17,2006,10,October,17,4,Tuesday,1
2482,2483,2006-10-18,2006,10,October,18,4,Wednesday,2
2483,2484,2006-10-19,2006,10,October,19,4,Thursday,3
2484,2485,2006-10-20,2006,10,October,20,4,Friday,4
2485,2486,2006-10-21,2006,10,October,21,4,Saturday,5
2486,2487,2006-10-22,2006,10,October,22,4,Sunday,6
2487,2488,2006-10-23,2006,10,October,23,4,Monday,0
2488,2489,2006-10-24,2006,10,October,24,4,Tuesday,1
2489,2490,2006-10-25,2006,10,October,25,4,Wednesday,2
2490,2491,2006-10-26,2006,10,October,26,4,Thursday,3
2491,2492,2006-10-27,2006,10,October,27,4,Friday,4
2492,2493,2006-10-28,2006,10,October,28,4,Saturday,5
2493,2494,2006-10-29,2006,10,October,29,4,Sunday,6
2494,2495,2006-10-30,2006,10,October,30,4,Monday,0
2495,2496,2006-10-31,2006,10,October,31,4,Tuesday,1
2496,2497,2006-11-01,2006,11,November,1,4,Wednesday,2
2497,2498,2006-11-02,2006,11,November,2,4,Thursday,3
2498,2499,2006-11-03,2006,11,November,3,4,Friday,4
2499,2500,2006-11-04,2006,11,November,4,4,Saturday,5
2500,2501,2006-11-05,2006,11,November,5,4,Sunday,6
2501,2502,2006-11-06,2006,11,November,6,4,Monday,0
2502,2503,2006-11-07,2006,11,November,7,4,Tuesday,1
2503,2504,2006-11-08,2006,11,November,8,4,Wednesday,2
2504,2505,2006-11-09,2006,11,November,9,4,Thursday,3
2505,2506,2006-11-10,2006,11,November,10,4,Friday,4
2506,2507,2006-11-11,2006,11,November,11,4,Saturday,5
2507,2508,2006-11-12,2006,11,November,12,4,Sunday,6
2508,2509,2006-11-13,2006,11,November,13,4,Monday,0
2509,2510,2006-11-14,2006,11,November,14,4,Tuesday,1
2510,2511,2006-11-15,2006,11,November,15,4,Wednesday,2
2511,2512,2006-11-16,2006,11,November,16,4,Thursday,3
2512,2513,2006-11-17,2006,11,November,17,4,Friday,4
2513,2514,2006-11-18,2006,11,November,18,4,Saturday,5
2514,2515,2006-11-19,2006,11,November,19,4,Sunday,6
2515,2516,2006-11-20,2006,11,November,20,4,Monday,0
2516,2517,2006-11-21,2006,11,November,21,4,Tuesday,1
2517,2518,2006-11-22,2006,11,November,22,4,Wednesday,2
2518,2519,2006-11-23,2006,11,November,23,4,Thursday,3
2519,2520,2006-11-24,2006,11,November,24,4,Friday,4
2520,2521,2006-11-25,2006,11,November,25,4,Saturday,5
2521,2522,2006-11-26,2006,11,November,26,4,Sunday,6
2522,2523,2006-11-27,2006,11,November,27,4,Monday,0
2523,2524,2006-11-28,2006,11,November,28,4,Tuesday,1
2524,2525,2006-11-29,2006,11,November,29,4,Wednesday,2
2525,2526,2006-11-30,2006,11,November,30,4,Thursday,3
2526,2527,2006-12-01,2006,12,December,1,4,Friday,4
2527,2528,2006-12-02,2006,12,December,2,4,Saturday,5
2528,2529,2006-12-03,2006,12,December,3,4,Sunday,6
2529,2530,2006-12-04,2006,12,December,4,4,Monday,0
2530,2531,2006-12-05,2006,12,December,5,4,Tuesday,1
2531,2532,2006-12-06,2006,12,December,6,4,Wednesday,2
2532,2533,2006-12-07,2006,12,December,7,4,Thursday,3
2533,2534,2006-12-08,2006,12,December,8,4,Friday,4
2534,2535,2006-12-09,2006,12,December,9,4,Saturday,5
2535,2536,2006-12-10,2006,12,December,10,4,Sunday,6
2536,2537,2006-12-11,2006,12,December,11,4,Monday,0
2537,2538,2006-12-12,2006,12,December,12,4,Tuesday,1
2538,2539,2006-12-13,2006,12,December,13,4,Wednesday,2
2539,2540,2006-12-14,2006,12,December,14,4,Thursday,3
2540,2541,2006-12-15,2006,12,December,15,4,Friday,4
2541,2542,2006-12-16,2006,12,December,16,4,Saturday,5
2542,2543,2006-12-17,2006,12,December,17,4,Sunday,6
2543,2544,2006-12-18,2006,12,December,18,4,Monday,0
2544,2545,2006-12-19,2006,12,December,19,4,Tuesday,1
2545,2546,2006-12-20,2006,12,December,20,4,Wednesday,2
2546,2547,2006-12-21,2006,12,December,21,4,Thursday,3
2547,2548,2006-12-22,2006,12,December,22,4,Friday,4
2548,2549,2006-12-23,2006,12,December,23,4,Saturday,5
2549,2550,2006-12-24,2006,12,December,24,4,Sunday,6
2550,2551,2006-12-25,2006,12,December,25,4,Monday,0
2551,2552,2006-12-26,2006,12,December,26,4,Tuesday,1
2552,2553,2006-12-27,2006,12,December,27,4,Wednesday,2
2553,2554,2006-12-28,2006,12,December,28,4,Thursday,3
2554,2555,2006-12-29,2006,12,December,29,4,Friday,4
2555,2556,2006-12-30,2006,12,December,30,4,Saturday,5
2556,2557,2006-12-31,2006,12,December,31,4,Sunday,6
2557,2558,2007-01-01,2007,1,January,1,1,Monday,0
2558,2559,2007-01-02,2007,1,January,2,1,Tuesday,1
2559,2560,2007-01-03,2007,1,January,3,1,Wednesday,2
2560,2561,2007-01-04,2007,1,January,4,1,Thursday,3
2561,2562,2007-01-05,2007,1,January,5,1,Friday,4
2562,2563,2007-01-06,2007,1,January,6,1,Saturday,5
2563,2564,2007-01-07,2007,1,January,7,1,Sunday,6
2564,2565,2007-01-08,2007,1,January,8,1,Monday,0
2565,2566,2007-01-09,2007,1,January,9,1,Tuesday,1
2566,2567,2007-01-10,2007,1,January,10,1,Wednesday,2
2567,2568,2007-01-11,2007,1,January,11,1,Thursday,3
2568,2569,2007-01-12,2007,1,January,12,1,Friday,4
2569,2570,2007-01-13,2007,1,January,13,1,Saturday,5
2570,2571,2007-01-14,2007,1,January,14,1,Sunday,6
2571,2572,2007-01-15,2007,1,January,15,1,Monday,0
2572,2573,2007-01-16,2007,1,January,16,1,Tuesday,1
2573,2574,2007-01-17,2007,1,January,17,1,Wednesday,2
2574,2575,2007-01-18,2007,1,January,18,1,Thursday,3
2575,2576,2007-01-19,2007,1,January,19,1,Friday,4
2576,2577,2007-01-20,2007,1,January,20,1,Saturday,5
2577,2578,2007-01-21,2007,1,January,21,1,Sunday,6
2578,2579,2007-01-22,2007,1,January,22,1,Monday,0
2579,2580,2007-01-23,2007,1,January,23,1,Tuesday,1
2580,2581,2007-01-24,2007,1,January,24,1,Wednesday,2
2581,2582,2007-01-25,2007,1,January,25,1,Thursday,3
2582,2583,2007-01-26,2007,1,January,26,1,Friday,4
2583,2584,2007-01-27,2007,1,January,27,1,Saturday,5
2584,2585,2007-01-28,2007,1,January,28,1,Sunday,6
2585,2586,2007-01-29,2007,1,January,29,1,Monday,0
2586,2587,2007-01-30,2007,1,January,30,1,Tuesday,1
2587,2588,2007-01-31,2007,1,January,31,1,Wednesday,2
2588,2589,2007-02-01,2007,2,February,1,1,Thursday,3
2589,2590,2007-02-02,2007,2,February,2,1,Friday,4
2590,2591,2007-02-03,2007,2,February,3,1,Saturday,5
2591,2592,2007-02-04,2007,2,February,4,1,Sunday,6
2592,2593,2007-02-05,2007,2,February,5,1,Monday,0
2593,2594,2007-02-06,2007,2,February,6,1,Tuesday,1
2594,2595,2007-02-07,2007,2,February,7,1,Wednesday,2
2595,2596,2007-02-08,2007,2,February,8,1,Thursday,3
2596,2597,2007-02-09,2007,2,February,9,1,Friday,4
2597,2598,2007-02-10,2007,2,February,10,1,Saturday,5
2598,2599,2007-02-11,2007,2,February,11,1,Sunday,6
2599,2600,2007-02-12,2007,2,February,12,1,Monday,0
2600,2601,2007-02-13,2007,2,February,13,1,Tuesday,1
2601,2602,2007-02-14,2007,2,February,14,1,Wednesday,2
2602,2603,2007-02-15,2007,2,February,15,1,Thursday,3
2603,2604,2007-02-16,2007,2,February,16,1,Friday,4
2604,2605,2007-02-17,2007,2,February,17,1,Saturday,5
2605,2606,2007-02-18,2007,2,February,18,1,Sunday,6
2606,2607,2007-02-19,2007,2,February,19,1,Monday,0
2607,2608,2007-02-20,2007,2,February,20,1,Tuesday,1
2608,2609,2007-02-21,2007,2,February,21,1,Wednesday,2
2609,2610,2007-02-22,2007,2,February,22,1,Thursday,3
2610,2611,2007-02-23,2007,2,February,23,1,Friday,4
2611,2612,2007-02-24,2007,2,February,24,1,Saturday,5
2612,2613,2007-02-25,2007,2,February,25,1,Sunday,6
2613,2614,2007-02-26,2007,2,February,26,1,Monday,0
2614,2615,2007-02-27,2007,2,February,27,1,Tuesday,1
2615,2616,2007-02-28,2007,2,February,28,1,Wednesday,2
2616,2617,2007-03-01,2007,3,March,1,1,Thursday,3
2617,2618,2007-03-02,2007,3,March,2,1,Friday,4
2618,2619,2007-03-03,2007,3,March,3,1,Saturday,5
2619,2620,2007-03-04,2007,3,March,4,1,Sunday,6
2620,2621,2007-03-05,2007,3,March,5,1,Monday,0
2621,2622,2007-03-06,2007,3,March,6,1,Tuesday,1
2622,2623,2007-03-07,2007,3,March,7,1,Wednesday,2
2623,2624,2007-03-08,2007,3,March,8,1,Thursday,3
2624,2625,2007-03-09,2007,3,March,9,1,Friday,4
2625,2626,2007-03-10,2007,3,March,10,1,Saturday,5
2626,2627,2007-03-11,2007,3,March,11,1,Sunday,6
2627,2628,2007-03-12,2007,3,March,12,1,Monday,0
2628,2629,2007-03-13,2007,3,March,13,1,Tuesday,1
2629,2630,2007-03-14,2007,3,March,14,1,Wednesday,2
2630,2631,2007-03-15,2007,3,March,15,1,Thursday,3
2631,2632,2007-03-16,2007,3,March,16,1,Friday,4
2632,2633,2007-03-17,2007,3,March,17,1,Saturday,5
2633,2634,2007-03-18,2007,3,March,18,1,Sunday,6
2634,2635,2007-03-19,2007,3,March,19,1,Monday,0
2635,2636,2007-03-20,2007,3,March,20,1,Tuesday,1
2636,2637,2007-03-21,2007,3,March,21,1,Wednesday,2
2637,2638,2007-03-22,2007,3,March,22,1,Thursday,3
2638,2639,2007-03-23,2007,3,March,23,1,Friday,4
2639,2640,2007-03-24,2007,3,March,24,1,Saturday,5
2640,2641,2007-03-25,2007,3,March,25,1,Sunday,6
2641,2642,2007-03-26,2007,3,March,26,1,Monday,0
2642,2643,2007-03-27,2007,3,March,27,1,Tuesday,1
2643,2644,2007-03-28,2007,3,March,28,1,Wednesday,2
2644,2645,2007-03-29,2007,3,March,29,1,Thursday,3
2645,2646,2007-03-30,2007,3,March,30,1,Friday,4
2646,2647,2007-03-31,2007,3,March,31,1,Saturday,5
2647,2648,2007-04-01,2007,4,April,1,2,Sunday,6
2648,2649,2007-04-02,2007,4,April,2,2,Monday,0
2649,2650,2007-04-03,2007,4,April,3,2,Tuesday,1
2650,2651,2007-04-04,2007,4,April,4,2,Wednesday,2
2651,2652,2007-04-05,2007,4,April,5,2,Thursday,3
2652,2653,2007-04-06,2007,4,April,6,2,Friday,4
2653,2654,2007-04-07,2007,4,April,7,2,Saturday,5
2654,2655,2007-04-08,2007,4,April,8,2,Sunday,6
2655,2656,2007-04-09,2007,4,April,9,2,Monday,0
2656,2657,2007-04-10,2007,4,April,10,2,Tuesday,1
2657,2658,2007-04-11,2007,4,April,11,2,Wednesday,2
2658,2659,2007-04-12,2007,4,April,12,2,Thursday,3
2659,2660,2007-04-13,2007,4,April,13,2,Friday,4
2660,2661,2007-04-14,2007,4,April,14,2,Saturday,5
2661,2662,2007-04-15,2007,4,April,15,2,Sunday,6
2662,2663,2007-04-16,2007,4,April,16,2,Monday,0
2663,2664,2007-04-17,2007,4,April,17,2,Tuesday,1
2664,2665,2007-04-18,2007,4,April,18,2,Wednesday,2
2665,2666,2007-04-19,2007,4,April,19,2,Thursday,3
2666,2667,2007-04-20,2007,4,April,20,2,Friday,4
2667,2668,2007-04-21,2007,4,April,21,2,Saturday,5
2668,2669,2007-04-22,2007,4,April,22,2,Sunday,6
2669,2670,2007-04-23,2007,4,April,23,2,Monday,0
2670,2671,2007-04-24,2007,4,April,24,2,Tuesday,1
2671,2672,2007-04-25,2007,4,April,25,2,Wednesday,2
2672,2673,2007-04-26,2007,4,April,26,2,Thursday,3
2673,2674,2007-04-27,2007,4,April,27,2,Friday,4
2674,2675,2007-04-28,2007,4,April,28,2,Saturday,5
2675,2676,2007-04-29,2007,4,April,29,2,Sunday,6
2676,2677,2007-04-30,2007,4,April,30,2,Monday,0
2677,2678,2007-05-01,2007,5,May,1,2,Tuesday,1
2678,2679,2007-05-02,2007,5,May,2,2,Wednesday,2
2679,2680,2007-05-03,2007,5,May,3,2,Thursday,3
2680,2681,2007-05-04,2007,5,May,4,2,Friday,4
2681,2682,2007-05-05,2007,5,May,5,2,Saturday,5
2682,2683,2007-05-06,2007,5,May,6,2,Sunday,6
2683,2684,2007-05-07,2007,5,May,7,2,Monday,0
2684,2685,2007-05-08,2007,5,May,8,2,Tuesday,1
2685,2686,2007-05-09,2007,5,May,9,2,Wednesday,2
2686,2687,2007-05-10,2007,5,May,10,2,Thursday,3
2687,2688,2007-05-11,2007,5,May,11,2,Friday,4
2688,2689,2007-05-12,2007,5,May,12,2,Saturday,5
2689,2690,2007-05-13,2007,5,May,13,2,Sunday,6
2690,2691,2007-05-14,2007,5,May,14,2,Monday,0
2691,2692,2007-05-15,2007,5,May,15,2,Tuesday,1
2692,2693,2007-05-16,2007,5,May,16,2,Wednesday,2
2693,2694,2007-05-17,2007,5,May,17,2,Thursday,3
2694,2695,2007-05-18,2007,5,May,18,2,Friday,4
2695,2696,2007-05-19,2007,5,May,19,2,Saturday,5
2696,2697,2007-05-20,2007,5,May,20,2,Sunday,6
2697,2698,2007-05-21,2007,5,May,21,2,Monday,0
2698,2699,2007-05-22,2007,5,May,22,2,Tuesday,1
2699,2700,2007-05-23,2007,5,May,23,2,Wednesday,2
2700,2701,2007-05-24,2007,5,May,24,2,Thursday,3
2701,2702,2007-05-25,2007,5,May,25,2,Friday,4
2702,2703,2007-05-26,2007,5,May,26,2,Saturday,5
2703,2704,2007-05-27,2007,5,May,27,2,Sunday,6
2704,2705,2007-05-28,2007,5,May,28,2,Monday,0
2705,2706,2007-05-29,2007,5,May,29,2,Tuesday,1
2706,2707,2007-05-30,2007,5,May,30,2,Wednesday,2
2707,2708,2007-05-31,2007,5,May,31,2,Thursday,3
2708,2709,2007-06-01,2007,6,June,1,2,Friday,4
2709,2710,2007-06-02,2007,6,June,2,2,Saturday,5
2710,2711,2007-06-03,2007,6,June,3,2,Sunday,6
2711,2712,2007-06-04,2007,6,June,4,2,Monday,0
2712,2713,2007-06-05,2007,6,June,5,2,Tuesday,1
2713,2714,2007-06-06,2007,6,June,6,2,Wednesday,2
2714,2715,2007-06-07,2007,6,June,7,2,Thursday,3
2715,2716,2007-06-08,2007,6,June,8,2,Friday,4
2716,2717,2007-06-09,2007,6,June,9,2,Saturday,5
2717,2718,2007-06-10,2007,6,June,10,2,Sunday,6
2718,2719,2007-06-11,2007,6,June,11,2,Monday,0
2719,2720,2007-06-12,2007,6,June,12,2,Tuesday,1
2720,2721,2007-06-13,2007,6,June,13,2,Wednesday,2
2721,2722,2007-06-14,2007,6,June,14,2,Thursday,3
2722,2723,2007-06-15,2007,6,June,15,2,Friday,4
2723,2724,2007-06-16,2007,6,June,16,2,Saturday,5
2724,2725,2007-06-17,2007,6,June,17,2,Sunday,6
2725,2726,2007-06-18,2007,6,June,18,2,Monday,0
2726,2727,2007-06-19,2007,6,June,19,2,Tuesday,1
2727,2728,2007-06-20,2007,6,June,20,2,Wednesday,2
2728,2729,2007-06-21,2007,6,June,21,2,Thursday,3
2729,2730,2007-06-22,2007,6,June,22,2,Friday,4
2730,2731,2007-06-23,2007,6,June,23,2,Saturday,5
2731,2732,2007-06-24,2007,6,June,24,2,Sunday,6
2732,2733,2007-06-25,2007,6,June,25,2,Monday,0
2733,2734,2007-06-26,2007,6,June,26,2,Tuesday,1
2734,2735,2007-06-27,2007,6,June,27,2,Wednesday,2
2735,2736,2007-06-28,2007,6,June,28,2,Thursday,3
2736,2737,2007-06-29,2007,6,June,29,2,Friday,4
2737,2738,2007-06-30,2007,6,June,30,2,Saturday,5
2738,2739,2007-07-01,2007,7,July,1,3,Sunday,6
2739,2740,2007-07-02,2007,7,July,2,3,Monday,0
2740,2741,2007-07-03,2007,7,July,3,3,Tuesday,1
2741,2742,2007-07-04,2007,7,July,4,3,Wednesday,2
2742,2743,2007-07-05,2007,7,July,5,3,Thursday,3
2743,2744,2007-07-06,2007,7,July,6,3,Friday,4
2744,2745,2007-07-07,2007,7,July,7,3,Saturday,5
2745,2746,2007-07-08,2007,7,July,8,3,Sunday,6
2746,2747,2007-07-09,2007,7,July,9,3,Monday,0
2747,2748,2007-07-10,2007,7,July,10,3,Tuesday,1
2748,2749,2007-07-11,2007,7,July,11,3,Wednesday,2
2749,2750,2007-07-12,2007,7,July,12,3,Thursday,3
2750,2751,2007-07-13,2007,7,July,13,3,Friday,4
2751,2752,2007-07-14,2007,7,July,14,3,Saturday,5
2752,2753,2007-07-15,2007,7,July,15,3,Sunday,6
2753,2754,2007-07-16,2007,7,July,16,3,Monday,0
2754,2755,2007-07-17,2007,7,July,17,3,Tuesday,1
2755,2756,2007-07-18,2007,7,July,18,3,Wednesday,2
2756,2757,2007-07-19,2007,7,July,19,3,Thursday,3
2757,2758,2007-07-20,2007,7,July,20,3,Friday,4
2758,2759,2007-07-21,2007,7,July,21,3,Saturday,5
2759,2760,2007-07-22,2007,7,July,22,3,Sunday,6
2760,2761,2007-07-23,2007,7,July,23,3,Monday,0
2761,2762,2007-07-24,2007,7,July,24,3,Tuesday,1
2762,2763,2007-07-25,2007,7,July,25,3,Wednesday,2
2763,2764,2007-07-26,2007,7,July,26,3,Thursday,3
2764,2765,2007-07-27,2007,7,July,27,3,Friday,4
2765,2766,2007-07-28,2007,7,July,28,3,Saturday,5
2766,2767,2007-07-29,2007,7,July,29,3,Sunday,6
2767,2768,2007-07-30,2007,7,July,30,3,Monday,0
2768,2769,2007-07-31,2007,7,July,31,3,Tuesday,1
2769,2770,2007-08-01,2007,8,August,1,3,Wednesday,2
2770,2771,2007-08-02,2007,8,August,2,3,Thursday,3
2771,2772,2007-08-03,2007,8,August,3,3,Friday,4
2772,2773,2007-08-04,2007,8,August,4,3,Saturday,5
2773,2774,2007-08-05,2007,8,August,5,3,Sunday,6
2774,2775,2007-08-06,2007,8,August,6,3,Monday,0
2775,2776,2007-08-07,2007,8,August,7,3,Tuesday,1
2776,2777,2007-08-08,2007,8,August,8,3,Wednesday,2
2777,2778,2007-08-09,2007,8,August,9,3,Thursday,3
2778,2779,2007-08-10,2007,8,August,10,3,Friday,4
2779,2780,2007-08-11,2007,8,August,11,3,Saturday,5
2780,2781,2007-08-12,2007,8,August,12,3,Sunday,6
2781,2782,2007-08-13,2007,8,August,13,3,Monday,0
2782,2783,2007-08-14,2007,8,August,14,3,Tuesday,1
2783,2784,2007-08-15,2007,8,August,15,3,Wednesday,2
2784,2785,2007-08-16,2007,8,August,16,3,Thursday,3
2785,2786,2007-08-17,2007,8,August,17,3,Friday,4
2786,2787,2007-08-18,2007,8,August,18,3,Saturday,5
2787,2788,2007-08-19,2007,8,August,19,3,Sunday,6
2788,2789,2007-08-20,2007,8,August,20,3,Monday,0
2789,2790,2007-08-21,2007,8,August,21,3,Tuesday,1
2790,2791,2007-08-22,2007,8,August,22,3,Wednesday,2
2791,2792,2007-08-23,2007,8,August,23,3,Thursday,3
2792,2793,2007-08-24,2007,8,August,24,3,Friday,4
2793,2794,2007-08-25,2007,8,August,25,3,Saturday,5
2794,2795,2007-08-26,2007,8,August,26,3,Sunday,6
2795,2796,2007-08-27,2007,8,August,27,3,Monday,0
2796,2797,2007-08-28,2007,8,August,28,3,Tuesday,1
2797,2798,2007-08-29,2007,8,August,29,3,Wednesday,2
2798,2799,2007-08-30,2007,8,August,30,3,Thursday,3
2799,2800,2007-08-31,2007,8,August,31,3,Friday,4
2800,2801,2007-09-01,2007,9,September,1,3,Saturday,5
2801,2802,2007-09-02,2007,9,September,2,3,Sunday,6
2802,2803,2007-09-03,2007,9,September,3,3,Monday,0
2803,2804,2007-09-04,2007,9,September,4,3,Tuesday,1
2804,2805,2007-09-05,2007,9,September,5,3,Wednesday,2
2805,2806,2007-09-06,2007,9,September,6,3,Thursday,3
2806,2807,2007-09-07,2007,9,September,7,3,Friday,4
2807,2808,2007-09-08,2007,9,September,8,3,Saturday,5
2808,2809,2007-09-09,2007,9,September,9,3,Sunday,6
2809,2810,2007-09-10,2007,9,September,10,3,Monday,0
2810,2811,2007-09-11,2007,9,September,11,3,Tuesday,1
2811,2812,2007-09-12,2007,9,September,12,3,Wednesday,2
2812,2813,2007-09-13,2007,9,September,13,3,Thursday,3
2813,2814,2007-09-14,2007,9,September,14,3,Friday,4
2814,2815,2007-09-15,2007,9,September,15,3,Saturday,5
2815,2816,2007-09-16,2007,9,September,16,3,Sunday,6
2816,2817,2007-09-17,2007,9,September,17,3,Monday,0
2817,2818,2007-09-18,2007,9,September,18,3,Tuesday,1
2818,2819,2007-09-19,2007,9,September,19,3,Wednesday,2
2819,2820,2007-09-20,2007,9,September,20,3,Thursday,3
2820,2821,2007-09-21,2007,9,September,21,3,Friday,4
2821,2822,2007-09-22,2007,9,September,22,3,Saturday,5
2822,2823,2007-09-23,2007,9,September,23,3,Sunday,6
2823,2824,2007-09-24,2007,9,September,24,3,Monday,0
2824,2825,2007-09-25,2007,9,September,25,3,Tuesday,1
2825,2826,2007-09-26,2007,9,September,26,3,Wednesday,2
2826,2827,2007-09-27,2007,9,September,27,3,Thursday,3
2827,2828,2007-09-28,2007,9,September,28,3,Friday,4
2828,2829,2007-09-29,2007,9,September,29,3,Saturday,5
2829,2830,2007-09-30,2007,9,September,30,3,Sunday,6
2830,2831,2007-10-01,2007,10,October,1,4,Monday,0
2831,2832,2007-10-02,2007,10,October,2,4,Tuesday,1
2832,2833,2007-10-03,2007,10,October,3,4,Wednesday,2
2833,2834,2007-10-04,2007,10,October,4,4,Thursday,3
2834,2835,2007-10-05,2007,10,October,5,4,Friday,4
2835,2836,2007-10-06,2007,10,October,6,4,Saturday,5
2836,2837,2007-10-07,2007,10,October,7,4,Sunday,6
2837,2838,2007-10-08,2007,10,October,8,4,Monday,0
2838,2839,2007-10-09,2007,10,October,9,4,Tuesday,1
2839,2840,2007-10-10,2007,10,October,10,4,Wednesday,2
2840,2841,2007-10-11,2007,10,October,11,4,Thursday,3
2841,2842,2007-10-12,2007,10,October,12,4,Friday,4
2842,2843,2007-10-13,2007,10,October,13,4,Saturday,5
2843,2844,2007-10-14,2007,10,October,14,4,Sunday,6
2844,2845,2007-10-15,2007,10,October,15,4,Monday,0
2845,2846,2007-10-16,2007,10,October,16,4,Tuesday,1
2846,2847,2007-10-17,2007,10,October,17,4,Wednesday,2
2847,2848,2007-10-18,2007,10,October,18,4,Thursday,3
2848,2849,2007-10-19,2007,10,October,19,4,Friday,4
2849,2850,2007-10-20,2007,10,October,20,4,Saturday,5
2850,2851,2007-10-21,2007,10,October,21,4,Sunday,6
2851,2852,2007-10-22,2007,10,October,22,4,Monday,0
2852,2853,2007-10-23,2007,10,October,23,4,Tuesday,1
2853,2854,2007-10-24,2007,10,October,24,4,Wednesday,2
2854,2855,2007-10-25,2007,10,October,25,4,Thursday,3
2855,2856,2007-10-26,2007,10,October,26,4,Friday,4
2856,2857,2007-10-27,2007,10,October,27,4,Saturday,5
2857,2858,2007-10-28,2007,10,October,28,4,Sunday,6
2858,2859,2007-10-29,2007,10,October,29,4,Monday,0
2859,2860,2007-10-30,2007,10,October,30,4,Tuesday,1
2860,2861,2007-10-31,2007,10,October,31,4,Wednesday,2
2861,2862,2007-11-01,2007,11,November,1,4,Thursday,3
2862,2863,2007-11-02,2007,11,November,2,4,Friday,4
2863,2864,2007-11-03,2007,11,November,3,4,Saturday,5
2864,2865,2007-11-04,2007,11,November,4,4,Sunday,6
2865,2866,2007-11-05,2007,11,November,5,4,Monday,0
2866,2867,2007-11-06,2007,11,November,6,4,Tuesday,1
2867,2868,2007-11-07,2007,11,November,7,4,Wednesday,2
2868,2869,2007-11-08,2007,11,November,8,4,Thursday,3
2869,2870,2007-11-09,2007,11,November,9,4,Friday,4
2870,2871,2007-11-10,2007,11,November,10,4,Saturday,5
2871,2872,2007-11-11,2007,11,November,11,4,Sunday,6
2872,2873,2007-11-12,2007,11,November,12,4,Monday,0
2873,2874,2007-11-13,2007,11,November,13,4,Tuesday,1
2874,2875,2007-11-14,2007,11,November,14,4,Wednesday,2
2875,2876,2007-11-15,2007,11,November,15,4,Thursday,3
2876,2877,2007-11-16,2007,11,November,16,4,Friday,4
2877,2878,2007-11-17,2007,11,November,17,4,Saturday,5
2878,2879,2007-11-18,2007,11,November,18,4,Sunday,6
2879,2880,2007-11-19,2007,11,November,19,4,Monday,0
2880,2881,2007-11-20,2007,11,November,20,4,Tuesday,1
2881,2882,2007-11-21,2007,11,November,21,4,Wednesday,2
2882,2883,2007-11-22,2007,11,November,22,4,Thursday,3
2883,2884,2007-11-23,2007,11,November,23,4,Friday,4
2884,2885,2007-11-24,2007,11,November,24,4,Saturday,5
2885,2886,2007-11-25,2007,11,November,25,4,Sunday,6
2886,2887,2007-11-26,2007,11,November,26,4,Monday,0
2887,2888,2007-11-27,2007,11,November,27,4,Tuesday,1
2888,2889,2007-11-28,2007,11,November,28,4,Wednesday,2
2889,2890,2007-11-29,2007,11,November,29,4,Thursday,3
2890,2891,2007-11-30,2007,11,November,30,4,Friday,4
2891,2892,2007-12-01,2007,12,December,1,4,Saturday,5
2892,2893,2007-12-02,2007,12,December,2,4,Sunday,6
2893,2894,2007-12-03,2007,12,December,3,4,Monday,0
2894,2895,2007-12-04,2007,12,December,4,4,Tuesday,1
2895,2896,2007-12-05,2007,12,December,5,4,Wednesday,2
2896,2897,2007-12-06,2007,12,December,6,4,Thursday,3
2897,2898,2007-12-07,2007,12,December,7,4,Friday,4
2898,2899,2007-12-08,2007,12,December,8,4,Saturday,5
2899,2900,2007-12-09,2007,12,December,9,4,Sunday,6
2900,2901,2007-12-10,2007,12,December,10,4,Monday,0
2901,2902,2007-12-11,2007,12,December,11,4,Tuesday,1
2902,2903,2007-12-12,2007,12,December,12,4,Wednesday,2
2903,2904,2007-12-13,2007,12,December,13,4,Thursday,3
2904,2905,2007-12-14,2007,12,December,14,4,Friday,4
2905,2906,2007-12-15,2007,12,December,15,4,Saturday,5
2906,2907,2007-12-16,2007,12,December,16,4,Sunday,6
2907,2908,2007-12-17,2007,12,December,17,4,Monday,0
2908,2909,2007-12-18,2007,12,December,18,4,Tuesday,1
2909,2910,2007-12-19,2007,12,December,19,4,Wednesday,2
2910,2911,2007-12-20,2007,12,December,20,4,Thursday,3
2911,2912,2007-12-21,2007,12,December,21,4,Friday,4
2912,2913,2007-12-22,2007,12,December,22,4,Saturday,5
2913,2914,2007-12-23,2007,12,December,23,4,Sunday,6
2914,2915,2007-12-24,2007,12,December,24,4,Monday,0
2915,2916,2007-12-25,2007,12,December,25,4,Tuesday,1
2916,2917,2007-12-26,2007,12,December,26,4,Wednesday,2
2917,2918,2007-12-27,2007,12,December,27,4,Thursday,3
2918,2919,2007-12-28,2007,12,December,28,4,Friday,4
2919,2920,2007-12-29,2007,12,December,29,4,Saturday,5
2920,2921,2007-12-30,2007,12,December,30,4,Sunday,6
2921,2922,2007-12-31,2007,12,December,31,4,Monday,0
2922,2923,2008-01-01,2008,1,January,1,1,Tuesday,1
2923,2924,2008-01-02,2008,1,January,2,1,Wednesday,2
2924,2925,2008-01-03,2008,1,January,3,1,Thursday,3
2925,2926,2008-01-04,2008,1,January,4,1,Friday,4
2926,2927,2008-01-05,2008,1,January,5,1,Saturday,5
2927,2928,2008-01-06,2008,1,January,6,1,Sunday,6
2928,2929,2008-01-07,2008,1,January,7,1,Monday,0
2929,2930,2008-01-08,2008,1,January,8,1,Tuesday,1
2930,2931,2008-01-09,2008,1,January,9,1,Wednesday,2
2931,2932,2008-01-10,2008,1,January,10,1,Thursday,3
2932,2933,2008-01-11,2008,1,January,11,1,Friday,4
2933,2934,2008-01-12,2008,1,January,12,1,Saturday,5
2934,2935,2008-01-13,2008,1,January,13,1,Sunday,6
2935,2936,2008-01-14,2008,1,January,14,1,Monday,0
2936,2937,2008-01-15,2008,1,January,15,1,Tuesday,1
2937,2938,2008-01-16,2008,1,January,16,1,Wednesday,2
2938,2939,2008-01-17,2008,1,January,17,1,Thursday,3
2939,2940,2008-01-18,2008,1,January,18,1,Friday,4
2940,2941,2008-01-19,2008,1,January,19,1,Saturday,5
2941,2942,2008-01-20,2008,1,January,20,1,Sunday,6
2942,2943,2008-01-21,2008,1,January,21,1,Monday,0
2943,2944,2008-01-22,2008,1,January,22,1,Tuesday,1
2944,2945,2008-01-23,2008,1,January,23,1,Wednesday,2
2945,2946,2008-01-24,2008,1,January,24,1,Thursday,3
2946,2947,2008-01-25,2008,1,January,25,1,Friday,4
2947,2948,2008-01-26,2008,1,January,26,1,Saturday,5
2948,2949,2008-01-27,2008,1,January,27,1,Sunday,6
2949,2950,2008-01-28,2008,1,January,28,1,Monday,0
2950,2951,2008-01-29,2008,1,January,29,1,Tuesday,1
2951,2952,2008-01-30,2008,1,January,30,1,Wednesday,2
2952,2953,2008-01-31,2008,1,January,31,1,Thursday,3
2953,2954,2008-02-01,2008,2,February,1,1,Friday,4
2954,2955,2008-02-02,2008,2,February,2,1,Saturday,5
2955,2956,2008-02-03,2008,2,February,3,1,Sunday,6
2956,2957,2008-02-04,2008,2,February,4,1,Monday,0
2957,2958,2008-02-05,2008,2,February,5,1,Tuesday,1
2958,2959,2008-02-06,2008,2,February,6,1,Wednesday,2
2959,2960,2008-02-07,2008,2,February,7,1,Thursday,3
2960,2961,2008-02-08,2008,2,February,8,1,Friday,4
2961,2962,2008-02-09,2008,2,February,9,1,Saturday,5
2962,2963,2008-02-10,2008,2,February,10,1,Sunday,6
2963,2964,2008-02-11,2008,2,February,11,1,Monday,0
2964,2965,2008-02-12,2008,2,February,12,1,Tuesday,1
2965,2966,2008-02-13,2008,2,February,13,1,Wednesday,2
2966,2967,2008-02-14,2008,2,February,14,1,Thursday,3
2967,2968,2008-02-15,2008,2,February,15,1,Friday,4
2968,2969,2008-02-16,2008,2,February,16,1,Saturday,5
2969,2970,2008-02-17,2008,2,February,17,1,Sunday,6
2970,2971,2008-02-18,2008,2,February,18,1,Monday,0
2971,2972,2008-02-19,2008,2,February,19,1,Tuesday,1
2972,2973,2008-02-20,2008,2,February,20,1,Wednesday,2
2973,2974,2008-02-21,2008,2,February,21,1,Thursday,3
2974,2975,2008-02-22,2008,2,February,22,1,Friday,4
2975,2976,2008-02-23,2008,2,February,23,1,Saturday,5
2976,2977,2008-02-24,2008,2,February,24,1,Sunday,6
2977,2978,2008-02-25,2008,2,February,25,1,Monday,0
2978,2979,2008-02-26,2008,2,February,26,1,Tuesday,1
2979,2980,2008-02-27,2008,2,February,27,1,Wednesday,2
2980,2981,2008-02-28,2008,2,February,28,1,Thursday,3
2981,2982,2008-02-29,2008,2,February,29,1,Friday,4
2982,2983,2008-03-01,2008,3,March,1,1,Saturday,5
2983,2984,2008-03-02,2008,3,March,2,1,Sunday,6
2984,2985,2008-03-03,2008,3,March,3,1,Monday,0
2985,2986,2008-03-04,2008,3,March,4,1,Tuesday,1
2986,2987,2008-03-05,2008,3,March,5,1,Wednesday,2
2987,2988,2008-03-06,2008,3,March,6,1,Thursday,3
2988,2989,2008-03-07,2008,3,March,7,1,Friday,4
2989,2990,2008-03-08,2008,3,March,8,1,Saturday,5
2990,2991,2008-03-09,2008,3,March,9,1,Sunday,6
2991,2992,2008-03-10,2008,3,March,10,1,Monday,0
2992,2993,2008-03-11,2008,3,March,11,1,Tuesday,1
2993,2994,2008-03-12,2008,3,March,12,1,Wednesday,2
2994,2995,2008-03-13,2008,3,March,13,1,Thursday,3
2995,2996,2008-03-14,2008,3,March,14,1,Friday,4
2996,2997,2008-03-15,2008,3,March,15,1,Saturday,5
2997,2998,2008-03-16,2008,3,March,16,1,Sunday,6
2998,2999,2008-03-17,2008,3,March,17,1,Monday,0
2999,3000,2008-03-18,2008,3,March,18,1,Tuesday,1
3000,3001,2008-03-19,2008,3,March,19,1,Wednesday,2
3001,3002,2008-03-20,2008,3,March,20,1,Thursday,3
3002,3003,2008-03-21,2008,3,March,21,1,Friday,4
3003,3004,2008-03-22,2008,3,March,22,1,Saturday,5
3004,3005,2008-03-23,2008,3,March,23,1,Sunday,6
3005,3006,2008-03-24,2008,3,March,24,1,Monday,0
3006,3007,2008-03-25,2008,3,March,25,1,Tuesday,1
3007,3008,2008-03-26,2008,3,March,26,1,Wednesday,2
3008,3009,2008-03-27,2008,3,March,27,1,Thursday,3
3009,3010,2008-03-28,2008,3,March,28,1,Friday,4
3010,3011,2008-03-29,2008,3,March,29,1,Saturday,5
3011,3012,2008-03-30,2008,3,March,30,1,Sunday,6
3012,3013,2008-03-31,2008,3,March,31,1,Monday,0
3013,3014,2008-04-01,2008,4,April,1,2,Tuesday,1
3014,3015,2008-04-02,2008,4,April,2,2,Wednesday,2
3015,3016,2008-04-03,2008,4,April,3,2,Thursday,3
3016,3017,2008-04-04,2008,4,April,4,2,Friday,4
3017,3018,2008-04-05,2008,4,April,5,2,Saturday,5
3018,3019,2008-04-06,2008,4,April,6,2,Sunday,6
3019,3020,2008-04-07,2008,4,April,7,2,Monday,0
3020,3021,2008-04-08,2008,4,April,8,2,Tuesday,1
3021,3022,2008-04-09,2008,4,April,9,2,Wednesday,2
3022,3023,2008-04-10,2008,4,April,10,2,Thursday,3
3023,3024,2008-04-11,2008,4,April,11,2,Friday,4
3024,3025,2008-04-12,2008,4,April,12,2,Saturday,5
3025,3026,2008-04-13,2008,4,April,13,2,Sunday,6
3026,3027,2008-04-14,2008,4,April,14,2,Monday,0
3027,3028,2008-04-15,2008,4,April,15,2,Tuesday,1
3028,3029,2008-04-16,2008,4,April,16,2,Wednesday,2
3029,3030,2008-04-17,2008,4,April,17,2,Thursday,3
3030,3031,2008-04-18,2008,4,April,18,2,Friday,4
3031,3032,2008-04-19,2008,4,April,19,2,Saturday,5
3032,3033,2008-04-20,2008,4,April,20,2,Sunday,6
3033,3034,2008-04-21,2008,4,April,21,2,Monday,0
3034,3035,2008-04-22,2008,4,April,22,2,Tuesday,1
3035,3036,2008-04-23,2008,4,April,23,2,Wednesday,2
3036,3037,2008-04-24,2008,4,April,24,2,Thursday,3
3037,3038,2008-04-25,2008,4,April,25,2,Friday,4
3038,3039,2008-04-26,2008,4,April,26,2,Saturday,5
3039,3040,2008-04-27,2008,4,April,27,2,Sunday,6
3040,3041,2008-04-28,2008,4,April,28,2,Monday,0
3041,3042,2008-04-29,2008,4,April,29,2,Tuesday,1
3042,3043,2008-04-30,2008,4,April,30,2,Wednesday,2
3043,3044,2008-05-01,2008,5,May,1,2,Thursday,3
3044,3045,2008-05-02,2008,5,May,2,2,Friday,4
3045,3046,2008-05-03,2008,5,May,3,2,Saturday,5
3046,3047,2008-05-04,2008,5,May,4,2,Sunday,6
3047,3048,2008-05-05,2008,5,May,5,2,Monday,0
3048,3049,2008-05-06,2008,5,May,6,2,Tuesday,1
3049,3050,2008-05-07,2008,5,May,7,2,Wednesday,2
3050,3051,2008-05-08,2008,5,May,8,2,Thursday,3
3051,3052,2008-05-09,2008,5,May,9,2,Friday,4
3052,3053,2008-05-10,2008,5,May,10,2,Saturday,5
3053,3054,2008-05-11,2008,5,May,11,2,Sunday,6
3054,3055,2008-05-12,2008,5,May,12,2,Monday,0
3055,3056,2008-05-13,2008,5,May,13,2,Tuesday,1
3056,3057,2008-05-14,2008,5,May,14,2,Wednesday,2
3057,3058,2008-05-15,2008,5,May,15,2,Thursday,3
3058,3059,2008-05-16,2008,5,May,16,2,Friday,4
3059,3060,2008-05-17,2008,5,May,17,2,Saturday,5
3060,3061,2008-05-18,2008,5,May,18,2,Sunday,6
3061,3062,2008-05-19,2008,5,May,19,2,Monday,0
3062,3063,2008-05-20,2008,5,May,20,2,Tuesday,1
3063,3064,2008-05-21,2008,5,May,21,2,Wednesday,2
3064,3065,2008-05-22,2008,5,May,22,2,Thursday,3
3065,3066,2008-05-23,2008,5,May,23,2,Friday,4
3066,3067,2008-05-24,2008,5,May,24,2,Saturday,5
3067,3068,2008-05-25,2008,5,May,25,2,Sunday,6
3068,3069,2008-05-26,2008,5,May,26,2,Monday,0
3069,3070,2008-05-27,2008,5,May,27,2,Tuesday,1
3070,3071,2008-05-28,2008,5,May,28,2,Wednesday,2
3071,3072,2008-05-29,2008,5,May,29,2,Thursday,3
3072,3073,2008-05-30,2008,5,May,30,2,Friday,4
3073,3074,2008-05-31,2008,5,May,31,2,Saturday,5
3074,3075,2008-06-01,2008,6,June,1,2,Sunday,6
3075,3076,2008-06-02,2008,6,June,2,2,Monday,0
3076,3077,2008-06-03,2008,6,June,3,2,Tuesday,1
3077,3078,2008-06-04,2008,6,June,4,2,Wednesday,2
3078,3079,2008-06-05,2008,6,June,5,2,Thursday,3
3079,3080,2008-06-06,2008,6,June,6,2,Friday,4
3080,3081,2008-06-07,2008,6,June,7,2,Saturday,5
3081,3082,2008-06-08,2008,6,June,8,2,Sunday,6
3082,3083,2008-06-09,2008,6,June,9,2,Monday,0
3083,3084,2008-06-10,2008,6,June,10,2,Tuesday,1
3084,3085,2008-06-11,2008,6,June,11,2,Wednesday,2
3085,3086,2008-06-12,2008,6,June,12,2,Thursday,3
3086,3087,2008-06-13,2008,6,June,13,2,Friday,4
3087,3088,2008-06-14,2008,6,June,14,2,Saturday,5
3088,3089,2008-06-15,2008,6,June,15,2,Sunday,6
3089,3090,2008-06-16,2008,6,June,16,2,Monday,0
3090,3091,2008-06-17,2008,6,June,17,2,Tuesday,1
3091,3092,2008-06-18,2008,6,June,18,2,Wednesday,2
3092,3093,2008-06-19,2008,6,June,19,2,Thursday,3
3093,3094,2008-06-20,2008,6,June,20,2,Friday,4
3094,3095,2008-06-21,2008,6,June,21,2,Saturday,5
3095,3096,2008-06-22,2008,6,June,22,2,Sunday,6
3096,3097,2008-06-23,2008,6,June,23,2,Monday,0
3097,3098,2008-06-24,2008,6,June,24,2,Tuesday,1
3098,3099,2008-06-25,2008,6,June,25,2,Wednesday,2
3099,3100,2008-06-26,2008,6,June,26,2,Thursday,3
3100,3101,2008-06-27,2008,6,June,27,2,Friday,4
3101,3102,2008-06-28,2008,6,June,28,2,Saturday,5
3102,3103,2008-06-29,2008,6,June,29,2,Sunday,6
3103,3104,2008-06-30,2008,6,June,30,2,Monday,0
3104,3105,2008-07-01,2008,7,July,1,3,Tuesday,1
3105,3106,2008-07-02,2008,7,July,2,3,Wednesday,2
3106,3107,2008-07-03,2008,7,July,3,3,Thursday,3
3107,3108,2008-07-04,2008,7,July,4,3,Friday,4
3108,3109,2008-07-05,2008,7,July,5,3,Saturday,5
3109,3110,2008-07-06,2008,7,July,6,3,Sunday,6
3110,3111,2008-07-07,2008,7,July,7,3,Monday,0
3111,3112,2008-07-08,2008,7,July,8,3,Tuesday,1
3112,3113,2008-07-09,2008,7,July,9,3,Wednesday,2
3113,3114,2008-07-10,2008,7,July,10,3,Thursday,3
3114,3115,2008-07-11,2008,7,July,11,3,Friday,4
3115,3116,2008-07-12,2008,7,July,12,3,Saturday,5
3116,3117,2008-07-13,2008,7,July,13,3,Sunday,6
3117,3118,2008-07-14,2008,7,July,14,3,Monday,0
3118,3119,2008-07-15,2008,7,July,15,3,Tuesday,1
3119,3120,2008-07-16,2008,7,July,16,3,Wednesday,2
3120,3121,2008-07-17,2008,7,July,17,3,Thursday,3
3121,3122,2008-07-18,2008,7,July,18,3,Friday,4
3122,3123,2008-07-19,2008,7,July,19,3,Saturday,5
3123,3124,2008-07-20,2008,7,July,20,3,Sunday,6
3124,3125,2008-07-21,2008,7,July,21,3,Monday,0
3125,3126,2008-07-22,2008,7,July,22,3,Tuesday,1
3126,3127,2008-07-23,2008,7,July,23,3,Wednesday,2
3127,3128,2008-07-24,2008,7,July,24,3,Thursday,3
3128,3129,2008-07-25,2008,7,July,25,3,Friday,4
3129,3130,2008-07-26,2008,7,July,26,3,Saturday,5
3130,3131,2008-07-27,2008,7,July,27,3,Sunday,6
3131,3132,2008-07-28,2008,7,July,28,3,Monday,0
3132,3133,2008-07-29,2008,7,July,29,3,Tuesday,1
3133,3134,2008-07-30,2008,7,July,30,3,Wednesday,2
3134,3135,2008-07-31,2008,7,July,31,3,Thursday,3
3135,3136,2008-08-01,2008,8,August,1,3,Friday,4
3136,3137,2008-08-02,2008,8,August,2,3,Saturday,5
3137,3138,2008-08-03,2008,8,August,3,3,Sunday,6
3138,3139,2008-08-04,2008,8,August,4,3,Monday,0
3139,3140,2008-08-05,2008,8,August,5,3,Tuesday,1
3140,3141,2008-08-06,2008,8,August,6,3,Wednesday,2
3141,3142,2008-08-07,2008,8,August,7,3,Thursday,3
3142,3143,2008-08-08,2008,8,August,8,3,Friday,4
3143,3144,2008-08-09,2008,8,August,9,3,Saturday,5
3144,3145,2008-08-10,2008,8,August,10,3,Sunday,6
3145,3146,2008-08-11,2008,8,August,11,3,Monday,0
3146,3147,2008-08-12,2008,8,August,12,3,Tuesday,1
3147,3148,2008-08-13,2008,8,August,13,3,Wednesday,2
3148,3149,2008-08-14,2008,8,August,14,3,Thursday,3
3149,3150,2008-08-15,2008,8,August,15,3,Friday,4
3150,3151,2008-08-16,2008,8,August,16,3,Saturday,5
3151,3152,2008-08-17,2008,8,August,17,3,Sunday,6
3152,3153,2008-08-18,2008,8,August,18,3,Monday,0
3153,3154,2008-08-19,2008,8,August,19,3,Tuesday,1
3154,3155,2008-08-20,2008,8,August,20,3,Wednesday,2
3155,3156,2008-08-21,2008,8,August,21,3,Thursday,3
3156,3157,2008-08-22,2008,8,August,22,3,Friday,4
3157,3158,2008-08-23,2008,8,August,23,3,Saturday,5
3158,3159,2008-08-24,2008,8,August,24,3,Sunday,6
3159,3160,2008-08-25,2008,8,August,25,3,Monday,0
3160,3161,2008-08-26,2008,8,August,26,3,Tuesday,1
3161,3162,2008-08-27,2008,8,August,27,3,Wednesday,2
3162,3163,2008-08-28,2008,8,August,28,3,Thursday,3
3163,3164,2008-08-29,2008,8,August,29,3,Friday,4
3164,3165,2008-08-30,2008,8,August,30,3,Saturday,5
3165,3166,2008-08-31,2008,8,August,31,3,Sunday,6
3166,3167,2008-09-01,2008,9,September,1,3,Monday,0
3167,3168,2008-09-02,2008,9,September,2,3,Tuesday,1
3168,3169,2008-09-03,2008,9,September,3,3,Wednesday,2
3169,3170,2008-09-04,2008,9,September,4,3,Thursday,3
3170,3171,2008-09-05,2008,9,September,5,3,Friday,4
3171,3172,2008-09-06,2008,9,September,6,3,Saturday,5
3172,3173,2008-09-07,2008,9,September,7,3,Sunday,6
3173,3174,2008-09-08,2008,9,September,8,3,Monday,0
3174,3175,2008-09-09,2008,9,September,9,3,Tuesday,1
3175,3176,2008-09-10,2008,9,September,10,3,Wednesday,2
3176,3177,2008-09-11,2008,9,September,11,3,Thursday,3
3177,3178,2008-09-12,2008,9,September,12,3,Friday,4
3178,3179,2008-09-13,2008,9,September,13,3,Saturday,5
3179,3180,2008-09-14,2008,9,September,14,3,Sunday,6
3180,3181,2008-09-15,2008,9,September,15,3,Monday,0
3181,3182,2008-09-16,2008,9,September,16,3,Tuesday,1
3182,3183,2008-09-17,2008,9,September,17,3,Wednesday,2
3183,3184,2008-09-18,2008,9,September,18,3,Thursday,3
3184,3185,2008-09-19,2008,9,September,19,3,Friday,4
3185,3186,2008-09-20,2008,9,September,20,3,Saturday,5
3186,3187,2008-09-21,2008,9,September,21,3,Sunday,6
3187,3188,2008-09-22,2008,9,September,22,3,Monday,0
3188,3189,2008-09-23,2008,9,September,23,3,Tuesday,1
3189,3190,2008-09-24,2008,9,September,24,3,Wednesday,2
3190,3191,2008-09-25,2008,9,September,25,3,Thursday,3
3191,3192,2008-09-26,2008,9,September,26,3,Friday,4
3192,3193,2008-09-27,2008,9,September,27,3,Saturday,5
3193,3194,2008-09-28,2008,9,September,28,3,Sunday,6
3194,3195,2008-09-29,2008,9,September,29,3,Monday,0
3195,3196,2008-09-30,2008,9,September,30,3,Tuesday,1
3196,3197,2008-10-01,2008,10,October,1,4,Wednesday,2
3197,3198,2008-10-02,2008,10,October,2,4,Thursday,3
3198,3199,2008-10-03,2008,10,October,3,4,Friday,4
3199,3200,2008-10-04,2008,10,October,4,4,Saturday,5
3200,3201,2008-10-05,2008,10,October,5,4,Sunday,6
3201,3202,2008-10-06,2008,10,October,6,4,Monday,0
3202,3203,2008-10-07,2008,10,October,7,4,Tuesday,1
3203,3204,2008-10-08,2008,10,October,8,4,Wednesday,2
3204,3205,2008-10-09,2008,10,October,9,4,Thursday,3
3205,3206,2008-10-10,2008,10,October,10,4,Friday,4
3206,3207,2008-10-11,2008,10,October,11,4,Saturday,5
3207,3208,2008-10-12,2008,10,October,12,4,Sunday,6
3208,3209,2008-10-13,2008,10,October,13,4,Monday,0
3209,3210,2008-10-14,2008,10,October,14,4,Tuesday,1
3210,3211,2008-10-15,2008,10,October,15,4,Wednesday,2
3211,3212,2008-10-16,2008,10,October,16,4,Thursday,3
3212,3213,2008-10-17,2008,10,October,17,4,Friday,4
3213,3214,2008-10-18,2008,10,October,18,4,Saturday,5
3214,3215,2008-10-19,2008,10,October,19,4,Sunday,6
3215,3216,2008-10-20,2008,10,October,20,4,Monday,0
3216,3217,2008-10-21,2008,10,October,21,4,Tuesday,1
3217,3218,2008-10-22,2008,10,October,22,4,Wednesday,2
3218,3219,2008-10-23,2008,10,October,23,4,Thursday,3
3219,3220,2008-10-24,2008,10,October,24,4,Friday,4
3220,3221,2008-10-25,2008,10,October,25,4,Saturday,5
3221,3222,2008-10-26,2008,10,October,26,4,Sunday,6
3222,3223,2008-10-27,2008,10,October,27,4,Monday,0
3223,3224,2008-10-28,2008,10,October,28,4,Tuesday,1
3224,3225,2008-10-29,2008,10,October,29,4,Wednesday,2
3225,3226,2008-10-30,2008,10,October,30,4,Thursday,3
3226,3227,2008-10-31,2008,10,October,31,4,Friday,4
3227,3228,2008-11-01,2008,11,November,1,4,Saturday,5
3228,3229,2008-11-02,2008,11,November,2,4,Sunday,6
3229,3230,2008-11-03,2008,11,November,3,4,Monday,0
3230,3231,2008-11-04,2008,11,November,4,4,Tuesday,1
3231,3232,2008-11-05,2008,11,November,5,4,Wednesday,2
3232,3233,2008-11-06,2008,11,November,6,4,Thursday,3
3233,3234,2008-11-07,2008,11,November,7,4,Friday,4
3234,3235,2008-11-08,2008,11,November,8,4,Saturday,5
3235,3236,2008-11-09,2008,11,November,9,4,Sunday,6
3236,3237,2008-11-10,2008,11,November,10,4,Monday,0
3237,3238,2008-11-11,2008,11,November,11,4,Tuesday,1
3238,3239,2008-11-12,2008,11,November,12,4,Wednesday,2
3239,3240,2008-11-13,2008,11,November,13,4,Thursday,3
3240,3241,2008-11-14,2008,11,November,14,4,Friday,4
3241,3242,2008-11-15,2008,11,November,15,4,Saturday,5
3242,3243,2008-11-16,2008,11,November,16,4,Sunday,6
3243,3244,2008-11-17,2008,11,November,17,4,Monday,0
3244,3245,2008-11-18,2008,11,November,18,4,Tuesday,1
3245,3246,2008-11-19,2008,11,November,19,4,Wednesday,2
3246,3247,2008-11-20,2008,11,November,20,4,Thursday,3
3247,3248,2008-11-21,2008,11,November,21,4,Friday,4
3248,3249,2008-11-22,2008,11,November,22,4,Saturday,5
3249,3250,2008-11-23,2008,11,November,23,4,Sunday,6
3250,3251,2008-11-24,2008,11,November,24,4,Monday,0
3251,3252,2008-11-25,2008,11,November,25,4,Tuesday,1
3252,3253,2008-11-26,2008,11,November,26,4,Wednesday,2
3253,3254,2008-11-27,2008,11,November,27,4,Thursday,3
3254,3255,2008-11-28,2008,11,November,28,4,Friday,4
3255,3256,2008-11-29,2008,11,November,29,4,Saturday,5
3256,3257,2008-11-30,2008,11,November,30,4,Sunday,6
3257,3258,2008-12-01,2008,12,December,1,4,Monday,0
3258,3259,2008-12-02,2008,12,December,2,4,Tuesday,1
3259,3260,2008-12-03,2008,12,December,3,4,Wednesday,2
3260,3261,2008-12-04,2008,12,December,4,4,Thursday,3
3261,3262,2008-12-05,2008,12,December,5,4,Friday,4
3262,3263,2008-12-06,2008,12,December,6,4,Saturday,5
3263,3264,2008-12-07,2008,12,December,7,4,Sunday,6
3264,3265,2008-12-08,2008,12,December,8,4,Monday,0
3265,3266,2008-12-09,2008,12,December,9,4,Tuesday,1
3266,3267,2008-12-10,2008,12,December,10,4,Wednesday,2
3267,3268,2008-12-11,2008,12,December,11,4,Thursday,3
3268,3269,2008-12-12,2008,12,December,12,4,Friday,4
3269,3270,2008-12-13,2008,12,December,13,4,Saturday,5
3270,3271,2008-12-14,2008,12,December,14,4,Sunday,6
3271,3272,2008-12-15,2008,12,December,15,4,Monday,0
3272,3273,2008-12-16,2008,12,December,16,4,Tuesday,1
3273,3274,2008-12-17,2008,12,December,17,4,Wednesday,2
3274,3275,2008-12-18,2008,12,December,18,4,Thursday,3
3275,3276,2008-12-19,2008,12,December,19,4,Friday,4
3276,3277,2008-12-20,2008,12,December,20,4,Saturday,5
3277,3278,2008-12-21,2008,12,December,21,4,Sunday,6
3278,3279,2008-12-22,2008,12,December,22,4,Monday,0
3279,3280,2008-12-23,2008,12,December,23,4,Tuesday,1
3280,3281,2008-12-24,2008,12,December,24,4,Wednesday,2
3281,3282,2008-12-25,2008,12,December,25,4,Thursday,3
3282,3283,2008-12-26,2008,12,December,26,4,Friday,4
3283,3284,2008-12-27,2008,12,December,27,4,Saturday,5
3284,3285,2008-12-28,2008,12,December,28,4,Sunday,6
3285,3286,2008-12-29,2008,12,December,29,4,Monday,0
3286,3287,2008-12-30,2008,12,December,30,4,Tuesday,1
3287,3288,2008-12-31,2008,12,December,31,4,Wednesday,2
3288,3289,2009-01-01,2009,1,January,1,1,Thursday,3
3289,3290,2009-01-02,2009,1,January,2,1,Friday,4
3290,3291,2009-01-03,2009,1,January,3,1,Saturday,5
3291,3292,2009-01-04,2009,1,January,4,1,Sunday,6
3292,3293,2009-01-05,2009,1,January,5,1,Monday,0
3293,3294,2009-01-06,2009,1,January,6,1,Tuesday,1
3294,3295,2009-01-07,2009,1,January,7,1,Wednesday,2
3295,3296,2009-01-08,2009,1,January,8,1,Thursday,3
3296,3297,2009-01-09,2009,1,January,9,1,Friday,4
3297,3298,2009-01-10,2009,1,January,10,1,Saturday,5
3298,3299,2009-01-11,2009,1,January,11,1,Sunday,6
3299,3300,2009-01-12,2009,1,January,12,1,Monday,0
3300,3301,2009-01-13,2009,1,January,13,1,Tuesday,1
3301,3302,2009-01-14,2009,1,January,14,1,Wednesday,2
3302,3303,2009-01-15,2009,1,January,15,1,Thursday,3
3303,3304,2009-01-16,2009,1,January,16,1,Friday,4
3304,3305,2009-01-17,2009,1,January,17,1,Saturday,5
3305,3306,2009-01-18,2009,1,January,18,1,Sunday,6
3306,3307,2009-01-19,2009,1,January,19,1,Monday,0
3307,3308,2009-01-20,2009,1,January,20,1,Tuesday,1
3308,3309,2009-01-21,2009,1,January,21,1,Wednesday,2
3309,3310,2009-01-22,2009,1,January,22,1,Thursday,3
3310,3311,2009-01-23,2009,1,January,23,1,Friday,4
3311,3312,2009-01-24,2009,1,January,24,1,Saturday,5
3312,3313,2009-01-25,2009,1,January,25,1,Sunday,6
3313,3314,2009-01-26,2009,1,January,26,1,Monday,0
3314,3315,2009-01-27,2009,1,January,27,1,Tuesday,1
3315,3316,2009-01-28,2009,1,January,28,1,Wednesday,2
3316,3317,2009-01-29,2009,1,January,29,1,Thursday,3
3317,3318,2009-01-30,2009,1,January,30,1,Friday,4
3318,3319,2009-01-31,2009,1,January,31,1,Saturday,5
3319,3320,2009-02-01,2009,2,February,1,1,Sunday,6
3320,3321,2009-02-02,2009,2,February,2,1,Monday,0
3321,3322,2009-02-03,2009,2,February,3,1,Tuesday,1
3322,3323,2009-02-04,2009,2,February,4,1,Wednesday,2
3323,3324,2009-02-05,2009,2,February,5,1,Thursday,3
3324,3325,2009-02-06,2009,2,February,6,1,Friday,4
3325,3326,2009-02-07,2009,2,February,7,1,Saturday,5
3326,3327,2009-02-08,2009,2,February,8,1,Sunday,6
3327,3328,2009-02-09,2009,2,February,9,1,Monday,0
3328,3329,2009-02-10,2009,2,February,10,1,Tuesday,1
3329,3330,2009-02-11,2009,2,February,11,1,Wednesday,2
3330,3331,2009-02-12,2009,2,February,12,1,Thursday,3
3331,3332,2009-02-13,2009,2,February,13,1,Friday,4
3332,3333,2009-02-14,2009,2,February,14,1,Saturday,5
3333,3334,2009-02-15,2009,2,February,15,1,Sunday,6
3334,3335,2009-02-16,2009,2,February,16,1,Monday,0
3335,3336,2009-02-17,2009,2,February,17,1,Tuesday,1
3336,3337,2009-02-18,2009,2,February,18,1,Wednesday,2
3337,3338,2009-02-19,2009,2,February,19,1,Thursday,3
3338,3339,2009-02-20,2009,2,February,20,1,Friday,4
3339,3340,2009-02-21,2009,2,February,21,1,Saturday,5
3340,3341,2009-02-22,2009,2,February,22,1,Sunday,6
3341,3342,2009-02-23,2009,2,February,23,1,Monday,0
3342,3343,2009-02-24,2009,2,February,24,1,Tuesday,1
3343,3344,2009-02-25,2009,2,February,25,1,Wednesday,2
3344,3345,2009-02-26,2009,2,February,26,1,Thursday,3
3345,3346,2009-02-27,2009,2,February,27,1,Friday,4
3346,3347,2009-02-28,2009,2,February,28,1,Saturday,5
3347,3348,2009-03-01,2009,3,March,1,1,Sunday,6
3348,3349,2009-03-02,2009,3,March,2,1,Monday,0
3349,3350,2009-03-03,2009,3,March,3,1,Tuesday,1
3350,3351,2009-03-04,2009,3,March,4,1,Wednesday,2
3351,3352,2009-03-05,2009,3,March,5,1,Thursday,3
3352,3353,2009-03-06,2009,3,March,6,1,Friday,4
3353,3354,2009-03-07,2009,3,March,7,1,Saturday,5
3354,3355,2009-03-08,2009,3,March,8,1,Sunday,6
3355,3356,2009-03-09,2009,3,March,9,1,Monday,0
3356,3357,2009-03-10,2009,3,March,10,1,Tuesday,1
3357,3358,2009-03-11,2009,3,March,11,1,Wednesday,2
3358,3359,2009-03-12,2009,3,March,12,1,Thursday,3
3359,3360,2009-03-13,2009,3,March,13,1,Friday,4
3360,3361,2009-03-14,2009,3,March,14,1,Saturday,5
3361,3362,2009-03-15,2009,3,March,15,1,Sunday,6
3362,3363,2009-03-16,2009,3,March,16,1,Monday,0
3363,3364,2009-03-17,2009,3,March,17,1,Tuesday,1
3364,3365,2009-03-18,2009,3,March,18,1,Wednesday,2
3365,3366,2009-03-19,2009,3,March,19,1,Thursday,3
3366,3367,2009-03-20,2009,3,March,20,1,Friday,4
3367,3368,2009-03-21,2009,3,March,21,1,Saturday,5
3368,3369,2009-03-22,2009,3,March,22,1,Sunday,6
3369,3370,2009-03-23,2009,3,March,23,1,Monday,0
3370,3371,2009-03-24,2009,3,March,24,1,Tuesday,1
3371,3372,2009-03-25,2009,3,March,25,1,Wednesday,2
3372,3373,2009-03-26,2009,3,March,26,1,Thursday,3
3373,3374,2009-03-27,2009,3,March,27,1,Friday,4
3374,3375,2009-03-28,2009,3,March,28,1,Saturday,5
3375,3376,2009-03-29,2009,3,March,29,1,Sunday,6
3376,3377,2009-03-30,2009,3,March,30,1,Monday,0
3377,3378,2009-03-31,2009,3,March,31,1,Tuesday,1
3378,3379,2009-04-01,2009,4,April,1,2,Wednesday,2
3379,3380,2009-04-02,2009,4,April,2,2,Thursday,3
3380,3381,2009-04-03,2009,4,April,3,2,Friday,4
3381,3382,2009-04-04,2009,4,April,4,2,Saturday,5
3382,3383,2009-04-05,2009,4,April,5,2,Sunday,6
3383,3384,2009-04-06,2009,4,April,6,2,Monday,0
3384,3385,2009-04-07,2009,4,April,7,2,Tuesday,1
3385,3386,2009-04-08,2009,4,April,8,2,Wednesday,2
3386,3387,2009-04-09,2009,4,April,9,2,Thursday,3
3387,3388,2009-04-10,2009,4,April,10,2,Friday,4
3388,3389,2009-04-11,2009,4,April,11,2,Saturday,5
3389,3390,2009-04-12,2009,4,April,12,2,Sunday,6
3390,3391,2009-04-13,2009,4,April,13,2,Monday,0
3391,3392,2009-04-14,2009,4,April,14,2,Tuesday,1
3392,3393,2009-04-15,2009,4,April,15,2,Wednesday,2
3393,3394,2009-04-16,2009,4,April,16,2,Thursday,3
3394,3395,2009-04-17,2009,4,April,17,2,Friday,4
3395,3396,2009-04-18,2009,4,April,18,2,Saturday,5
3396,3397,2009-04-19,2009,4,April,19,2,Sunday,6
3397,3398,2009-04-20,2009,4,April,20,2,Monday,0
3398,3399,2009-04-21,2009,4,April,21,2,Tuesday,1
3399,3400,2009-04-22,2009,4,April,22,2,Wednesday,2
3400,3401,2009-04-23,2009,4,April,23,2,Thursday,3
3401,3402,2009-04-24,2009,4,April,24,2,Friday,4
3402,3403,2009-04-25,2009,4,April,25,2,Saturday,5
3403,3404,2009-04-26,2009,4,April,26,2,Sunday,6
3404,3405,2009-04-27,2009,4,April,27,2,Monday,0
3405,3406,2009-04-28,2009,4,April,28,2,Tuesday,1
3406,3407,2009-04-29,2009,4,April,29,2,Wednesday,2
3407,3408,2009-04-30,2009,4,April,30,2,Thursday,3
3408,3409,2009-05-01,2009,5,May,1,2,Friday,4
3409,3410,2009-05-02,2009,5,May,2,2,Saturday,5
3410,3411,2009-05-03,2009,5,May,3,2,Sunday,6
3411,3412,2009-05-04,2009,5,May,4,2,Monday,0
3412,3413,2009-05-05,2009,5,May,5,2,Tuesday,1
3413,3414,2009-05-06,2009,5,May,6,2,Wednesday,2
3414,3415,2009-05-07,2009,5,May,7,2,Thursday,3
3415,3416,2009-05-08,2009,5,May,8,2,Friday,4
3416,3417,2009-05-09,2009,5,May,9,2,Saturday,5
3417,3418,2009-05-10,2009,5,May,10,2,Sunday,6
3418,3419,2009-05-11,2009,5,May,11,2,Monday,0
3419,3420,2009-05-12,2009,5,May,12,2,Tuesday,1
3420,3421,2009-05-13,2009,5,May,13,2,Wednesday,2
3421,3422,2009-05-14,2009,5,May,14,2,Thursday,3
3422,3423,2009-05-15,2009,5,May,15,2,Friday,4
3423,3424,2009-05-16,2009,5,May,16,2,Saturday,5
3424,3425,2009-05-17,2009,5,May,17,2,Sunday,6
3425,3426,2009-05-18,2009,5,May,18,2,Monday,0
3426,3427,2009-05-19,2009,5,May,19,2,Tuesday,1
3427,3428,2009-05-20,2009,5,May,20,2,Wednesday,2
3428,3429,2009-05-21,2009,5,May,21,2,Thursday,3
3429,3430,2009-05-22,2009,5,May,22,2,Friday,4
3430,3431,2009-05-23,2009,5,May,23,2,Saturday,5
3431,3432,2009-05-24,2009,5,May,24,2,Sunday,6
3432,3433,2009-05-25,2009,5,May,25,2,Monday,0
3433,3434,2009-05-26,2009,5,May,26,2,Tuesday,1
3434,3435,2009-05-27,2009,5,May,27,2,Wednesday,2
3435,3436,2009-05-28,2009,5,May,28,2,Thursday,3
3436,3437,2009-05-29,2009,5,May,29,2,Friday,4
3437,3438,2009-05-30,2009,5,May,30,2,Saturday,5
3438,3439,2009-05-31,2009,5,May,31,2,Sunday,6
3439,3440,2009-06-01,2009,6,June,1,2,Monday,0
3440,3441,2009-06-02,2009,6,June,2,2,Tuesday,1
3441,3442,2009-06-03,2009,6,June,3,2,Wednesday,2
3442,3443,2009-06-04,2009,6,June,4,2,Thursday,3
3443,3444,2009-06-05,2009,6,June,5,2,Friday,4
3444,3445,2009-06-06,2009,6,June,6,2,Saturday,5
3445,3446,2009-06-07,2009,6,June,7,2,Sunday,6
3446,3447,2009-06-08,2009,6,June,8,2,Monday,0
3447,3448,2009-06-09,2009,6,June,9,2,Tuesday,1
3448,3449,2009-06-10,2009,6,June,10,2,Wednesday,2
3449,3450,2009-06-11,2009,6,June,11,2,Thursday,3
3450,3451,2009-06-12,2009,6,June,12,2,Friday,4
3451,3452,2009-06-13,2009,6,June,13,2,Saturday,5
3452,3453,2009-06-14,2009,6,June,14,2,Sunday,6
3453,3454,2009-06-15,2009,6,June,15,2,Monday,0
3454,3455,2009-06-16,2009,6,June,16,2,Tuesday,1
3455,3456,2009-06-17,2009,6,June,17,2,Wednesday,2
3456,3457,2009-06-18,2009,6,June,18,2,Thursday,3
3457,3458,2009-06-19,2009,6,June,19,2,Friday,4
3458,3459,2009-06-20,2009,6,June,20,2,Saturday,5
3459,3460,2009-06-21,2009,6,June,21,2,Sunday,6
3460,3461,2009-06-22,2009,6,June,22,2,Monday,0
3461,3462,2009-06-23,2009,6,June,23,2,Tuesday,1
3462,3463,2009-06-24,2009,6,June,24,2,Wednesday,2
3463,3464,2009-06-25,2009,6,June,25,2,Thursday,3
3464,3465,2009-06-26,2009,6,June,26,2,Friday,4
3465,3466,2009-06-27,2009,6,June,27,2,Saturday,5
3466,3467,2009-06-28,2009,6,June,28,2,Sunday,6
3467,3468,2009-06-29,2009,6,June,29,2,Monday,0
3468,3469,2009-06-30,2009,6,June,30,2,Tuesday,1
3469,3470,2009-07-01,2009,7,July,1,3,Wednesday,2
3470,3471,2009-07-02,2009,7,July,2,3,Thursday,3
3471,3472,2009-07-03,2009,7,July,3,3,Friday,4
3472,3473,2009-07-04,2009,7,July,4,3,Saturday,5
3473,3474,2009-07-05,2009,7,July,5,3,Sunday,6
3474,3475,2009-07-06,2009,7,July,6,3,Monday,0
3475,3476,2009-07-07,2009,7,July,7,3,Tuesday,1
3476,3477,2009-07-08,2009,7,July,8,3,Wednesday,2
3477,3478,2009-07-09,2009,7,July,9,3,Thursday,3
3478,3479,2009-07-10,2009,7,July,10,3,Friday,4
3479,3480,2009-07-11,2009,7,July,11,3,Saturday,5
3480,3481,2009-07-12,2009,7,July,12,3,Sunday,6
3481,3482,2009-07-13,2009,7,July,13,3,Monday,0
3482,3483,2009-07-14,2009,7,July,14,3,Tuesday,1
3483,3484,2009-07-15,2009,7,July,15,3,Wednesday,2
3484,3485,2009-07-16,2009,7,July,16,3,Thursday,3
3485,3486,2009-07-17,2009,7,July,17,3,Friday,4
3486,3487,2009-07-18,2009,7,July,18,3,Saturday,5
3487,3488,2009-07-19,2009,7,July,19,3,Sunday,6
3488,3489,2009-07-20,2009,7,July,20,3,Monday,0
3489,3490,2009-07-21,2009,7,July,21,3,Tuesday,1
3490,3491,2009-07-22,2009,7,July,22,3,Wednesday,2
3491,3492,2009-07-23,2009,7,July,23,3,Thursday,3
3492,3493,2009-07-24,2009,7,July,24,3,Friday,4
3493,3494,2009-07-25,2009,7,July,25,3,Saturday,5
3494,3495,2009-07-26,2009,7,July,26,3,Sunday,6
3495,3496,2009-07-27,2009,7,July,27,3,Monday,0
3496,3497,2009-07-28,2009,7,July,28,3,Tuesday,1
3497,3498,2009-07-29,2009,7,July,29,3,Wednesday,2
3498,3499,2009-07-30,2009,7,July,30,3,Thursday,3
3499,3500,2009-07-31,2009,7,July,31,3,Friday,4
3500,3501,2009-08-01,2009,8,August,1,3,Saturday,5
3501,3502,2009-08-02,2009,8,August,2,3,Sunday,6
3502,3503,2009-08-03,2009,8,August,3,3,Monday,0
3503,3504,2009-08-04,2009,8,August,4,3,Tuesday,1
3504,3505,2009-08-05,2009,8,August,5,3,Wednesday,2
3505,3506,2009-08-06,2009,8,August,6,3,Thursday,3
3506,3507,2009-08-07,2009,8,August,7,3,Friday,4
3507,3508,2009-08-08,2009,8,August,8,3,Saturday,5
3508,3509,2009-08-09,2009,8,August,9,3,Sunday,6
3509,3510,2009-08-10,2009,8,August,10,3,Monday,0
3510,3511,2009-08-11,2009,8,August,11,3,Tuesday,1
3511,3512,2009-08-12,2009,8,August,12,3,Wednesday,2
3512,3513,2009-08-13,2009,8,August,13,3,Thursday,3
3513,3514,2009-08-14,2009,8,August,14,3,Friday,4
3514,3515,2009-08-15,2009,8,August,15,3,Saturday,5
3515,3516,2009-08-16,2009,8,August,16,3,Sunday,6
3516,3517,2009-08-17,2009,8,August,17,3,Monday,0
3517,3518,2009-08-18,2009,8,August,18,3,Tuesday,1
3518,3519,2009-08-19,2009,8,August,19,3,Wednesday,2
3519,3520,2009-08-20,2009,8,August,20,3,Thursday,3
3520,3521,2009-08-21,2009,8,August,21,3,Friday,4
3521,3522,2009-08-22,2009,8,August,22,3,Saturday,5
3522,3523,2009-08-23,2009,8,August,23,3,Sunday,6
3523,3524,2009-08-24,2009,8,August,24,3,Monday,0
3524,3525,2009-08-25,2009,8,August,25,3,Tuesday,1
3525,3526,2009-08-26,2009,8,August,26,3,Wednesday,2
3526,3527,2009-08-27,2009,8,August,27,3,Thursday,3
3527,3528,2009-08-28,2009,8,August,28,3,Friday,4
3528,3529,2009-08-29,2009,8,August,29,3,Saturday,5
3529,3530,2009-08-30,2009,8,August,30,3,Sunday,6
3530,3531,2009-08-31,2009,8,August,31,3,Monday,0
3531,3532,2009-09-01,2009,9,September,1,3,Tuesday,1
3532,3533,2009-09-02,2009,9,September,2,3,Wednesday,2
3533,3534,2009-09-03,2009,9,September,3,3,Thursday,3
3534,3535,2009-09-04,2009,9,September,4,3,Friday,4
3535,3536,2009-09-05,2009,9,September,5,3,Saturday,5
3536,3537,2009-09-06,2009,9,September,6,3,Sunday,6
3537,3538,2009-09-07,2009,9,September,7,3,Monday,0
3538,3539,2009-09-08,2009,9,September,8,3,Tuesday,1
3539,3540,2009-09-09,2009,9,September,9,3,Wednesday,2
3540,3541,2009-09-10,2009,9,September,10,3,Thursday,3
3541,3542,2009-09-11,2009,9,September,11,3,Friday,4
3542,3543,2009-09-12,2009,9,September,12,3,Saturday,5
3543,3544,2009-09-13,2009,9,September,13,3,Sunday,6
3544,3545,2009-09-14,2009,9,September,14,3,Monday,0
3545,3546,2009-09-15,2009,9,September,15,3,Tuesday,1
3546,3547,2009-09-16,2009,9,September,16,3,Wednesday,2
3547,3548,2009-09-17,2009,9,September,17,3,Thursday,3
3548,3549,2009-09-18,2009,9,September,18,3,Friday,4
3549,3550,2009-09-19,2009,9,September,19,3,Saturday,5
3550,3551,2009-09-20,2009,9,September,20,3,Sunday,6
3551,3552,2009-09-21,2009,9,September,21,3,Monday,0
3552,3553,2009-09-22,2009,9,September,22,3,Tuesday,1
3553,3554,2009-09-23,2009,9,September,23,3,Wednesday,2
3554,3555,2009-09-24,2009,9,September,24,3,Thursday,3
3555,3556,2009-09-25,2009,9,September,25,3,Friday,4
3556,3557,2009-09-26,2009,9,September,26,3,Saturday,5
3557,3558,2009-09-27,2009,9,September,27,3,Sunday,6
3558,3559,2009-09-28,2009,9,September,28,3,Monday,0
3559,3560,2009-09-29,2009,9,September,29,3,Tuesday,1
3560,3561,2009-09-30,2009,9,September,30,3,Wednesday,2
3561,3562,2009-10-01,2009,10,October,1,4,Thursday,3
3562,3563,2009-10-02,2009,10,October,2,4,Friday,4
3563,3564,2009-10-03,2009,10,October,3,4,Saturday,5
3564,3565,2009-10-04,2009,10,October,4,4,Sunday,6
3565,3566,2009-10-05,2009,10,October,5,4,Monday,0
3566,3567,2009-10-06,2009,10,October,6,4,Tuesday,1
3567,3568,2009-10-07,2009,10,October,7,4,Wednesday,2
3568,3569,2009-10-08,2009,10,October,8,4,Thursday,3
3569,3570,2009-10-09,2009,10,October,9,4,Friday,4
3570,3571,2009-10-10,2009,10,October,10,4,Saturday,5
3571,3572,2009-10-11,2009,10,October,11,4,Sunday,6
3572,3573,2009-10-12,2009,10,October,12,4,Monday,0
3573,3574,2009-10-13,2009,10,October,13,4,Tuesday,1
3574,3575,2009-10-14,2009,10,October,14,4,Wednesday,2
3575,3576,2009-10-15,2009,10,October,15,4,Thursday,3
3576,3577,2009-10-16,2009,10,October,16,4,Friday,4
3577,3578,2009-10-17,2009,10,October,17,4,Saturday,5
3578,3579,2009-10-18,2009,10,October,18,4,Sunday,6
3579,3580,2009-10-19,2009,10,October,19,4,Monday,0
3580,3581,2009-10-20,2009,10,October,20,4,Tuesday,1
3581,3582,2009-10-21,2009,10,October,21,4,Wednesday,2
3582,3583,2009-10-22,2009,10,October,22,4,Thursday,3
3583,3584,2009-10-23,2009,10,October,23,4,Friday,4
3584,3585,2009-10-24,2009,10,October,24,4,Saturday,5
3585,3586,2009-10-25,2009,10,October,25,4,Sunday,6
3586,3587,2009-10-26,2009,10,October,26,4,Monday,0
3587,3588,2009-10-27,2009,10,October,27,4,Tuesday,1
3588,3589,2009-10-28,2009,10,October,28,4,Wednesday,2
3589,3590,2009-10-29,2009,10,October,29,4,Thursday,3
3590,3591,2009-10-30,2009,10,October,30,4,Friday,4
3591,3592,2009-10-31,2009,10,October,31,4,Saturday,5
3592,3593,2009-11-01,2009,11,November,1,4,Sunday,6
3593,3594,2009-11-02,2009,11,November,2,4,Monday,0
3594,3595,2009-11-03,2009,11,November,3,4,Tuesday,1
3595,3596,2009-11-04,2009,11,November,4,4,Wednesday,2
3596,3597,2009-11-05,2009,11,November,5,4,Thursday,3
3597,3598,2009-11-06,2009,11,November,6,4,Friday,4
3598,3599,2009-11-07,2009,11,November,7,4,Saturday,5
3599,3600,2009-11-08,2009,11,November,8,4,Sunday,6
3600,3601,2009-11-09,2009,11,November,9,4,Monday,0
3601,3602,2009-11-10,2009,11,November,10,4,Tuesday,1
3602,3603,2009-11-11,2009,11,November,11,4,Wednesday,2
3603,3604,2009-11-12,2009,11,November,12,4,Thursday,3
3604,3605,2009-11-13,2009,11,November,13,4,Friday,4
3605,3606,2009-11-14,2009,11,November,14,4,Saturday,5
3606,3607,2009-11-15,2009,11,November,15,4,Sunday,6
3607,3608,2009-11-16,2009,11,November,16,4,Monday,0
3608,3609,2009-11-17,2009,11,November,17,4,Tuesday,1
3609,3610,2009-11-18,2009,11,November,18,4,Wednesday,2
3610,3611,2009-11-19,2009,11,November,19,4,Thursday,3
3611,3612,2009-11-20,2009,11,November,20,4,Friday,4
3612,3613,2009-11-21,2009,11,November,21,4,Saturday,5
3613,3614,2009-11-22,2009,11,November,22,4,Sunday,6
3614,3615,2009-11-23,2009,11,November,23,4,Monday,0
3615,3616,2009-11-24,2009,11,November,24,4,Tuesday,1
3616,3617,2009-11-25,2009,11,November,25,4,Wednesday,2
3617,3618,2009-11-26,2009,11,November,26,4,Thursday,3
3618,3619,2009-11-27,2009,11,November,27,4,Friday,4
3619,3620,2009-11-28,2009,11,November,28,4,Saturday,5
3620,3621,2009-11-29,2009,11,November,29,4,Sunday,6
3621,3622,2009-11-30,2009,11,November,30,4,Monday,0
3622,3623,2009-12-01,2009,12,December,1,4,Tuesday,1
3623,3624,2009-12-02,2009,12,December,2,4,Wednesday,2
3624,3625,2009-12-03,2009,12,December,3,4,Thursday,3
3625,3626,2009-12-04,2009,12,December,4,4,Friday,4
3626,3627,2009-12-05,2009,12,December,5,4,Saturday,5
3627,3628,2009-12-06,2009,12,December,6,4,Sunday,6
3628,3629,2009-12-07,2009,12,December,7,4,Monday,0
3629,3630,2009-12-08,2009,12,December,8,4,Tuesday,1
3630,3631,2009-12-09,2009,12,December,9,4,Wednesday,2
3631,3632,2009-12-10,2009,12,December,10,4,Thursday,3
3632,3633,2009-12-11,2009,12,December,11,4,Friday,4
3633,3634,2009-12-12,2009,12,December,12,4,Saturday,5
3634,3635,2009-12-13,2009,12,December,13,4,Sunday,6
3635,3636,2009-12-14,2009,12,December,14,4,Monday,0
3636,3637,2009-12-15,2009,12,December,15,4,Tuesday,1
3637,3638,2009-12-16,2009,12,December,16,4,Wednesday,2
3638,3639,2009-12-17,2009,12,December,17,4,Thursday,3
3639,3640,2009-12-18,2009,12,December,18,4,Friday,4
3640,3641,2009-12-19,2009,12,December,19,4,Saturday,5
3641,3642,2009-12-20,2009,12,December,20,4,Sunday,6
3642,3643,2009-12-21,2009,12,December,21,4,Monday,0
3643,3644,2009-12-22,2009,12,December,22,4,Tuesday,1
3644,3645,2009-12-23,2009,12,December,23,4,Wednesday,2
3645,3646,2009-12-24,2009,12,December,24,4,Thursday,3
3646,3647,2009-12-25,2009,12,December,25,4,Friday,4
3647,3648,2009-12-26,2009,12,December,26,4,Saturday,5
3648,3649,2009-12-27,2009,12,December,27,4,Sunday,6
3649,3650,2009-12-28,2009,12,December,28,4,Monday,0
3650,3651,2009-12-29,2009,12,December,29,4,Tuesday,1
3651,3652,2009-12-30,2009,12,December,30,4,Wednesday,2
3652,3653,2009-12-31,2009,12,December,31,4,Thursday,3
3653,3654,2010-01-01,2010,1,January,1,1,Friday,4
3654,3655,2010-01-02,2010,1,January,2,1,Saturday,5
3655,3656,2010-01-03,2010,1,January,3,1,Sunday,6
3656,3657,2010-01-04,2010,1,January,4,1,Monday,0
3657,3658,2010-01-05,2010,1,January,5,1,Tuesday,1
3658,3659,2010-01-06,2010,1,January,6,1,Wednesday,2
3659,3660,2010-01-07,2010,1,January,7,1,Thursday,3
3660,3661,2010-01-08,2010,1,January,8,1,Friday,4
3661,3662,2010-01-09,2010,1,January,9,1,Saturday,5
3662,3663,2010-01-10,2010,1,January,10,1,Sunday,6
3663,3664,2010-01-11,2010,1,January,11,1,Monday,0
3664,3665,2010-01-12,2010,1,January,12,1,Tuesday,1
3665,3666,2010-01-13,2010,1,January,13,1,Wednesday,2
3666,3667,2010-01-14,2010,1,January,14,1,Thursday,3
3667,3668,2010-01-15,2010,1,January,15,1,Friday,4
3668,3669,2010-01-16,2010,1,January,16,1,Saturday,5
3669,3670,2010-01-17,2010,1,January,17,1,Sunday,6
3670,3671,2010-01-18,2010,1,January,18,1,Monday,0
3671,3672,2010-01-19,2010,1,January,19,1,Tuesday,1
3672,3673,2010-01-20,2010,1,January,20,1,Wednesday,2
3673,3674,2010-01-21,2010,1,January,21,1,Thursday,3
3674,3675,2010-01-22,2010,1,January,22,1,Friday,4
3675,3676,2010-01-23,2010,1,January,23,1,Saturday,5
3676,3677,2010-01-24,2010,1,January,24,1,Sunday,6
3677,3678,2010-01-25,2010,1,January,25,1,Monday,0
3678,3679,2010-01-26,2010,1,January,26,1,Tuesday,1
3679,3680,2010-01-27,2010,1,January,27,1,Wednesday,2
3680,3681,2010-01-28,2010,1,January,28,1,Thursday,3
3681,3682,2010-01-29,2010,1,January,29,1,Friday,4
3682,3683,2010-01-30,2010,1,January,30,1,Saturday,5
3683,3684,2010-01-31,2010,1,January,31,1,Sunday,6
3684,3685,2010-02-01,2010,2,February,1,1,Monday,0
3685,3686,2010-02-02,2010,2,February,2,1,Tuesday,1
3686,3687,2010-02-03,2010,2,February,3,1,Wednesday,2
3687,3688,2010-02-04,2010,2,February,4,1,Thursday,3
3688,3689,2010-02-05,2010,2,February,5,1,Friday,4
3689,3690,2010-02-06,2010,2,February,6,1,Saturday,5
3690,3691,2010-02-07,2010,2,February,7,1,Sunday,6
3691,3692,2010-02-08,2010,2,February,8,1,Monday,0
3692,3693,2010-02-09,2010,2,February,9,1,Tuesday,1
3693,3694,2010-02-10,2010,2,February,10,1,Wednesday,2
3694,3695,2010-02-11,2010,2,February,11,1,Thursday,3
3695,3696,2010-02-12,2010,2,February,12,1,Friday,4
3696,3697,2010-02-13,2010,2,February,13,1,Saturday,5
3697,3698,2010-02-14,2010,2,February,14,1,Sunday,6
3698,3699,2010-02-15,2010,2,February,15,1,Monday,0
3699,3700,2010-02-16,2010,2,February,16,1,Tuesday,1
3700,3701,2010-02-17,2010,2,February,17,1,Wednesday,2
3701,3702,2010-02-18,2010,2,February,18,1,Thursday,3
3702,3703,2010-02-19,2010,2,February,19,1,Friday,4
3703,3704,2010-02-20,2010,2,February,20,1,Saturday,5
3704,3705,2010-02-21,2010,2,February,21,1,Sunday,6
3705,3706,2010-02-22,2010,2,February,22,1,Monday,0
3706,3707,2010-02-23,2010,2,February,23,1,Tuesday,1
3707,3708,2010-02-24,2010,2,February,24,1,Wednesday,2
3708,3709,2010-02-25,2010,2,February,25,1,Thursday,3
3709,3710,2010-02-26,2010,2,February,26,1,Friday,4
3710,3711,2010-02-27,2010,2,February,27,1,Saturday,5
3711,3712,2010-02-28,2010,2,February,28,1,Sunday,6
3712,3713,2010-03-01,2010,3,March,1,1,Monday,0
3713,3714,2010-03-02,2010,3,March,2,1,Tuesday,1
3714,3715,2010-03-03,2010,3,March,3,1,Wednesday,2
3715,3716,2010-03-04,2010,3,March,4,1,Thursday,3
3716,3717,2010-03-05,2010,3,March,5,1,Friday,4
3717,3718,2010-03-06,2010,3,March,6,1,Saturday,5
3718,3719,2010-03-07,2010,3,March,7,1,Sunday,6
3719,3720,2010-03-08,2010,3,March,8,1,Monday,0
3720,3721,2010-03-09,2010,3,March,9,1,Tuesday,1
3721,3722,2010-03-10,2010,3,March,10,1,Wednesday,2
3722,3723,2010-03-11,2010,3,March,11,1,Thursday,3
3723,3724,2010-03-12,2010,3,March,12,1,Friday,4
3724,3725,2010-03-13,2010,3,March,13,1,Saturday,5
3725,3726,2010-03-14,2010,3,March,14,1,Sunday,6
3726,3727,2010-03-15,2010,3,March,15,1,Monday,0
3727,3728,2010-03-16,2010,3,March,16,1,Tuesday,1
3728,3729,2010-03-17,2010,3,March,17,1,Wednesday,2
3729,3730,2010-03-18,2010,3,March,18,1,Thursday,3
3730,3731,2010-03-19,2010,3,March,19,1,Friday,4
3731,3732,2010-03-20,2010,3,March,20,1,Saturday,5
3732,3733,2010-03-21,2010,3,March,21,1,Sunday,6
3733,3734,2010-03-22,2010,3,March,22,1,Monday,0
3734,3735,2010-03-23,2010,3,March,23,1,Tuesday,1
3735,3736,2010-03-24,2010,3,March,24,1,Wednesday,2
3736,3737,2010-03-25,2010,3,March,25,1,Thursday,3
3737,3738,2010-03-26,2010,3,March,26,1,Friday,4
3738,3739,2010-03-27,2010,3,March,27,1,Saturday,5
3739,3740,2010-03-28,2010,3,March,28,1,Sunday,6
3740,3741,2010-03-29,2010,3,March,29,1,Monday,0
3741,3742,2010-03-30,2010,3,March,30,1,Tuesday,1
3742,3743,2010-03-31,2010,3,March,31,1,Wednesday,2
3743,3744,2010-04-01,2010,4,April,1,2,Thursday,3
3744,3745,2010-04-02,2010,4,April,2,2,Friday,4
3745,3746,2010-04-03,2010,4,April,3,2,Saturday,5
3746,3747,2010-04-04,2010,4,April,4,2,Sunday,6
3747,3748,2010-04-05,2010,4,April,5,2,Monday,0
3748,3749,2010-04-06,2010,4,April,6,2,Tuesday,1
3749,3750,2010-04-07,2010,4,April,7,2,Wednesday,2
3750,3751,2010-04-08,2010,4,April,8,2,Thursday,3
3751,3752,2010-04-09,2010,4,April,9,2,Friday,4
3752,3753,2010-04-10,2010,4,April,10,2,Saturday,5
3753,3754,2010-04-11,2010,4,April,11,2,Sunday,6
3754,3755,2010-04-12,2010,4,April,12,2,Monday,0
3755,3756,2010-04-13,2010,4,April,13,2,Tuesday,1
3756,3757,2010-04-14,2010,4,April,14,2,Wednesday,2
3757,3758,2010-04-15,2010,4,April,15,2,Thursday,3
3758,3759,2010-04-16,2010,4,April,16,2,Friday,4
3759,3760,2010-04-17,2010,4,April,17,2,Saturday,5
3760,3761,2010-04-18,2010,4,April,18,2,Sunday,6
3761,3762,2010-04-19,2010,4,April,19,2,Monday,0
3762,3763,2010-04-20,2010,4,April,20,2,Tuesday,1
3763,3764,2010-04-21,2010,4,April,21,2,Wednesday,2
3764,3765,2010-04-22,2010,4,April,22,2,Thursday,3
3765,3766,2010-04-23,2010,4,April,23,2,Friday,4
3766,3767,2010-04-24,2010,4,April,24,2,Saturday,5
3767,3768,2010-04-25,2010,4,April,25,2,Sunday,6
3768,3769,2010-04-26,2010,4,April,26,2,Monday,0
3769,3770,2010-04-27,2010,4,April,27,2,Tuesday,1
3770,3771,2010-04-28,2010,4,April,28,2,Wednesday,2
3771,3772,2010-04-29,2010,4,April,29,2,Thursday,3
3772,3773,2010-04-30,2010,4,April,30,2,Friday,4
3773,3774,2010-05-01,2010,5,May,1,2,Saturday,5
3774,3775,2010-05-02,2010,5,May,2,2,Sunday,6
3775,3776,2010-05-03,2010,5,May,3,2,Monday,0
3776,3777,2010-05-04,2010,5,May,4,2,Tuesday,1
3777,3778,2010-05-05,2010,5,May,5,2,Wednesday,2
3778,3779,2010-05-06,2010,5,May,6,2,Thursday,3
3779,3780,2010-05-07,2010,5,May,7,2,Friday,4
3780,3781,2010-05-08,2010,5,May,8,2,Saturday,5
3781,3782,2010-05-09,2010,5,May,9,2,Sunday,6
3782,3783,2010-05-10,2010,5,May,10,2,Monday,0
3783,3784,2010-05-11,2010,5,May,11,2,Tuesday,1
3784,3785,2010-05-12,2010,5,May,12,2,Wednesday,2
3785,3786,2010-05-13,2010,5,May,13,2,Thursday,3
3786,3787,2010-05-14,2010,5,May,14,2,Friday,4
3787,3788,2010-05-15,2010,5,May,15,2,Saturday,5
3788,3789,2010-05-16,2010,5,May,16,2,Sunday,6
3789,3790,2010-05-17,2010,5,May,17,2,Monday,0
3790,3791,2010-05-18,2010,5,May,18,2,Tuesday,1
3791,3792,2010-05-19,2010,5,May,19,2,Wednesday,2
3792,3793,2010-05-20,2010,5,May,20,2,Thursday,3
3793,3794,2010-05-21,2010,5,May,21,2,Friday,4
3794,3795,2010-05-22,2010,5,May,22,2,Saturday,5
3795,3796,2010-05-23,2010,5,May,23,2,Sunday,6
3796,3797,2010-05-24,2010,5,May,24,2,Monday,0
3797,3798,2010-05-25,2010,5,May,25,2,Tuesday,1
3798,3799,2010-05-26,2010,5,May,26,2,Wednesday,2
3799,3800,2010-05-27,2010,5,May,27,2,Thursday,3
3800,3801,2010-05-28,2010,5,May,28,2,Friday,4
3801,3802,2010-05-29,2010,5,May,29,2,Saturday,5
3802,3803,2010-05-30,2010,5,May,30,2,Sunday,6
3803,3804,2010-05-31,2010,5,May,31,2,Monday,0
3804,3805,2010-06-01,2010,6,June,1,2,Tuesday,1
3805,3806,2010-06-02,2010,6,June,2,2,Wednesday,2
3806,3807,2010-06-03,2010,6,June,3,2,Thursday,3
3807,3808,2010-06-04,2010,6,June,4,2,Friday,4
3808,3809,2010-06-05,2010,6,June,5,2,Saturday,5
3809,3810,2010-06-06,2010,6,June,6,2,Sunday,6
3810,3811,2010-06-07,2010,6,June,7,2,Monday,0
3811,3812,2010-06-08,2010,6,June,8,2,Tuesday,1
3812,3813,2010-06-09,2010,6,June,9,2,Wednesday,2
3813,3814,2010-06-10,2010,6,June,10,2,Thursday,3
3814,3815,2010-06-11,2010,6,June,11,2,Friday,4
3815,3816,2010-06-12,2010,6,June,12,2,Saturday,5
3816,3817,2010-06-13,2010,6,June,13,2,Sunday,6
3817,3818,2010-06-14,2010,6,June,14,2,Monday,0
3818,3819,2010-06-15,2010,6,June,15,2,Tuesday,1
3819,3820,2010-06-16,2010,6,June,16,2,Wednesday,2
3820,3821,2010-06-17,2010,6,June,17,2,Thursday,3
3821,3822,2010-06-18,2010,6,June,18,2,Friday,4
3822,3823,2010-06-19,2010,6,June,19,2,Saturday,5
3823,3824,2010-06-20,2010,6,June,20,2,Sunday,6
3824,3825,2010-06-21,2010,6,June,21,2,Monday,0
3825,3826,2010-06-22,2010,6,June,22,2,Tuesday,1
3826,3827,2010-06-23,2010,6,June,23,2,Wednesday,2
3827,3828,2010-06-24,2010,6,June,24,2,Thursday,3
3828,3829,2010-06-25,2010,6,June,25,2,Friday,4
3829,3830,2010-06-26,2010,6,June,26,2,Saturday,5
3830,3831,2010-06-27,2010,6,June,27,2,Sunday,6
3831,3832,2010-06-28,2010,6,June,28,2,Monday,0
3832,3833,2010-06-29,2010,6,June,29,2,Tuesday,1
3833,3834,2010-06-30,2010,6,June,30,2,Wednesday,2
3834,3835,2010-07-01,2010,7,July,1,3,Thursday,3
3835,3836,2010-07-02,2010,7,July,2,3,Friday,4
3836,3837,2010-07-03,2010,7,July,3,3,Saturday,5
3837,3838,2010-07-04,2010,7,July,4,3,Sunday,6
3838,3839,2010-07-05,2010,7,July,5,3,Monday,0
3839,3840,2010-07-06,2010,7,July,6,3,Tuesday,1
3840,3841,2010-07-07,2010,7,July,7,3,Wednesday,2
3841,3842,2010-07-08,2010,7,July,8,3,Thursday,3
3842,3843,2010-07-09,2010,7,July,9,3,Friday,4
3843,3844,2010-07-10,2010,7,July,10,3,Saturday,5
3844,3845,2010-07-11,2010,7,July,11,3,Sunday,6
3845,3846,2010-07-12,2010,7,July,12,3,Monday,0
3846,3847,2010-07-13,2010,7,July,13,3,Tuesday,1
3847,3848,2010-07-14,2010,7,July,14,3,Wednesday,2
3848,3849,2010-07-15,2010,7,July,15,3,Thursday,3
3849,3850,2010-07-16,2010,7,July,16,3,Friday,4
3850,3851,2010-07-17,2010,7,July,17,3,Saturday,5
3851,3852,2010-07-18,2010,7,July,18,3,Sunday,6
3852,3853,2010-07-19,2010,7,July,19,3,Monday,0
3853,3854,2010-07-20,2010,7,July,20,3,Tuesday,1
3854,3855,2010-07-21,2010,7,July,21,3,Wednesday,2
3855,3856,2010-07-22,2010,7,July,22,3,Thursday,3
3856,3857,2010-07-23,2010,7,July,23,3,Friday,4
3857,3858,2010-07-24,2010,7,July,24,3,Saturday,5
3858,3859,2010-07-25,2010,7,July,25,3,Sunday,6
3859,3860,2010-07-26,2010,7,July,26,3,Monday,0
3860,3861,2010-07-27,2010,7,July,27,3,Tuesday,1
3861,3862,2010-07-28,2010,7,July,28,3,Wednesday,2
3862,3863,2010-07-29,2010,7,July,29,3,Thursday,3
3863,3864,2010-07-30,2010,7,July,30,3,Friday,4
3864,3865,2010-07-31,2010,7,July,31,3,Saturday,5
3865,3866,2010-08-01,2010,8,August,1,3,Sunday,6
3866,3867,2010-08-02,2010,8,August,2,3,Monday,0
3867,3868,2010-08-03,2010,8,August,3,3,Tuesday,1
3868,3869,2010-08-04,2010,8,August,4,3,Wednesday,2
3869,3870,2010-08-05,2010,8,August,5,3,Thursday,3
3870,3871,2010-08-06,2010,8,August,6,3,Friday,4
3871,3872,2010-08-07,2010,8,August,7,3,Saturday,5
3872,3873,2010-08-08,2010,8,August,8,3,Sunday,6
3873,3874,2010-08-09,2010,8,August,9,3,Monday,0
3874,3875,2010-08-10,2010,8,August,10,3,Tuesday,1
3875,3876,2010-08-11,2010,8,August,11,3,Wednesday,2
3876,3877,2010-08-12,2010,8,August,12,3,Thursday,3
3877,3878,2010-08-13,2010,8,August,13,3,Friday,4
3878,3879,2010-08-14,2010,8,August,14,3,Saturday,5
3879,3880,2010-08-15,2010,8,August,15,3,Sunday,6
3880,3881,2010-08-16,2010,8,August,16,3,Monday,0
3881,3882,2010-08-17,2010,8,August,17,3,Tuesday,1
3882,3883,2010-08-18,2010,8,August,18,3,Wednesday,2
3883,3884,2010-08-19,2010,8,August,19,3,Thursday,3
3884,3885,2010-08-20,2010,8,August,20,3,Friday,4
3885,3886,2010-08-21,2010,8,August,21,3,Saturday,5
3886,3887,2010-08-22,2010,8,August,22,3,Sunday,6
3887,3888,2010-08-23,2010,8,August,23,3,Monday,0
3888,3889,2010-08-24,2010,8,August,24,3,Tuesday,1
3889,3890,2010-08-25,2010,8,August,25,3,Wednesday,2
3890,3891,2010-08-26,2010,8,August,26,3,Thursday,3
3891,3892,2010-08-27,2010,8,August,27,3,Friday,4
3892,3893,2010-08-28,2010,8,August,28,3,Saturday,5
3893,3894,2010-08-29,2010,8,August,29,3,Sunday,6
3894,3895,2010-08-30,2010,8,August,30,3,Monday,0
3895,3896,2010-08-31,2010,8,August,31,3,Tuesday,1
3896,3897,2010-09-01,2010,9,September,1,3,Wednesday,2
3897,3898,2010-09-02,2010,9,September,2,3,Thursday,3
3898,3899,2010-09-03,2010,9,September,3,3,Friday,4
3899,3900,2010-09-04,2010,9,September,4,3,Saturday,5
3900,3901,2010-09-05,2010,9,September,5,3,Sunday,6
3901,3902,2010-09-06,2010,9,September,6,3,Monday,0
3902,3903,2010-09-07,2010,9,September,7,3,Tuesday,1
3903,3904,2010-09-08,2010,9,September,8,3,Wednesday,2
3904,3905,2010-09-09,2010,9,September,9,3,Thursday,3
3905,3906,2010-09-10,2010,9,September,10,3,Friday,4
3906,3907,2010-09-11,2010,9,September,11,3,Saturday,5
3907,3908,2010-09-12,2010,9,September,12,3,Sunday,6
3908,3909,2010-09-13,2010,9,September,13,3,Monday,0
3909,3910,2010-09-14,2010,9,September,14,3,Tuesday,1
3910,3911,2010-09-15,2010,9,September,15,3,Wednesday,2
3911,3912,2010-09-16,2010,9,September,16,3,Thursday,3
3912,3913,2010-09-17,2010,9,September,17,3,Friday,4
3913,3914,2010-09-18,2010,9,September,18,3,Saturday,5
3914,3915,2010-09-19,2010,9,September,19,3,Sunday,6
3915,3916,2010-09-20,2010,9,September,20,3,Monday,0
3916,3917,2010-09-21,2010,9,September,21,3,Tuesday,1
3917,3918,2010-09-22,2010,9,September,22,3,Wednesday,2
3918,3919,2010-09-23,2010,9,September,23,3,Thursday,3
3919,3920,2010-09-24,2010,9,September,24,3,Friday,4
3920,3921,2010-09-25,2010,9,September,25,3,Saturday,5
3921,3922,2010-09-26,2010,9,September,26,3,Sunday,6
3922,3923,2010-09-27,2010,9,September,27,3,Monday,0
3923,3924,2010-09-28,2010,9,September,28,3,Tuesday,1
3924,3925,2010-09-29,2010,9,September,29,3,Wednesday,2
3925,3926,2010-09-30,2010,9,September,30,3,Thursday,3
3926,3927,2010-10-01,2010,10,October,1,4,Friday,4
3927,3928,2010-10-02,2010,10,October,2,4,Saturday,5
3928,3929,2010-10-03,2010,10,October,3,4,Sunday,6
3929,3930,2010-10-04,2010,10,October,4,4,Monday,0
3930,3931,2010-10-05,2010,10,October,5,4,Tuesday,1
3931,3932,2010-10-06,2010,10,October,6,4,Wednesday,2
3932,3933,2010-10-07,2010,10,October,7,4,Thursday,3
3933,3934,2010-10-08,2010,10,October,8,4,Friday,4
3934,3935,2010-10-09,2010,10,October,9,4,Saturday,5
3935,3936,2010-10-10,2010,10,October,10,4,Sunday,6
3936,3937,2010-10-11,2010,10,October,11,4,Monday,0
3937,3938,2010-10-12,2010,10,October,12,4,Tuesday,1
3938,3939,2010-10-13,2010,10,October,13,4,Wednesday,2
3939,3940,2010-10-14,2010,10,October,14,4,Thursday,3
3940,3941,2010-10-15,2010,10,October,15,4,Friday,4
3941,3942,2010-10-16,2010,10,October,16,4,Saturday,5
3942,3943,2010-10-17,2010,10,October,17,4,Sunday,6
3943,3944,2010-10-18,2010,10,October,18,4,Monday,0
3944,3945,2010-10-19,2010,10,October,19,4,Tuesday,1
3945,3946,2010-10-20,2010,10,October,20,4,Wednesday,2
3946,3947,2010-10-21,2010,10,October,21,4,Thursday,3
3947,3948,2010-10-22,2010,10,October,22,4,Friday,4
3948,3949,2010-10-23,2010,10,October,23,4,Saturday,5
3949,3950,2010-10-24,2010,10,October,24,4,Sunday,6
3950,3951,2010-10-25,2010,10,October,25,4,Monday,0
3951,3952,2010-10-26,2010,10,October,26,4,Tuesday,1
3952,3953,2010-10-27,2010,10,October,27,4,Wednesday,2
3953,3954,2010-10-28,2010,10,October,28,4,Thursday,3
3954,3955,2010-10-29,2010,10,October,29,4,Friday,4
3955,3956,2010-10-30,2010,10,October,30,4,Saturday,5
3956,3957,2010-10-31,2010,10,October,31,4,Sunday,6
3957,3958,2010-11-01,2010,11,November,1,4,Monday,0
3958,3959,2010-11-02,2010,11,November,2,4,Tuesday,1
3959,3960,2010-11-03,2010,11,November,3,4,Wednesday,2
3960,3961,2010-11-04,2010,11,November,4,4,Thursday,3
3961,3962,2010-11-05,2010,11,November,5,4,Friday,4
3962,3963,2010-11-06,2010,11,November,6,4,Saturday,5
3963,3964,2010-11-07,2010,11,November,7,4,Sunday,6
3964,3965,2010-11-08,2010,11,November,8,4,Monday,0
3965,3966,2010-11-09,2010,11,November,9,4,Tuesday,1
3966,3967,2010-11-10,2010,11,November,10,4,Wednesday,2
3967,3968,2010-11-11,2010,11,November,11,4,Thursday,3
3968,3969,2010-11-12,2010,11,November,12,4,Friday,4
3969,3970,2010-11-13,2010,11,November,13,4,Saturday,5
3970,3971,2010-11-14,2010,11,November,14,4,Sunday,6
3971,3972,2010-11-15,2010,11,November,15,4,Monday,0
3972,3973,2010-11-16,2010,11,November,16,4,Tuesday,1
3973,3974,2010-11-17,2010,11,November,17,4,Wednesday,2
3974,3975,2010-11-18,2010,11,November,18,4,Thursday,3
3975,3976,2010-11-19,2010,11,November,19,4,Friday,4
3976,3977,2010-11-20,2010,11,November,20,4,Saturday,5
3977,3978,2010-11-21,2010,11,November,21,4,Sunday,6
3978,3979,2010-11-22,2010,11,November,22,4,Monday,0
3979,3980,2010-11-23,2010,11,November,23,4,Tuesday,1
3980,3981,2010-11-24,2010,11,November,24,4,Wednesday,2
3981,3982,2010-11-25,2010,11,November,25,4,Thursday,3
3982,3983,2010-11-26,2010,11,November,26,4,Friday,4
3983,3984,2010-11-27,2010,11,November,27,4,Saturday,5
3984,3985,2010-11-28,2010,11,November,28,4,Sunday,6
3985,3986,2010-11-29,2010,11,November,29,4,Monday,0
3986,3987,2010-11-30,2010,11,November,30,4,Tuesday,1
3987,3988,2010-12-01,2010,12,December,1,4,Wednesday,2
3988,3989,2010-12-02,2010,12,December,2,4,Thursday,3
3989,3990,2010-12-03,2010,12,December,3,4,Friday,4
3990,3991,2010-12-04,2010,12,December,4,4,Saturday,5
3991,3992,2010-12-05,2010,12,December,5,4,Sunday,6
3992,3993,2010-12-06,2010,12,December,6,4,Monday,0
3993,3994,2010-12-07,2010,12,December,7,4,Tuesday,1
3994,3995,2010-12-08,2010,12,December,8,4,Wednesday,2
3995,3996,2010-12-09,2010,12,December,9,4,Thursday,3
3996,3997,2010-12-10,2010,12,December,10,4,Friday,4
3997,3998,2010-12-11,2010,12,December,11,4,Saturday,5
3998,3999,2010-12-12,2010,12,December,12,4,Sunday,6
3999,4000,2010-12-13,2010,12,December,13,4,Monday,0
4000,4001,2010-12-14,2010,12,December,14,4,Tuesday,1
4001,4002,2010-12-15,2010,12,December,15,4,Wednesday,2
4002,4003,2010-12-16,2010,12,December,16,4,Thursday,3
4003,4004,2010-12-17,2010,12,December,17,4,Friday,4
4004,4005,2010-12-18,2010,12,December,18,4,Saturday,5
4005,4006,2010-12-19,2010,12,December,19,4,Sunday,6
4006,4007,2010-12-20,2010,12,December,20,4,Monday,0
4007,4008,2010-12-21,2010,12,December,21,4,Tuesday,1
4008,4009,2010-12-22,2010,12,December,22,4,Wednesday,2
4009,4010,2010-12-23,2010,12,December,23,4,Thursday,3
4010,4011,2010-12-24,2010,12,December,24,4,Friday,4
4011,4012,2010-12-25,2010,12,December,25,4,Saturday,5
4012,4013,2010-12-26,2010,12,December,26,4,Sunday,6
4013,4014,2010-12-27,2010,12,December,27,4,Monday,0
4014,4015,2010-12-28,2010,12,December,28,4,Tuesday,1
4015,4016,2010-12-29,2010,12,December,29,4,Wednesday,2
4016,4017,2010-12-30,2010,12,December,30,4,Thursday,3
4017,4018,2010-12-31,2010,12,December,31,4,Friday,4
4018,4019,2011-01-01,2011,1,January,1,1,Saturday,5
4019,4020,2011-01-02,2011,1,January,2,1,Sunday,6
4020,4021,2011-01-03,2011,1,January,3,1,Monday,0
4021,4022,2011-01-04,2011,1,January,4,1,Tuesday,1
4022,4023,2011-01-05,2011,1,January,5,1,Wednesday,2
4023,4024,2011-01-06,2011,1,January,6,1,Thursday,3
4024,4025,2011-01-07,2011,1,January,7,1,Friday,4
4025,4026,2011-01-08,2011,1,January,8,1,Saturday,5
4026,4027,2011-01-09,2011,1,January,9,1,Sunday,6
4027,4028,2011-01-10,2011,1,January,10,1,Monday,0
4028,4029,2011-01-11,2011,1,January,11,1,Tuesday,1
4029,4030,2011-01-12,2011,1,January,12,1,Wednesday,2
4030,4031,2011-01-13,2011,1,January,13,1,Thursday,3
4031,4032,2011-01-14,2011,1,January,14,1,Friday,4
4032,4033,2011-01-15,2011,1,January,15,1,Saturday,5
4033,4034,2011-01-16,2011,1,January,16,1,Sunday,6
4034,4035,2011-01-17,2011,1,January,17,1,Monday,0
4035,4036,2011-01-18,2011,1,January,18,1,Tuesday,1
4036,4037,2011-01-19,2011,1,January,19,1,Wednesday,2
4037,4038,2011-01-20,2011,1,January,20,1,Thursday,3
4038,4039,2011-01-21,2011,1,January,21,1,Friday,4
4039,4040,2011-01-22,2011,1,January,22,1,Saturday,5
4040,4041,2011-01-23,2011,1,January,23,1,Sunday,6
4041,4042,2011-01-24,2011,1,January,24,1,Monday,0
4042,4043,2011-01-25,2011,1,January,25,1,Tuesday,1
4043,4044,2011-01-26,2011,1,January,26,1,Wednesday,2
4044,4045,2011-01-27,2011,1,January,27,1,Thursday,3
4045,4046,2011-01-28,2011,1,January,28,1,Friday,4
4046,4047,2011-01-29,2011,1,January,29,1,Saturday,5
4047,4048,2011-01-30,2011,1,January,30,1,Sunday,6
4048,4049,2011-01-31,2011,1,January,31,1,Monday,0
4049,4050,2011-02-01,2011,2,February,1,1,Tuesday,1
4050,4051,2011-02-02,2011,2,February,2,1,Wednesday,2
4051,4052,2011-02-03,2011,2,February,3,1,Thursday,3
4052,4053,2011-02-04,2011,2,February,4,1,Friday,4
4053,4054,2011-02-05,2011,2,February,5,1,Saturday,5
4054,4055,2011-02-06,2011,2,February,6,1,Sunday,6
4055,4056,2011-02-07,2011,2,February,7,1,Monday,0
4056,4057,2011-02-08,2011,2,February,8,1,Tuesday,1
4057,4058,2011-02-09,2011,2,February,9,1,Wednesday,2
4058,4059,2011-02-10,2011,2,February,10,1,Thursday,3
4059,4060,2011-02-11,2011,2,February,11,1,Friday,4
4060,4061,2011-02-12,2011,2,February,12,1,Saturday,5
4061,4062,2011-02-13,2011,2,February,13,1,Sunday,6
4062,4063,2011-02-14,2011,2,February,14,1,Monday,0
4063,4064,2011-02-15,2011,2,February,15,1,Tuesday,1
4064,4065,2011-02-16,2011,2,February,16,1,Wednesday,2
4065,4066,2011-02-17,2011,2,February,17,1,Thursday,3
4066,4067,2011-02-18,2011,2,February,18,1,Friday,4
4067,4068,2011-02-19,2011,2,February,19,1,Saturday,5
4068,4069,2011-02-20,2011,2,February,20,1,Sunday,6
4069,4070,2011-02-21,2011,2,February,21,1,Monday,0
4070,4071,2011-02-22,2011,2,February,22,1,Tuesday,1
4071,4072,2011-02-23,2011,2,February,23,1,Wednesday,2
4072,4073,2011-02-24,2011,2,February,24,1,Thursday,3
4073,4074,2011-02-25,2011,2,February,25,1,Friday,4
4074,4075,2011-02-26,2011,2,February,26,1,Saturday,5
4075,4076,2011-02-27,2011,2,February,27,1,Sunday,6
4076,4077,2011-02-28,2011,2,February,28,1,Monday,0
4077,4078,2011-03-01,2011,3,March,1,1,Tuesday,1
4078,4079,2011-03-02,2011,3,March,2,1,Wednesday,2
4079,4080,2011-03-03,2011,3,March,3,1,Thursday,3
4080,4081,2011-03-04,2011,3,March,4,1,Friday,4
4081,4082,2011-03-05,2011,3,March,5,1,Saturday,5
4082,4083,2011-03-06,2011,3,March,6,1,Sunday,6
4083,4084,2011-03-07,2011,3,March,7,1,Monday,0
4084,4085,2011-03-08,2011,3,March,8,1,Tuesday,1
4085,4086,2011-03-09,2011,3,March,9,1,Wednesday,2
4086,4087,2011-03-10,2011,3,March,10,1,Thursday,3
4087,4088,2011-03-11,2011,3,March,11,1,Friday,4
4088,4089,2011-03-12,2011,3,March,12,1,Saturday,5
4089,4090,2011-03-13,2011,3,March,13,1,Sunday,6
4090,4091,2011-03-14,2011,3,March,14,1,Monday,0
4091,4092,2011-03-15,2011,3,March,15,1,Tuesday,1
4092,4093,2011-03-16,2011,3,March,16,1,Wednesday,2
4093,4094,2011-03-17,2011,3,March,17,1,Thursday,3
4094,4095,2011-03-18,2011,3,March,18,1,Friday,4
4095,4096,2011-03-19,2011,3,March,19,1,Saturday,5
4096,4097,2011-03-20,2011,3,March,20,1,Sunday,6
4097,4098,2011-03-21,2011,3,March,21,1,Monday,0
4098,4099,2011-03-22,2011,3,March,22,1,Tuesday,1
4099,4100,2011-03-23,2011,3,March,23,1,Wednesday,2
4100,4101,2011-03-24,2011,3,March,24,1,Thursday,3
4101,4102,2011-03-25,2011,3,March,25,1,Friday,4
4102,4103,2011-03-26,2011,3,March,26,1,Saturday,5
4103,4104,2011-03-27,2011,3,March,27,1,Sunday,6
4104,4105,2011-03-28,2011,3,March,28,1,Monday,0
4105,4106,2011-03-29,2011,3,March,29,1,Tuesday,1
4106,4107,2011-03-30,2011,3,March,30,1,Wednesday,2
4107,4108,2011-03-31,2011,3,March,31,1,Thursday,3
4108,4109,2011-04-01,2011,4,April,1,2,Friday,4
4109,4110,2011-04-02,2011,4,April,2,2,Saturday,5
4110,4111,2011-04-03,2011,4,April,3,2,Sunday,6
4111,4112,2011-04-04,2011,4,April,4,2,Monday,0
4112,4113,2011-04-05,2011,4,April,5,2,Tuesday,1
4113,4114,2011-04-06,2011,4,April,6,2,Wednesday,2
4114,4115,2011-04-07,2011,4,April,7,2,Thursday,3
4115,4116,2011-04-08,2011,4,April,8,2,Friday,4
4116,4117,2011-04-09,2011,4,April,9,2,Saturday,5
4117,4118,2011-04-10,2011,4,April,10,2,Sunday,6
4118,4119,2011-04-11,2011,4,April,11,2,Monday,0
4119,4120,2011-04-12,2011,4,April,12,2,Tuesday,1
4120,4121,2011-04-13,2011,4,April,13,2,Wednesday,2
4121,4122,2011-04-14,2011,4,April,14,2,Thursday,3
4122,4123,2011-04-15,2011,4,April,15,2,Friday,4
4123,4124,2011-04-16,2011,4,April,16,2,Saturday,5
4124,4125,2011-04-17,2011,4,April,17,2,Sunday,6
4125,4126,2011-04-18,2011,4,April,18,2,Monday,0
4126,4127,2011-04-19,2011,4,April,19,2,Tuesday,1
4127,4128,2011-04-20,2011,4,April,20,2,Wednesday,2
4128,4129,2011-04-21,2011,4,April,21,2,Thursday,3
4129,4130,2011-04-22,2011,4,April,22,2,Friday,4
4130,4131,2011-04-23,2011,4,April,23,2,Saturday,5
4131,4132,2011-04-24,2011,4,April,24,2,Sunday,6
4132,4133,2011-04-25,2011,4,April,25,2,Monday,0
4133,4134,2011-04-26,2011,4,April,26,2,Tuesday,1
4134,4135,2011-04-27,2011,4,April,27,2,Wednesday,2
4135,4136,2011-04-28,2011,4,April,28,2,Thursday,3
4136,4137,2011-04-29,2011,4,April,29,2,Friday,4
4137,4138,2011-04-30,2011,4,April,30,2,Saturday,5
4138,4139,2011-05-01,2011,5,May,1,2,Sunday,6
4139,4140,2011-05-02,2011,5,May,2,2,Monday,0
4140,4141,2011-05-03,2011,5,May,3,2,Tuesday,1
4141,4142,2011-05-04,2011,5,May,4,2,Wednesday,2
4142,4143,2011-05-05,2011,5,May,5,2,Thursday,3
4143,4144,2011-05-06,2011,5,May,6,2,Friday,4
4144,4145,2011-05-07,2011,5,May,7,2,Saturday,5
4145,4146,2011-05-08,2011,5,May,8,2,Sunday,6
4146,4147,2011-05-09,2011,5,May,9,2,Monday,0
4147,4148,2011-05-10,2011,5,May,10,2,Tuesday,1
4148,4149,2011-05-11,2011,5,May,11,2,Wednesday,2
4149,4150,2011-05-12,2011,5,May,12,2,Thursday,3
4150,4151,2011-05-13,2011,5,May,13,2,Friday,4
4151,4152,2011-05-14,2011,5,May,14,2,Saturday,5
4152,4153,2011-05-15,2011,5,May,15,2,Sunday,6
4153,4154,2011-05-16,2011,5,May,16,2,Monday,0
4154,4155,2011-05-17,2011,5,May,17,2,Tuesday,1
4155,4156,2011-05-18,2011,5,May,18,2,Wednesday,2
4156,4157,2011-05-19,2011,5,May,19,2,Thursday,3
4157,4158,2011-05-20,2011,5,May,20,2,Friday,4
4158,4159,2011-05-21,2011,5,May,21,2,Saturday,5
4159,4160,2011-05-22,2011,5,May,22,2,Sunday,6
4160,4161,2011-05-23,2011,5,May,23,2,Monday,0
4161,4162,2011-05-24,2011,5,May,24,2,Tuesday,1
4162,4163,2011-05-25,2011,5,May,25,2,Wednesday,2
4163,4164,2011-05-26,2011,5,May,26,2,Thursday,3
4164,4165,2011-05-27,2011,5,May,27,2,Friday,4
4165,4166,2011-05-28,2011,5,May,28,2,Saturday,5
4166,4167,2011-05-29,2011,5,May,29,2,Sunday,6
4167,4168,2011-05-30,2011,5,May,30,2,Monday,0
4168,4169,2011-05-31,2011,5,May,31,2,Tuesday,1
4169,4170,2011-06-01,2011,6,June,1,2,Wednesday,2
4170,4171,2011-06-02,2011,6,June,2,2,Thursday,3
4171,4172,2011-06-03,2011,6,June,3,2,Friday,4
4172,4173,2011-06-04,2011,6,June,4,2,Saturday,5
4173,4174,2011-06-05,2011,6,June,5,2,Sunday,6
4174,4175,2011-06-06,2011,6,June,6,2,Monday,0
4175,4176,2011-06-07,2011,6,June,7,2,Tuesday,1
4176,4177,2011-06-08,2011,6,June,8,2,Wednesday,2
4177,4178,2011-06-09,2011,6,June,9,2,Thursday,3
4178,4179,2011-06-10,2011,6,June,10,2,Friday,4
4179,4180,2011-06-11,2011,6,June,11,2,Saturday,5
4180,4181,2011-06-12,2011,6,June,12,2,Sunday,6
4181,4182,2011-06-13,2011,6,June,13,2,Monday,0
4182,4183,2011-06-14,2011,6,June,14,2,Tuesday,1
4183,4184,2011-06-15,2011,6,June,15,2,Wednesday,2
4184,4185,2011-06-16,2011,6,June,16,2,Thursday,3
4185,4186,2011-06-17,2011,6,June,17,2,Friday,4
4186,4187,2011-06-18,2011,6,June,18,2,Saturday,5
4187,4188,2011-06-19,2011,6,June,19,2,Sunday,6
4188,4189,2011-06-20,2011,6,June,20,2,Monday,0
4189,4190,2011-06-21,2011,6,June,21,2,Tuesday,1
4190,4191,2011-06-22,2011,6,June,22,2,Wednesday,2
4191,4192,2011-06-23,2011,6,June,23,2,Thursday,3
4192,4193,2011-06-24,2011,6,June,24,2,Friday,4
4193,4194,2011-06-25,2011,6,June,25,2,Saturday,5
4194,4195,2011-06-26,2011,6,June,26,2,Sunday,6
4195,4196,2011-06-27,2011,6,June,27,2,Monday,0
4196,4197,2011-06-28,2011,6,June,28,2,Tuesday,1
4197,4198,2011-06-29,2011,6,June,29,2,Wednesday,2
4198,4199,2011-06-30,2011,6,June,30,2,Thursday,3
4199,4200,2011-07-01,2011,7,July,1,3,Friday,4
4200,4201,2011-07-02,2011,7,July,2,3,Saturday,5
4201,4202,2011-07-03,2011,7,July,3,3,Sunday,6
4202,4203,2011-07-04,2011,7,July,4,3,Monday,0
4203,4204,2011-07-05,2011,7,July,5,3,Tuesday,1
4204,4205,2011-07-06,2011,7,July,6,3,Wednesday,2
4205,4206,2011-07-07,2011,7,July,7,3,Thursday,3
4206,4207,2011-07-08,2011,7,July,8,3,Friday,4
4207,4208,2011-07-09,2011,7,July,9,3,Saturday,5
4208,4209,2011-07-10,2011,7,July,10,3,Sunday,6
4209,4210,2011-07-11,2011,7,July,11,3,Monday,0
4210,4211,2011-07-12,2011,7,July,12,3,Tuesday,1
4211,4212,2011-07-13,2011,7,July,13,3,Wednesday,2
4212,4213,2011-07-14,2011,7,July,14,3,Thursday,3
4213,4214,2011-07-15,2011,7,July,15,3,Friday,4
4214,4215,2011-07-16,2011,7,July,16,3,Saturday,5
4215,4216,2011-07-17,2011,7,July,17,3,Sunday,6
4216,4217,2011-07-18,2011,7,July,18,3,Monday,0
4217,4218,2011-07-19,2011,7,July,19,3,Tuesday,1
4218,4219,2011-07-20,2011,7,July,20,3,Wednesday,2
4219,4220,2011-07-21,2011,7,July,21,3,Thursday,3
4220,4221,2011-07-22,2011,7,July,22,3,Friday,4
4221,4222,2011-07-23,2011,7,July,23,3,Saturday,5
4222,4223,2011-07-24,2011,7,July,24,3,Sunday,6
4223,4224,2011-07-25,2011,7,July,25,3,Monday,0
4224,4225,2011-07-26,2011,7,July,26,3,Tuesday,1
4225,4226,2011-07-27,2011,7,July,27,3,Wednesday,2
4226,4227,2011-07-28,2011,7,July,28,3,Thursday,3
4227,4228,2011-07-29,2011,7,July,29,3,Friday,4
4228,4229,2011-07-30,2011,7,July,30,3,Saturday,5
4229,4230,2011-07-31,2011,7,July,31,3,Sunday,6
4230,4231,2011-08-01,2011,8,August,1,3,Monday,0
4231,4232,2011-08-02,2011,8,August,2,3,Tuesday,1
4232,4233,2011-08-03,2011,8,August,3,3,Wednesday,2
4233,4234,2011-08-04,2011,8,August,4,3,Thursday,3
4234,4235,2011-08-05,2011,8,August,5,3,Friday,4
4235,4236,2011-08-06,2011,8,August,6,3,Saturday,5
4236,4237,2011-08-07,2011,8,August,7,3,Sunday,6
4237,4238,2011-08-08,2011,8,August,8,3,Monday,0
4238,4239,2011-08-09,2011,8,August,9,3,Tuesday,1
4239,4240,2011-08-10,2011,8,August,10,3,Wednesday,2
4240,4241,2011-08-11,2011,8,August,11,3,Thursday,3
4241,4242,2011-08-12,2011,8,August,12,3,Friday,4
4242,4243,2011-08-13,2011,8,August,13,3,Saturday,5
4243,4244,2011-08-14,2011,8,August,14,3,Sunday,6
4244,4245,2011-08-15,2011,8,August,15,3,Monday,0
4245,4246,2011-08-16,2011,8,August,16,3,Tuesday,1
4246,4247,2011-08-17,2011,8,August,17,3,Wednesday,2
4247,4248,2011-08-18,2011,8,August,18,3,Thursday,3
4248,4249,2011-08-19,2011,8,August,19,3,Friday,4
4249,4250,2011-08-20,2011,8,August,20,3,Saturday,5
4250,4251,2011-08-21,2011,8,August,21,3,Sunday,6
4251,4252,2011-08-22,2011,8,August,22,3,Monday,0
4252,4253,2011-08-23,2011,8,August,23,3,Tuesday,1
4253,4254,2011-08-24,2011,8,August,24,3,Wednesday,2
4254,4255,2011-08-25,2011,8,August,25,3,Thursday,3
4255,4256,2011-08-26,2011,8,August,26,3,Friday,4
4256,4257,2011-08-27,2011,8,August,27,3,Saturday,5
4257,4258,2011-08-28,2011,8,August,28,3,Sunday,6
4258,4259,2011-08-29,2011,8,August,29,3,Monday,0
4259,4260,2011-08-30,2011,8,August,30,3,Tuesday,1
4260,4261,2011-08-31,2011,8,August,31,3,Wednesday,2
4261,4262,2011-09-01,2011,9,September,1,3,Thursday,3
4262,4263,2011-09-02,2011,9,September,2,3,Friday,4
4263,4264,2011-09-03,2011,9,September,3,3,Saturday,5
4264,4265,2011-09-04,2011,9,September,4,3,Sunday,6
4265,4266,2011-09-05,2011,9,September,5,3,Monday,0
4266,4267,2011-09-06,2011,9,September,6,3,Tuesday,1
4267,4268,2011-09-07,2011,9,September,7,3,Wednesday,2
4268,4269,2011-09-08,2011,9,September,8,3,Thursday,3
4269,4270,2011-09-09,2011,9,September,9,3,Friday,4
4270,4271,2011-09-10,2011,9,September,10,3,Saturday,5
4271,4272,2011-09-11,2011,9,September,11,3,Sunday,6
4272,4273,2011-09-12,2011,9,September,12,3,Monday,0
4273,4274,2011-09-13,2011,9,September,13,3,Tuesday,1
4274,4275,2011-09-14,2011,9,September,14,3,Wednesday,2
4275,4276,2011-09-15,2011,9,September,15,3,Thursday,3
4276,4277,2011-09-16,2011,9,September,16,3,Friday,4
4277,4278,2011-09-17,2011,9,September,17,3,Saturday,5
4278,4279,2011-09-18,2011,9,September,18,3,Sunday,6
4279,4280,2011-09-19,2011,9,September,19,3,Monday,0
4280,4281,2011-09-20,2011,9,September,20,3,Tuesday,1
4281,4282,2011-09-21,2011,9,September,21,3,Wednesday,2
4282,4283,2011-09-22,2011,9,September,22,3,Thursday,3
4283,4284,2011-09-23,2011,9,September,23,3,Friday,4
4284,4285,2011-09-24,2011,9,September,24,3,Saturday,5
4285,4286,2011-09-25,2011,9,September,25,3,Sunday,6
4286,4287,2011-09-26,2011,9,September,26,3,Monday,0
4287,4288,2011-09-27,2011,9,September,27,3,Tuesday,1
4288,4289,2011-09-28,2011,9,September,28,3,Wednesday,2
4289,4290,2011-09-29,2011,9,September,29,3,Thursday,3
4290,4291,2011-09-30,2011,9,September,30,3,Friday,4
4291,4292,2011-10-01,2011,10,October,1,4,Saturday,5
4292,4293,2011-10-02,2011,10,October,2,4,Sunday,6
4293,4294,2011-10-03,2011,10,October,3,4,Monday,0
4294,4295,2011-10-04,2011,10,October,4,4,Tuesday,1
4295,4296,2011-10-05,2011,10,October,5,4,Wednesday,2
4296,4297,2011-10-06,2011,10,October,6,4,Thursday,3
4297,4298,2011-10-07,2011,10,October,7,4,Friday,4
4298,4299,2011-10-08,2011,10,October,8,4,Saturday,5
4299,4300,2011-10-09,2011,10,October,9,4,Sunday,6
4300,4301,2011-10-10,2011,10,October,10,4,Monday,0
4301,4302,2011-10-11,2011,10,October,11,4,Tuesday,1
4302,4303,2011-10-12,2011,10,October,12,4,Wednesday,2
4303,4304,2011-10-13,2011,10,October,13,4,Thursday,3
4304,4305,2011-10-14,2011,10,October,14,4,Friday,4
4305,4306,2011-10-15,2011,10,October,15,4,Saturday,5
4306,4307,2011-10-16,2011,10,October,16,4,Sunday,6
4307,4308,2011-10-17,2011,10,October,17,4,Monday,0
4308,4309,2011-10-18,2011,10,October,18,4,Tuesday,1
4309,4310,2011-10-19,2011,10,October,19,4,Wednesday,2
4310,4311,2011-10-20,2011,10,October,20,4,Thursday,3
4311,4312,2011-10-21,2011,10,October,21,4,Friday,4
4312,4313,2011-10-22,2011,10,October,22,4,Saturday,5
4313,4314,2011-10-23,2011,10,October,23,4,Sunday,6
4314,4315,2011-10-24,2011,10,October,24,4,Monday,0
4315,4316,2011-10-25,2011,10,October,25,4,Tuesday,1
4316,4317,2011-10-26,2011,10,October,26,4,Wednesday,2
4317,4318,2011-10-27,2011,10,October,27,4,Thursday,3
4318,4319,2011-10-28,2011,10,October,28,4,Friday,4
4319,4320,2011-10-29,2011,10,October,29,4,Saturday,5
4320,4321,2011-10-30,2011,10,October,30,4,Sunday,6
4321,4322,2011-10-31,2011,10,October,31,4,Monday,0
4322,4323,2011-11-01,2011,11,November,1,4,Tuesday,1
4323,4324,2011-11-02,2011,11,November,2,4,Wednesday,2
4324,4325,2011-11-03,2011,11,November,3,4,Thursday,3
4325,4326,2011-11-04,2011,11,November,4,4,Friday,4
4326,4327,2011-11-05,2011,11,November,5,4,Saturday,5
4327,4328,2011-11-06,2011,11,November,6,4,Sunday,6
4328,4329,2011-11-07,2011,11,November,7,4,Monday,0
4329,4330,2011-11-08,2011,11,November,8,4,Tuesday,1
4330,4331,2011-11-09,2011,11,November,9,4,Wednesday,2
4331,4332,2011-11-10,2011,11,November,10,4,Thursday,3
4332,4333,2011-11-11,2011,11,November,11,4,Friday,4
4333,4334,2011-11-12,2011,11,November,12,4,Saturday,5
4334,4335,2011-11-13,2011,11,November,13,4,Sunday,6
4335,4336,2011-11-14,2011,11,November,14,4,Monday,0
4336,4337,2011-11-15,2011,11,November,15,4,Tuesday,1
4337,4338,2011-11-16,2011,11,November,16,4,Wednesday,2
4338,4339,2011-11-17,2011,11,November,17,4,Thursday,3
4339,4340,2011-11-18,2011,11,November,18,4,Friday,4
4340,4341,2011-11-19,2011,11,November,19,4,Saturday,5
4341,4342,2011-11-20,2011,11,November,20,4,Sunday,6
4342,4343,2011-11-21,2011,11,November,21,4,Monday,0
4343,4344,2011-11-22,2011,11,November,22,4,Tuesday,1
4344,4345,2011-11-23,2011,11,November,23,4,Wednesday,2
4345,4346,2011-11-24,2011,11,November,24,4,Thursday,3
4346,4347,2011-11-25,2011,11,November,25,4,Friday,4
4347,4348,2011-11-26,2011,11,November,26,4,Saturday,5
4348,4349,2011-11-27,2011,11,November,27,4,Sunday,6
4349,4350,2011-11-28,2011,11,November,28,4,Monday,0
4350,4351,2011-11-29,2011,11,November,29,4,Tuesday,1
4351,4352,2011-11-30,2011,11,November,30,4,Wednesday,2
4352,4353,2011-12-01,2011,12,December,1,4,Thursday,3
4353,4354,2011-12-02,2011,12,December,2,4,Friday,4
4354,4355,2011-12-03,2011,12,December,3,4,Saturday,5
4355,4356,2011-12-04,2011,12,December,4,4,Sunday,6
4356,4357,2011-12-05,2011,12,December,5,4,Monday,0
4357,4358,2011-12-06,2011,12,December,6,4,Tuesday,1
4358,4359,2011-12-07,2011,12,December,7,4,Wednesday,2
4359,4360,2011-12-08,2011,12,December,8,4,Thursday,3
4360,4361,2011-12-09,2011,12,December,9,4,Friday,4
4361,4362,2011-12-10,2011,12,December,10,4,Saturday,5
4362,4363,2011-12-11,2011,12,December,11,4,Sunday,6
4363,4364,2011-12-12,2011,12,December,12,4,Monday,0
4364,4365,2011-12-13,2011,12,December,13,4,Tuesday,1
4365,4366,2011-12-14,2011,12,December,14,4,Wednesday,2
4366,4367,2011-12-15,2011,12,December,15,4,Thursday,3
4367,4368,2011-12-16,2011,12,December,16,4,Friday,4
4368,4369,2011-12-17,2011,12,December,17,4,Saturday,5
4369,4370,2011-12-18,2011,12,December,18,4,Sunday,6
4370,4371,2011-12-19,2011,12,December,19,4,Monday,0
4371,4372,2011-12-20,2011,12,December,20,4,Tuesday,1
4372,4373,2011-12-21,2011,12,December,21,4,Wednesday,2
4373,4374,2011-12-22,2011,12,December,22,4,Thursday,3
4374,4375,2011-12-23,2011,12,December,23,4,Friday,4
4375,4376,2011-12-24,2011,12,December,24,4,Saturday,5
4376,4377,2011-12-25,2011,12,December,25,4,Sunday,6
4377,4378,2011-12-26,2011,12,December,26,4,Monday,0
4378,4379,2011-12-27,2011,12,December,27,4,Tuesday,1
4379,4380,2011-12-28,2011,12,December,28,4,Wednesday,2
4380,4381,2011-12-29,2011,12,December,29,4,Thursday,3
4381,4382,2011-12-30,2011,12,December,30,4,Friday,4
4382,4383,2011-12-31,2011,12,December,31,4,Saturday,5
4383,4384,2012-01-01,2012,1,January,1,1,Sunday,6
4384,4385,2012-01-02,2012,1,January,2,1,Monday,0
4385,4386,2012-01-03,2012,1,January,3,1,Tuesday,1
4386,4387,2012-01-04,2012,1,January,4,1,Wednesday,2
4387,4388,2012-01-05,2012,1,January,5,1,Thursday,3
4388,4389,2012-01-06,2012,1,January,6,1,Friday,4
4389,4390,2012-01-07,2012,1,January,7,1,Saturday,5
4390,4391,2012-01-08,2012,1,January,8,1,Sunday,6
4391,4392,2012-01-09,2012,1,January,9,1,Monday,0
4392,4393,2012-01-10,2012,1,January,10,1,Tuesday,1
4393,4394,2012-01-11,2012,1,January,11,1,Wednesday,2
4394,4395,2012-01-12,2012,1,January,12,1,Thursday,3
4395,4396,2012-01-13,2012,1,January,13,1,Friday,4
4396,4397,2012-01-14,2012,1,January,14,1,Saturday,5
4397,4398,2012-01-15,2012,1,January,15,1,Sunday,6
4398,4399,2012-01-16,2012,1,January,16,1,Monday,0
4399,4400,2012-01-17,2012,1,January,17,1,Tuesday,1
4400,4401,2012-01-18,2012,1,January,18,1,Wednesday,2
4401,4402,2012-01-19,2012,1,January,19,1,Thursday,3
4402,4403,2012-01-20,2012,1,January,20,1,Friday,4
4403,4404,2012-01-21,2012,1,January,21,1,Saturday,5
4404,4405,2012-01-22,2012,1,January,22,1,Sunday,6
4405,4406,2012-01-23,2012,1,January,23,1,Monday,0
4406,4407,2012-01-24,2012,1,January,24,1,Tuesday,1
4407,4408,2012-01-25,2012,1,January,25,1,Wednesday,2
4408,4409,2012-01-26,2012,1,January,26,1,Thursday,3
4409,4410,2012-01-27,2012,1,January,27,1,Friday,4
4410,4411,2012-01-28,2012,1,January,28,1,Saturday,5
4411,4412,2012-01-29,2012,1,January,29,1,Sunday,6
4412,4413,2012-01-30,2012,1,January,30,1,Monday,0
4413,4414,2012-01-31,2012,1,January,31,1,Tuesday,1
4414,4415,2012-02-01,2012,2,February,1,1,Wednesday,2
4415,4416,2012-02-02,2012,2,February,2,1,Thursday,3
4416,4417,2012-02-03,2012,2,February,3,1,Friday,4
4417,4418,2012-02-04,2012,2,February,4,1,Saturday,5
4418,4419,2012-02-05,2012,2,February,5,1,Sunday,6
4419,4420,2012-02-06,2012,2,February,6,1,Monday,0
4420,4421,2012-02-07,2012,2,February,7,1,Tuesday,1
4421,4422,2012-02-08,2012,2,February,8,1,Wednesday,2
4422,4423,2012-02-09,2012,2,February,9,1,Thursday,3
4423,4424,2012-02-10,2012,2,February,10,1,Friday,4
4424,4425,2012-02-11,2012,2,February,11,1,Saturday,5
4425,4426,2012-02-12,2012,2,February,12,1,Sunday,6
4426,4427,2012-02-13,2012,2,February,13,1,Monday,0
4427,4428,2012-02-14,2012,2,February,14,1,Tuesday,1
4428,4429,2012-02-15,2012,2,February,15,1,Wednesday,2
4429,4430,2012-02-16,2012,2,February,16,1,Thursday,3
4430,4431,2012-02-17,2012,2,February,17,1,Friday,4
4431,4432,2012-02-18,2012,2,February,18,1,Saturday,5
4432,4433,2012-02-19,2012,2,February,19,1,Sunday,6
4433,4434,2012-02-20,2012,2,February,20,1,Monday,0
4434,4435,2012-02-21,2012,2,February,21,1,Tuesday,1
4435,4436,2012-02-22,2012,2,February,22,1,Wednesday,2
4436,4437,2012-02-23,2012,2,February,23,1,Thursday,3
4437,4438,2012-02-24,2012,2,February,24,1,Friday,4
4438,4439,2012-02-25,2012,2,February,25,1,Saturday,5
4439,4440,2012-02-26,2012,2,February,26,1,Sunday,6
4440,4441,2012-02-27,2012,2,February,27,1,Monday,0
4441,4442,2012-02-28,2012,2,February,28,1,Tuesday,1
4442,4443,2012-02-29,2012,2,February,29,1,Wednesday,2
4443,4444,2012-03-01,2012,3,March,1,1,Thursday,3
4444,4445,2012-03-02,2012,3,March,2,1,Friday,4
4445,4446,2012-03-03,2012,3,March,3,1,Saturday,5
4446,4447,2012-03-04,2012,3,March,4,1,Sunday,6
4447,4448,2012-03-05,2012,3,March,5,1,Monday,0
4448,4449,2012-03-06,2012,3,March,6,1,Tuesday,1
4449,4450,2012-03-07,2012,3,March,7,1,Wednesday,2
4450,4451,2012-03-08,2012,3,March,8,1,Thursday,3
4451,4452,2012-03-09,2012,3,March,9,1,Friday,4
4452,4453,2012-03-10,2012,3,March,10,1,Saturday,5
4453,4454,2012-03-11,2012,3,March,11,1,Sunday,6
4454,4455,2012-03-12,2012,3,March,12,1,Monday,0
4455,4456,2012-03-13,2012,3,March,13,1,Tuesday,1
4456,4457,2012-03-14,2012,3,March,14,1,Wednesday,2
4457,4458,2012-03-15,2012,3,March,15,1,Thursday,3
4458,4459,2012-03-16,2012,3,March,16,1,Friday,4
4459,4460,2012-03-17,2012,3,March,17,1,Saturday,5
4460,4461,2012-03-18,2012,3,March,18,1,Sunday,6
4461,4462,2012-03-19,2012,3,March,19,1,Monday,0
4462,4463,2012-03-20,2012,3,March,20,1,Tuesday,1
4463,4464,2012-03-21,2012,3,March,21,1,Wednesday,2
4464,4465,2012-03-22,2012,3,March,22,1,Thursday,3
4465,4466,2012-03-23,2012,3,March,23,1,Friday,4
4466,4467,2012-03-24,2012,3,March,24,1,Saturday,5
4467,4468,2012-03-25,2012,3,March,25,1,Sunday,6
4468,4469,2012-03-26,2012,3,March,26,1,Monday,0
4469,4470,2012-03-27,2012,3,March,27,1,Tuesday,1
4470,4471,2012-03-28,2012,3,March,28,1,Wednesday,2
4471,4472,2012-03-29,2012,3,March,29,1,Thursday,3
4472,4473,2012-03-30,2012,3,March,30,1,Friday,4
4473,4474,2012-03-31,2012,3,March,31,1,Saturday,5
4474,4475,2012-04-01,2012,4,April,1,2,Sunday,6
4475,4476,2012-04-02,2012,4,April,2,2,Monday,0
4476,4477,2012-04-03,2012,4,April,3,2,Tuesday,1
4477,4478,2012-04-04,2012,4,April,4,2,Wednesday,2
4478,4479,2012-04-05,2012,4,April,5,2,Thursday,3
4479,4480,2012-04-06,2012,4,April,6,2,Friday,4
4480,4481,2012-04-07,2012,4,April,7,2,Saturday,5
4481,4482,2012-04-08,2012,4,April,8,2,Sunday,6
4482,4483,2012-04-09,2012,4,April,9,2,Monday,0
4483,4484,2012-04-10,2012,4,April,10,2,Tuesday,1
4484,4485,2012-04-11,2012,4,April,11,2,Wednesday,2
4485,4486,2012-04-12,2012,4,April,12,2,Thursday,3
4486,4487,2012-04-13,2012,4,April,13,2,Friday,4
4487,4488,2012-04-14,2012,4,April,14,2,Saturday,5
4488,4489,2012-04-15,2012,4,April,15,2,Sunday,6
4489,4490,2012-04-16,2012,4,April,16,2,Monday,0
4490,4491,2012-04-17,2012,4,April,17,2,Tuesday,1
4491,4492,2012-04-18,2012,4,April,18,2,Wednesday,2
4492,4493,2012-04-19,2012,4,April,19,2,Thursday,3
4493,4494,2012-04-20,2012,4,April,20,2,Friday,4
4494,4495,2012-04-21,2012,4,April,21,2,Saturday,5
4495,4496,2012-04-22,2012,4,April,22,2,Sunday,6
4496,4497,2012-04-23,2012,4,April,23,2,Monday,0
4497,4498,2012-04-24,2012,4,April,24,2,Tuesday,1
4498,4499,2012-04-25,2012,4,April,25,2,Wednesday,2
4499,4500,2012-04-26,2012,4,April,26,2,Thursday,3
4500,4501,2012-04-27,2012,4,April,27,2,Friday,4
4501,4502,2012-04-28,2012,4,April,28,2,Saturday,5
4502,4503,2012-04-29,2012,4,April,29,2,Sunday,6
4503,4504,2012-04-30,2012,4,April,30,2,Monday,0
4504,4505,2012-05-01,2012,5,May,1,2,Tuesday,1
4505,4506,2012-05-02,2012,5,May,2,2,Wednesday,2
4506,4507,2012-05-03,2012,5,May,3,2,Thursday,3
4507,4508,2012-05-04,2012,5,May,4,2,Friday,4
4508,4509,2012-05-05,2012,5,May,5,2,Saturday,5
4509,4510,2012-05-06,2012,5,May,6,2,Sunday,6
4510,4511,2012-05-07,2012,5,May,7,2,Monday,0
4511,4512,2012-05-08,2012,5,May,8,2,Tuesday,1
4512,4513,2012-05-09,2012,5,May,9,2,Wednesday,2
4513,4514,2012-05-10,2012,5,May,10,2,Thursday,3
4514,4515,2012-05-11,2012,5,May,11,2,Friday,4
4515,4516,2012-05-12,2012,5,May,12,2,Saturday,5
4516,4517,2012-05-13,2012,5,May,13,2,Sunday,6
4517,4518,2012-05-14,2012,5,May,14,2,Monday,0
4518,4519,2012-05-15,2012,5,May,15,2,Tuesday,1
4519,4520,2012-05-16,2012,5,May,16,2,Wednesday,2
4520,4521,2012-05-17,2012,5,May,17,2,Thursday,3
4521,4522,2012-05-18,2012,5,May,18,2,Friday,4
4522,4523,2012-05-19,2012,5,May,19,2,Saturday,5
4523,4524,2012-05-20,2012,5,May,20,2,Sunday,6
4524,4525,2012-05-21,2012,5,May,21,2,Monday,0
4525,4526,2012-05-22,2012,5,May,22,2,Tuesday,1
4526,4527,2012-05-23,2012,5,May,23,2,Wednesday,2
4527,4528,2012-05-24,2012,5,May,24,2,Thursday,3
4528,4529,2012-05-25,2012,5,May,25,2,Friday,4
4529,4530,2012-05-26,2012,5,May,26,2,Saturday,5
4530,4531,2012-05-27,2012,5,May,27,2,Sunday,6
4531,4532,2012-05-28,2012,5,May,28,2,Monday,0
4532,4533,2012-05-29,2012,5,May,29,2,Tuesday,1
4533,4534,2012-05-30,2012,5,May,30,2,Wednesday,2
4534,4535,2012-05-31,2012,5,May,31,2,Thursday,3
4535,4536,2012-06-01,2012,6,June,1,2,Friday,4
4536,4537,2012-06-02,2012,6,June,2,2,Saturday,5
4537,4538,2012-06-03,2012,6,June,3,2,Sunday,6
4538,4539,2012-06-04,2012,6,June,4,2,Monday,0
4539,4540,2012-06-05,2012,6,June,5,2,Tuesday,1
4540,4541,2012-06-06,2012,6,June,6,2,Wednesday,2
4541,4542,2012-06-07,2012,6,June,7,2,Thursday,3
4542,4543,2012-06-08,2012,6,June,8,2,Friday,4
4543,4544,2012-06-09,2012,6,June,9,2,Saturday,5
4544,4545,2012-06-10,2012,6,June,10,2,Sunday,6
4545,4546,2012-06-11,2012,6,June,11,2,Monday,0
4546,4547,2012-06-12,2012,6,June,12,2,Tuesday,1
4547,4548,2012-06-13,2012,6,June,13,2,Wednesday,2
4548,4549,2012-06-14,2012,6,June,14,2,Thursday,3
4549,4550,2012-06-15,2012,6,June,15,2,Friday,4
4550,4551,2012-06-16,2012,6,June,16,2,Saturday,5
4551,4552,2012-06-17,2012,6,June,17,2,Sunday,6
4552,4553,2012-06-18,2012,6,June,18,2,Monday,0
4553,4554,2012-06-19,2012,6,June,19,2,Tuesday,1
4554,4555,2012-06-20,2012,6,June,20,2,Wednesday,2
4555,4556,2012-06-21,2012,6,June,21,2,Thursday,3
4556,4557,2012-06-22,2012,6,June,22,2,Friday,4
4557,4558,2012-06-23,2012,6,June,23,2,Saturday,5
4558,4559,2012-06-24,2012,6,June,24,2,Sunday,6
4559,4560,2012-06-25,2012,6,June,25,2,Monday,0
4560,4561,2012-06-26,2012,6,June,26,2,Tuesday,1
4561,4562,2012-06-27,2012,6,June,27,2,Wednesday,2
4562,4563,2012-06-28,2012,6,June,28,2,Thursday,3
4563,4564,2012-06-29,2012,6,June,29,2,Friday,4
4564,4565,2012-06-30,2012,6,June,30,2,Saturday,5
4565,4566,2012-07-01,2012,7,July,1,3,Sunday,6
4566,4567,2012-07-02,2012,7,July,2,3,Monday,0
4567,4568,2012-07-03,2012,7,July,3,3,Tuesday,1
4568,4569,2012-07-04,2012,7,July,4,3,Wednesday,2
4569,4570,2012-07-05,2012,7,July,5,3,Thursday,3
4570,4571,2012-07-06,2012,7,July,6,3,Friday,4
4571,4572,2012-07-07,2012,7,July,7,3,Saturday,5
4572,4573,2012-07-08,2012,7,July,8,3,Sunday,6
4573,4574,2012-07-09,2012,7,July,9,3,Monday,0
4574,4575,2012-07-10,2012,7,July,10,3,Tuesday,1
4575,4576,2012-07-11,2012,7,July,11,3,Wednesday,2
4576,4577,2012-07-12,2012,7,July,12,3,Thursday,3
4577,4578,2012-07-13,2012,7,July,13,3,Friday,4
4578,4579,2012-07-14,2012,7,July,14,3,Saturday,5
4579,4580,2012-07-15,2012,7,July,15,3,Sunday,6
4580,4581,2012-07-16,2012,7,July,16,3,Monday,0
4581,4582,2012-07-17,2012,7,July,17,3,Tuesday,1
4582,4583,2012-07-18,2012,7,July,18,3,Wednesday,2
4583,4584,2012-07-19,2012,7,July,19,3,Thursday,3
4584,4585,2012-07-20,2012,7,July,20,3,Friday,4
4585,4586,2012-07-21,2012,7,July,21,3,Saturday,5
4586,4587,2012-07-22,2012,7,July,22,3,Sunday,6
4587,4588,2012-07-23,2012,7,July,23,3,Monday,0
4588,4589,2012-07-24,2012,7,July,24,3,Tuesday,1
4589,4590,2012-07-25,2012,7,July,25,3,Wednesday,2
4590,4591,2012-07-26,2012,7,July,26,3,Thursday,3
4591,4592,2012-07-27,2012,7,July,27,3,Friday,4
4592,4593,2012-07-28,2012,7,July,28,3,Saturday,5
4593,4594,2012-07-29,2012,7,July,29,3,Sunday,6
4594,4595,2012-07-30,2012,7,July,30,3,Monday,0
4595,4596,2012-07-31,2012,7,July,31,3,Tuesday,1
4596,4597,2012-08-01,2012,8,August,1,3,Wednesday,2
4597,4598,2012-08-02,2012,8,August,2,3,Thursday,3
4598,4599,2012-08-03,2012,8,August,3,3,Friday,4
4599,4600,2012-08-04,2012,8,August,4,3,Saturday,5
4600,4601,2012-08-05,2012,8,August,5,3,Sunday,6
4601,4602,2012-08-06,2012,8,August,6,3,Monday,0
4602,4603,2012-08-07,2012,8,August,7,3,Tuesday,1
4603,4604,2012-08-08,2012,8,August,8,3,Wednesday,2
4604,4605,2012-08-09,2012,8,August,9,3,Thursday,3
4605,4606,2012-08-10,2012,8,August,10,3,Friday,4
4606,4607,2012-08-11,2012,8,August,11,3,Saturday,5
4607,4608,2012-08-12,2012,8,August,12,3,Sunday,6
4608,4609,2012-08-13,2012,8,August,13,3,Monday,0
4609,4610,2012-08-14,2012,8,August,14,3,Tuesday,1
4610,4611,2012-08-15,2012,8,August,15,3,Wednesday,2
4611,4612,2012-08-16,2012,8,August,16,3,Thursday,3
4612,4613,2012-08-17,2012,8,August,17,3,Friday,4
4613,4614,2012-08-18,2012,8,August,18,3,Saturday,5
4614,4615,2012-08-19,2012,8,August,19,3,Sunday,6
4615,4616,2012-08-20,2012,8,August,20,3,Monday,0
4616,4617,2012-08-21,2012,8,August,21,3,Tuesday,1
4617,4618,2012-08-22,2012,8,August,22,3,Wednesday,2
4618,4619,2012-08-23,2012,8,August,23,3,Thursday,3
4619,4620,2012-08-24,2012,8,August,24,3,Friday,4
4620,4621,2012-08-25,2012,8,August,25,3,Saturday,5
4621,4622,2012-08-26,2012,8,August,26,3,Sunday,6
4622,4623,2012-08-27,2012,8,August,27,3,Monday,0
4623,4624,2012-08-28,2012,8,August,28,3,Tuesday,1
4624,4625,2012-08-29,2012,8,August,29,3,Wednesday,2
4625,4626,2012-08-30,2012,8,August,30,3,Thursday,3
4626,4627,2012-08-31,2012,8,August,31,3,Friday,4
4627,4628,2012-09-01,2012,9,September,1,3,Saturday,5
4628,4629,2012-09-02,2012,9,September,2,3,Sunday,6
4629,4630,2012-09-03,2012,9,September,3,3,Monday,0
4630,4631,2012-09-04,2012,9,September,4,3,Tuesday,1
4631,4632,2012-09-05,2012,9,September,5,3,Wednesday,2
4632,4633,2012-09-06,2012,9,September,6,3,Thursday,3
4633,4634,2012-09-07,2012,9,September,7,3,Friday,4
4634,4635,2012-09-08,2012,9,September,8,3,Saturday,5
4635,4636,2012-09-09,2012,9,September,9,3,Sunday,6
4636,4637,2012-09-10,2012,9,September,10,3,Monday,0
4637,4638,2012-09-11,2012,9,September,11,3,Tuesday,1
4638,4639,2012-09-12,2012,9,September,12,3,Wednesday,2
4639,4640,2012-09-13,2012,9,September,13,3,Thursday,3
4640,4641,2012-09-14,2012,9,September,14,3,Friday,4
4641,4642,2012-09-15,2012,9,September,15,3,Saturday,5
4642,4643,2012-09-16,2012,9,September,16,3,Sunday,6
4643,4644,2012-09-17,2012,9,September,17,3,Monday,0
4644,4645,2012-09-18,2012,9,September,18,3,Tuesday,1
4645,4646,2012-09-19,2012,9,September,19,3,Wednesday,2
4646,4647,2012-09-20,2012,9,September,20,3,Thursday,3
4647,4648,2012-09-21,2012,9,September,21,3,Friday,4
4648,4649,2012-09-22,2012,9,September,22,3,Saturday,5
4649,4650,2012-09-23,2012,9,September,23,3,Sunday,6
4650,4651,2012-09-24,2012,9,September,24,3,Monday,0
4651,4652,2012-09-25,2012,9,September,25,3,Tuesday,1
4652,4653,2012-09-26,2012,9,September,26,3,Wednesday,2
4653,4654,2012-09-27,2012,9,September,27,3,Thursday,3
4654,4655,2012-09-28,2012,9,September,28,3,Friday,4
4655,4656,2012-09-29,2012,9,September,29,3,Saturday,5
4656,4657,2012-09-30,2012,9,September,30,3,Sunday,6
4657,4658,2012-10-01,2012,10,October,1,4,Monday,0
4658,4659,2012-10-02,2012,10,October,2,4,Tuesday,1
4659,4660,2012-10-03,2012,10,October,3,4,Wednesday,2
4660,4661,2012-10-04,2012,10,October,4,4,Thursday,3
4661,4662,2012-10-05,2012,10,October,5,4,Friday,4
4662,4663,2012-10-06,2012,10,October,6,4,Saturday,5
4663,4664,2012-10-07,2012,10,October,7,4,Sunday,6
4664,4665,2012-10-08,2012,10,October,8,4,Monday,0
4665,4666,2012-10-09,2012,10,October,9,4,Tuesday,1
4666,4667,2012-10-10,2012,10,October,10,4,Wednesday,2
4667,4668,2012-10-11,2012,10,October,11,4,Thursday,3
4668,4669,2012-10-12,2012,10,October,12,4,Friday,4
4669,4670,2012-10-13,2012,10,October,13,4,Saturday,5
4670,4671,2012-10-14,2012,10,October,14,4,Sunday,6
4671,4672,2012-10-15,2012,10,October,15,4,Monday,0
4672,4673,2012-10-16,2012,10,October,16,4,Tuesday,1
4673,4674,2012-10-17,2012,10,October,17,4,Wednesday,2
4674,4675,2012-10-18,2012,10,October,18,4,Thursday,3
4675,4676,2012-10-19,2012,10,October,19,4,Friday,4
4676,4677,2012-10-20,2012,10,October,20,4,Saturday,5
4677,4678,2012-10-21,2012,10,October,21,4,Sunday,6
4678,4679,2012-10-22,2012,10,October,22,4,Monday,0
4679,4680,2012-10-23,2012,10,October,23,4,Tuesday,1
4680,4681,2012-10-24,2012,10,October,24,4,Wednesday,2
4681,4682,2012-10-25,2012,10,October,25,4,Thursday,3
4682,4683,2012-10-26,2012,10,October,26,4,Friday,4
4683,4684,2012-10-27,2012,10,October,27,4,Saturday,5
4684,4685,2012-10-28,2012,10,October,28,4,Sunday,6
4685,4686,2012-10-29,2012,10,October,29,4,Monday,0
4686,4687,2012-10-30,2012,10,October,30,4,Tuesday,1
4687,4688,2012-10-31,2012,10,October,31,4,Wednesday,2
4688,4689,2012-11-01,2012,11,November,1,4,Thursday,3
4689,4690,2012-11-02,2012,11,November,2,4,Friday,4
4690,4691,2012-11-03,2012,11,November,3,4,Saturday,5
4691,4692,2012-11-04,2012,11,November,4,4,Sunday,6
4692,4693,2012-11-05,2012,11,November,5,4,Monday,0
4693,4694,2012-11-06,2012,11,November,6,4,Tuesday,1
4694,4695,2012-11-07,2012,11,November,7,4,Wednesday,2
4695,4696,2012-11-08,2012,11,November,8,4,Thursday,3
4696,4697,2012-11-09,2012,11,November,9,4,Friday,4
4697,4698,2012-11-10,2012,11,November,10,4,Saturday,5
4698,4699,2012-11-11,2012,11,November,11,4,Sunday,6
4699,4700,2012-11-12,2012,11,November,12,4,Monday,0
4700,4701,2012-11-13,2012,11,November,13,4,Tuesday,1
4701,4702,2012-11-14,2012,11,November,14,4,Wednesday,2
4702,4703,2012-11-15,2012,11,November,15,4,Thursday,3
4703,4704,2012-11-16,2012,11,November,16,4,Friday,4
4704,4705,2012-11-17,2012,11,November,17,4,Saturday,5
4705,4706,2012-11-18,2012,11,November,18,4,Sunday,6
4706,4707,2012-11-19,2012,11,November,19,4,Monday,0
4707,4708,2012-11-20,2012,11,November,20,4,Tuesday,1
4708,4709,2012-11-21,2012,11,November,21,4,Wednesday,2
4709,4710,2012-11-22,2012,11,November,22,4,Thursday,3
4710,4711,2012-11-23,2012,11,November,23,4,Friday,4
4711,4712,2012-11-24,2012,11,November,24,4,Saturday,5
4712,4713,2012-11-25,2012,11,November,25,4,Sunday,6
4713,4714,2012-11-26,2012,11,November,26,4,Monday,0
4714,4715,2012-11-27,2012,11,November,27,4,Tuesday,1
4715,4716,2012-11-28,2012,11,November,28,4,Wednesday,2
4716,4717,2012-11-29,2012,11,November,29,4,Thursday,3
4717,4718,2012-11-30,2012,11,November,30,4,Friday,4
4718,4719,2012-12-01,2012,12,December,1,4,Saturday,5
4719,4720,2012-12-02,2012,12,December,2,4,Sunday,6
4720,4721,2012-12-03,2012,12,December,3,4,Monday,0
4721,4722,2012-12-04,2012,12,December,4,4,Tuesday,1
4722,4723,2012-12-05,2012,12,December,5,4,Wednesday,2
4723,4724,2012-12-06,2012,12,December,6,4,Thursday,3
4724,4725,2012-12-07,2012,12,December,7,4,Friday,4
4725,4726,2012-12-08,2012,12,December,8,4,Saturday,5
4726,4727,2012-12-09,2012,12,December,9,4,Sunday,6
4727,4728,2012-12-10,2012,12,December,10,4,Monday,0
4728,4729,2012-12-11,2012,12,December,11,4,Tuesday,1
4729,4730,2012-12-12,2012,12,December,12,4,Wednesday,2
4730,4731,2012-12-13,2012,12,December,13,4,Thursday,3
4731,4732,2012-12-14,2012,12,December,14,4,Friday,4
4732,4733,2012-12-15,2012,12,December,15,4,Saturday,5
4733,4734,2012-12-16,2012,12,December,16,4,Sunday,6
4734,4735,2012-12-17,2012,12,December,17,4,Monday,0
4735,4736,2012-12-18,2012,12,December,18,4,Tuesday,1
4736,4737,2012-12-19,2012,12,December,19,4,Wednesday,2
4737,4738,2012-12-20,2012,12,December,20,4,Thursday,3
4738,4739,2012-12-21,2012,12,December,21,4,Friday,4
4739,4740,2012-12-22,2012,12,December,22,4,Saturday,5
4740,4741,2012-12-23,2012,12,December,23,4,Sunday,6
4741,4742,2012-12-24,2012,12,December,24,4,Monday,0
4742,4743,2012-12-25,2012,12,December,25,4,Tuesday,1
4743,4744,2012-12-26,2012,12,December,26,4,Wednesday,2
4744,4745,2012-12-27,2012,12,December,27,4,Thursday,3
4745,4746,2012-12-28,2012,12,December,28,4,Friday,4
4746,4747,2012-12-29,2012,12,December,29,4,Saturday,5
4747,4748,2012-12-30,2012,12,December,30,4,Sunday,6
4748,4749,2012-12-31,2012,12,December,31,4,Monday,0
4749,4750,2013-01-01,2013,1,January,1,1,Tuesday,1
4750,4751,2013-01-02,2013,1,January,2,1,Wednesday,2
4751,4752,2013-01-03,2013,1,January,3,1,Thursday,3
4752,4753,2013-01-04,2013,1,January,4,1,Friday,4
4753,4754,2013-01-05,2013,1,January,5,1,Saturday,5
4754,4755,2013-01-06,2013,1,January,6,1,Sunday,6
4755,4756,2013-01-07,2013,1,January,7,1,Monday,0
4756,4757,2013-01-08,2013,1,January,8,1,Tuesday,1
4757,4758,2013-01-09,2013,1,January,9,1,Wednesday,2
4758,4759,2013-01-10,2013,1,January,10,1,Thursday,3
4759,4760,2013-01-11,2013,1,January,11,1,Friday,4
4760,4761,2013-01-12,2013,1,January,12,1,Saturday,5
4761,4762,2013-01-13,2013,1,January,13,1,Sunday,6
4762,4763,2013-01-14,2013,1,January,14,1,Monday,0
4763,4764,2013-01-15,2013,1,January,15,1,Tuesday,1
4764,4765,2013-01-16,2013,1,January,16,1,Wednesday,2
4765,4766,2013-01-17,2013,1,January,17,1,Thursday,3
4766,4767,2013-01-18,2013,1,January,18,1,Friday,4
4767,4768,2013-01-19,2013,1,January,19,1,Saturday,5
4768,4769,2013-01-20,2013,1,January,20,1,Sunday,6
4769,4770,2013-01-21,2013,1,January,21,1,Monday,0
4770,4771,2013-01-22,2013,1,January,22,1,Tuesday,1
4771,4772,2013-01-23,2013,1,January,23,1,Wednesday,2
4772,4773,2013-01-24,2013,1,January,24,1,Thursday,3
4773,4774,2013-01-25,2013,1,January,25,1,Friday,4
4774,4775,2013-01-26,2013,1,January,26,1,Saturday,5
4775,4776,2013-01-27,2013,1,January,27,1,Sunday,6
4776,4777,2013-01-28,2013,1,January,28,1,Monday,0
4777,4778,2013-01-29,2013,1,January,29,1,Tuesday,1
4778,4779,2013-01-30,2013,1,January,30,1,Wednesday,2
4779,4780,2013-01-31,2013,1,January,31,1,Thursday,3
4780,4781,2013-02-01,2013,2,February,1,1,Friday,4
4781,4782,2013-02-02,2013,2,February,2,1,Saturday,5
4782,4783,2013-02-03,2013,2,February,3,1,Sunday,6
4783,4784,2013-02-04,2013,2,February,4,1,Monday,0
4784,4785,2013-02-05,2013,2,February,5,1,Tuesday,1
4785,4786,2013-02-06,2013,2,February,6,1,Wednesday,2
4786,4787,2013-02-07,2013,2,February,7,1,Thursday,3
4787,4788,2013-02-08,2013,2,February,8,1,Friday,4
4788,4789,2013-02-09,2013,2,February,9,1,Saturday,5
4789,4790,2013-02-10,2013,2,February,10,1,Sunday,6
4790,4791,2013-02-11,2013,2,February,11,1,Monday,0
4791,4792,2013-02-12,2013,2,February,12,1,Tuesday,1
4792,4793,2013-02-13,2013,2,February,13,1,Wednesday,2
4793,4794,2013-02-14,2013,2,February,14,1,Thursday,3
4794,4795,2013-02-15,2013,2,February,15,1,Friday,4
4795,4796,2013-02-16,2013,2,February,16,1,Saturday,5
4796,4797,2013-02-17,2013,2,February,17,1,Sunday,6
4797,4798,2013-02-18,2013,2,February,18,1,Monday,0
4798,4799,2013-02-19,2013,2,February,19,1,Tuesday,1
4799,4800,2013-02-20,2013,2,February,20,1,Wednesday,2
4800,4801,2013-02-21,2013,2,February,21,1,Thursday,3
4801,4802,2013-02-22,2013,2,February,22,1,Friday,4
4802,4803,2013-02-23,2013,2,February,23,1,Saturday,5
4803,4804,2013-02-24,2013,2,February,24,1,Sunday,6
4804,4805,2013-02-25,2013,2,February,25,1,Monday,0
4805,4806,2013-02-26,2013,2,February,26,1,Tuesday,1
4806,4807,2013-02-27,2013,2,February,27,1,Wednesday,2
4807,4808,2013-02-28,2013,2,February,28,1,Thursday,3
4808,4809,2013-03-01,2013,3,March,1,1,Friday,4
4809,4810,2013-03-02,2013,3,March,2,1,Saturday,5
4810,4811,2013-03-03,2013,3,March,3,1,Sunday,6
4811,4812,2013-03-04,2013,3,March,4,1,Monday,0
4812,4813,2013-03-05,2013,3,March,5,1,Tuesday,1
4813,4814,2013-03-06,2013,3,March,6,1,Wednesday,2
4814,4815,2013-03-07,2013,3,March,7,1,Thursday,3
4815,4816,2013-03-08,2013,3,March,8,1,Friday,4
4816,4817,2013-03-09,2013,3,March,9,1,Saturday,5
4817,4818,2013-03-10,2013,3,March,10,1,Sunday,6
4818,4819,2013-03-11,2013,3,March,11,1,Monday,0
4819,4820,2013-03-12,2013,3,March,12,1,Tuesday,1
4820,4821,2013-03-13,2013,3,March,13,1,Wednesday,2
4821,4822,2013-03-14,2013,3,March,14,1,Thursday,3
4822,4823,2013-03-15,2013,3,March,15,1,Friday,4
4823,4824,2013-03-16,2013,3,March,16,1,Saturday,5
4824,4825,2013-03-17,2013,3,March,17,1,Sunday,6
4825,4826,2013-03-18,2013,3,March,18,1,Monday,0
4826,4827,2013-03-19,2013,3,March,19,1,Tuesday,1
4827,4828,2013-03-20,2013,3,March,20,1,Wednesday,2
4828,4829,2013-03-21,2013,3,March,21,1,Thursday,3
4829,4830,2013-03-22,2013,3,March,22,1,Friday,4
4830,4831,2013-03-23,2013,3,March,23,1,Saturday,5
4831,4832,2013-03-24,2013,3,March,24,1,Sunday,6
4832,4833,2013-03-25,2013,3,March,25,1,Monday,0
4833,4834,2013-03-26,2013,3,March,26,1,Tuesday,1
4834,4835,2013-03-27,2013,3,March,27,1,Wednesday,2
4835,4836,2013-03-28,2013,3,March,28,1,Thursday,3
4836,4837,2013-03-29,2013,3,March,29,1,Friday,4
4837,4838,2013-03-30,2013,3,March,30,1,Saturday,5
4838,4839,2013-03-31,2013,3,March,31,1,Sunday,6
4839,4840,2013-04-01,2013,4,April,1,2,Monday,0
4840,4841,2013-04-02,2013,4,April,2,2,Tuesday,1
4841,4842,2013-04-03,2013,4,April,3,2,Wednesday,2
4842,4843,2013-04-04,2013,4,April,4,2,Thursday,3
4843,4844,2013-04-05,2013,4,April,5,2,Friday,4
4844,4845,2013-04-06,2013,4,April,6,2,Saturday,5
4845,4846,2013-04-07,2013,4,April,7,2,Sunday,6
4846,4847,2013-04-08,2013,4,April,8,2,Monday,0
4847,4848,2013-04-09,2013,4,April,9,2,Tuesday,1
4848,4849,2013-04-10,2013,4,April,10,2,Wednesday,2
4849,4850,2013-04-11,2013,4,April,11,2,Thursday,3
4850,4851,2013-04-12,2013,4,April,12,2,Friday,4
4851,4852,2013-04-13,2013,4,April,13,2,Saturday,5
4852,4853,2013-04-14,2013,4,April,14,2,Sunday,6
4853,4854,2013-04-15,2013,4,April,15,2,Monday,0
4854,4855,2013-04-16,2013,4,April,16,2,Tuesday,1
4855,4856,2013-04-17,2013,4,April,17,2,Wednesday,2
4856,4857,2013-04-18,2013,4,April,18,2,Thursday,3
4857,4858,2013-04-19,2013,4,April,19,2,Friday,4
4858,4859,2013-04-20,2013,4,April,20,2,Saturday,5
4859,4860,2013-04-21,2013,4,April,21,2,Sunday,6
4860,4861,2013-04-22,2013,4,April,22,2,Monday,0
4861,4862,2013-04-23,2013,4,April,23,2,Tuesday,1
4862,4863,2013-04-24,2013,4,April,24,2,Wednesday,2
4863,4864,2013-04-25,2013,4,April,25,2,Thursday,3
4864,4865,2013-04-26,2013,4,April,26,2,Friday,4
4865,4866,2013-04-27,2013,4,April,27,2,Saturday,5
4866,4867,2013-04-28,2013,4,April,28,2,Sunday,6
4867,4868,2013-04-29,2013,4,April,29,2,Monday,0
4868,4869,2013-04-30,2013,4,April,30,2,Tuesday,1
4869,4870,2013-05-01,2013,5,May,1,2,Wednesday,2
4870,4871,2013-05-02,2013,5,May,2,2,Thursday,3
4871,4872,2013-05-03,2013,5,May,3,2,Friday,4
4872,4873,2013-05-04,2013,5,May,4,2,Saturday,5
4873,4874,2013-05-05,2013,5,May,5,2,Sunday,6
4874,4875,2013-05-06,2013,5,May,6,2,Monday,0
4875,4876,2013-05-07,2013,5,May,7,2,Tuesday,1
4876,4877,2013-05-08,2013,5,May,8,2,Wednesday,2
4877,4878,2013-05-09,2013,5,May,9,2,Thursday,3
4878,4879,2013-05-10,2013,5,May,10,2,Friday,4
4879,4880,2013-05-11,2013,5,May,11,2,Saturday,5
4880,4881,2013-05-12,2013,5,May,12,2,Sunday,6
4881,4882,2013-05-13,2013,5,May,13,2,Monday,0
4882,4883,2013-05-14,2013,5,May,14,2,Tuesday,1
4883,4884,2013-05-15,2013,5,May,15,2,Wednesday,2
4884,4885,2013-05-16,2013,5,May,16,2,Thursday,3
4885,4886,2013-05-17,2013,5,May,17,2,Friday,4
4886,4887,2013-05-18,2013,5,May,18,2,Saturday,5
4887,4888,2013-05-19,2013,5,May,19,2,Sunday,6
4888,4889,2013-05-20,2013,5,May,20,2,Monday,0
4889,4890,2013-05-21,2013,5,May,21,2,Tuesday,1
4890,4891,2013-05-22,2013,5,May,22,2,Wednesday,2
4891,4892,2013-05-23,2013,5,May,23,2,Thursday,3
4892,4893,2013-05-24,2013,5,May,24,2,Friday,4
4893,4894,2013-05-25,2013,5,May,25,2,Saturday,5
4894,4895,2013-05-26,2013,5,May,26,2,Sunday,6
4895,4896,2013-05-27,2013,5,May,27,2,Monday,0
4896,4897,2013-05-28,2013,5,May,28,2,Tuesday,1
4897,4898,2013-05-29,2013,5,May,29,2,Wednesday,2
4898,4899,2013-05-30,2013,5,May,30,2,Thursday,3
4899,4900,2013-05-31,2013,5,May,31,2,Friday,4
4900,4901,2013-06-01,2013,6,June,1,2,Saturday,5
4901,4902,2013-06-02,2013,6,June,2,2,Sunday,6
4902,4903,2013-06-03,2013,6,June,3,2,Monday,0
4903,4904,2013-06-04,2013,6,June,4,2,Tuesday,1
4904,4905,2013-06-05,2013,6,June,5,2,Wednesday,2
4905,4906,2013-06-06,2013,6,June,6,2,Thursday,3
4906,4907,2013-06-07,2013,6,June,7,2,Friday,4
4907,4908,2013-06-08,2013,6,June,8,2,Saturday,5
4908,4909,2013-06-09,2013,6,June,9,2,Sunday,6
4909,4910,2013-06-10,2013,6,June,10,2,Monday,0
4910,4911,2013-06-11,2013,6,June,11,2,Tuesday,1
4911,4912,2013-06-12,2013,6,June,12,2,Wednesday,2
4912,4913,2013-06-13,2013,6,June,13,2,Thursday,3
4913,4914,2013-06-14,2013,6,June,14,2,Friday,4
4914,4915,2013-06-15,2013,6,June,15,2,Saturday,5
4915,4916,2013-06-16,2013,6,June,16,2,Sunday,6
4916,4917,2013-06-17,2013,6,June,17,2,Monday,0
4917,4918,2013-06-18,2013,6,June,18,2,Tuesday,1
4918,4919,2013-06-19,2013,6,June,19,2,Wednesday,2
4919,4920,2013-06-20,2013,6,June,20,2,Thursday,3
4920,4921,2013-06-21,2013,6,June,21,2,Friday,4
4921,4922,2013-06-22,2013,6,June,22,2,Saturday,5
4922,4923,2013-06-23,2013,6,June,23,2,Sunday,6
4923,4924,2013-06-24,2013,6,June,24,2,Monday,0
4924,4925,2013-06-25,2013,6,June,25,2,Tuesday,1
4925,4926,2013-06-26,2013,6,June,26,2,Wednesday,2
4926,4927,2013-06-27,2013,6,June,27,2,Thursday,3
4927,4928,2013-06-28,2013,6,June,28,2,Friday,4
4928,4929,2013-06-29,2013,6,June,29,2,Saturday,5
4929,4930,2013-06-30,2013,6,June,30,2,Sunday,6
4930,4931,2013-07-01,2013,7,July,1,3,Monday,0
4931,4932,2013-07-02,2013,7,July,2,3,Tuesday,1
4932,4933,2013-07-03,2013,7,July,3,3,Wednesday,2
4933,4934,2013-07-04,2013,7,July,4,3,Thursday,3
4934,4935,2013-07-05,2013,7,July,5,3,Friday,4
4935,4936,2013-07-06,2013,7,July,6,3,Saturday,5
4936,4937,2013-07-07,2013,7,July,7,3,Sunday,6
4937,4938,2013-07-08,2013,7,July,8,3,Monday,0
4938,4939,2013-07-09,2013,7,July,9,3,Tuesday,1
4939,4940,2013-07-10,2013,7,July,10,3,Wednesday,2
4940,4941,2013-07-11,2013,7,July,11,3,Thursday,3
4941,4942,2013-07-12,2013,7,July,12,3,Friday,4
4942,4943,2013-07-13,2013,7,July,13,3,Saturday,5
4943,4944,2013-07-14,2013,7,July,14,3,Sunday,6
4944,4945,2013-07-15,2013,7,July,15,3,Monday,0
4945,4946,2013-07-16,2013,7,July,16,3,Tuesday,1
4946,4947,2013-07-17,2013,7,July,17,3,Wednesday,2
4947,4948,2013-07-18,2013,7,July,18,3,Thursday,3
4948,4949,2013-07-19,2013,7,July,19,3,Friday,4
4949,4950,2013-07-20,2013,7,July,20,3,Saturday,5
4950,4951,2013-07-21,2013,7,July,21,3,Sunday,6
4951,4952,2013-07-22,2013,7,July,22,3,Monday,0
4952,4953,2013-07-23,2013,7,July,23,3,Tuesday,1
4953,4954,2013-07-24,2013,7,July,24,3,Wednesday,2
4954,4955,2013-07-25,2013,7,July,25,3,Thursday,3
4955,4956,2013-07-26,2013,7,July,26,3,Friday,4
4956,4957,2013-07-27,2013,7,July,27,3,Saturday,5
4957,4958,2013-07-28,2013,7,July,28,3,Sunday,6
4958,4959,2013-07-29,2013,7,July,29,3,Monday,0
4959,4960,2013-07-30,2013,7,July,30,3,Tuesday,1
4960,4961,2013-07-31,2013,7,July,31,3,Wednesday,2
4961,4962,2013-08-01,2013,8,August,1,3,Thursday,3
4962,4963,2013-08-02,2013,8,August,2,3,Friday,4
4963,4964,2013-08-03,2013,8,August,3,3,Saturday,5
4964,4965,2013-08-04,2013,8,August,4,3,Sunday,6
4965,4966,2013-08-05,2013,8,August,5,3,Monday,0
4966,4967,2013-08-06,2013,8,August,6,3,Tuesday,1
4967,4968,2013-08-07,2013,8,August,7,3,Wednesday,2
4968,4969,2013-08-08,2013,8,August,8,3,Thursday,3
4969,4970,2013-08-09,2013,8,August,9,3,Friday,4
4970,4971,2013-08-10,2013,8,August,10,3,Saturday,5
4971,4972,2013-08-11,2013,8,August,11,3,Sunday,6
4972,4973,2013-08-12,2013,8,August,12,3,Monday,0
4973,4974,2013-08-13,2013,8,August,13,3,Tuesday,1
4974,4975,2013-08-14,2013,8,August,14,3,Wednesday,2
4975,4976,2013-08-15,2013,8,August,15,3,Thursday,3
4976,4977,2013-08-16,2013,8,August,16,3,Friday,4
4977,4978,2013-08-17,2013,8,August,17,3,Saturday,5
4978,4979,2013-08-18,2013,8,August,18,3,Sunday,6
4979,4980,2013-08-19,2013,8,August,19,3,Monday,0
4980,4981,2013-08-20,2013,8,August,20,3,Tuesday,1
4981,4982,2013-08-21,2013,8,August,21,3,Wednesday,2
4982,4983,2013-08-22,2013,8,August,22,3,Thursday,3
4983,4984,2013-08-23,2013,8,August,23,3,Friday,4
4984,4985,2013-08-24,2013,8,August,24,3,Saturday,5
4985,4986,2013-08-25,2013,8,August,25,3,Sunday,6
4986,4987,2013-08-26,2013,8,August,26,3,Monday,0
4987,4988,2013-08-27,2013,8,August,27,3,Tuesday,1
4988,4989,2013-08-28,2013,8,August,28,3,Wednesday,2
4989,4990,2013-08-29,2013,8,August,29,3,Thursday,3
4990,4991,2013-08-30,2013,8,August,30,3,Friday,4
4991,4992,2013-08-31,2013,8,August,31,3,Saturday,5
4992,4993,2013-09-01,2013,9,September,1,3,Sunday,6
4993,4994,2013-09-02,2013,9,September,2,3,Monday,0
4994,4995,2013-09-03,2013,9,September,3,3,Tuesday,1
4995,4996,2013-09-04,2013,9,September,4,3,Wednesday,2
4996,4997,2013-09-05,2013,9,September,5,3,Thursday,3
4997,4998,2013-09-06,2013,9,September,6,3,Friday,4
4998,4999,2013-09-07,2013,9,September,7,3,Saturday,5
4999,5000,2013-09-08,2013,9,September,8,3,Sunday,6
5000,5001,2013-09-09,2013,9,September,9,3,Monday,0
5001,5002,2013-09-10,2013,9,September,10,3,Tuesday,1
5002,5003,2013-09-11,2013,9,September,11,3,Wednesday,2
5003,5004,2013-09-12,2013,9,September,12,3,Thursday,3
5004,5005,2013-09-13,2013,9,September,13,3,Friday,4
5005,5006,2013-09-14,2013,9,September,14,3,Saturday,5
5006,5007,2013-09-15,2013,9,September,15,3,Sunday,6
5007,5008,2013-09-16,2013,9,September,16,3,Monday,0
5008,5009,2013-09-17,2013,9,September,17,3,Tuesday,1
5009,5010,2013-09-18,2013,9,September,18,3,Wednesday,2
5010,5011,2013-09-19,2013,9,September,19,3,Thursday,3
5011,5012,2013-09-20,2013,9,September,20,3,Friday,4
5012,5013,2013-09-21,2013,9,September,21,3,Saturday,5
5013,5014,2013-09-22,2013,9,September,22,3,Sunday,6
5014,5015,2013-09-23,2013,9,September,23,3,Monday,0
5015,5016,2013-09-24,2013,9,September,24,3,Tuesday,1
5016,5017,2013-09-25,2013,9,September,25,3,Wednesday,2
5017,5018,2013-09-26,2013,9,September,26,3,Thursday,3
5018,5019,2013-09-27,2013,9,September,27,3,Friday,4
5019,5020,2013-09-28,2013,9,September,28,3,Saturday,5
5020,5021,2013-09-29,2013,9,September,29,3,Sunday,6
5021,5022,2013-09-30,2013,9,September,30,3,Monday,0
5022,5023,2013-10-01,2013,10,October,1,4,Tuesday,1
5023,5024,2013-10-02,2013,10,October,2,4,Wednesday,2
5024,5025,2013-10-03,2013,10,October,3,4,Thursday,3
5025,5026,2013-10-04,2013,10,October,4,4,Friday,4
5026,5027,2013-10-05,2013,10,October,5,4,Saturday,5
5027,5028,2013-10-06,2013,10,October,6,4,Sunday,6
5028,5029,2013-10-07,2013,10,October,7,4,Monday,0
5029,5030,2013-10-08,2013,10,October,8,4,Tuesday,1
5030,5031,2013-10-09,2013,10,October,9,4,Wednesday,2
5031,5032,2013-10-10,2013,10,October,10,4,Thursday,3
5032,5033,2013-10-11,2013,10,October,11,4,Friday,4
5033,5034,2013-10-12,2013,10,October,12,4,Saturday,5
5034,5035,2013-10-13,2013,10,October,13,4,Sunday,6
5035,5036,2013-10-14,2013,10,October,14,4,Monday,0
5036,5037,2013-10-15,2013,10,October,15,4,Tuesday,1
5037,5038,2013-10-16,2013,10,October,16,4,Wednesday,2
5038,5039,2013-10-17,2013,10,October,17,4,Thursday,3
5039,5040,2013-10-18,2013,10,October,18,4,Friday,4
5040,5041,2013-10-19,2013,10,October,19,4,Saturday,5
5041,5042,2013-10-20,2013,10,October,20,4,Sunday,6
5042,5043,2013-10-21,2013,10,October,21,4,Monday,0
5043,5044,2013-10-22,2013,10,October,22,4,Tuesday,1
5044,5045,2013-10-23,2013,10,October,23,4,Wednesday,2
5045,5046,2013-10-24,2013,10,October,24,4,Thursday,3
5046,5047,2013-10-25,2013,10,October,25,4,Friday,4
5047,5048,2013-10-26,2013,10,October,26,4,Saturday,5
5048,5049,2013-10-27,2013,10,October,27,4,Sunday,6
5049,5050,2013-10-28,2013,10,October,28,4,Monday,0
5050,5051,2013-10-29,2013,10,October,29,4,Tuesday,1
5051,5052,2013-10-30,2013,10,October,30,4,Wednesday,2
5052,5053,2013-10-31,2013,10,October,31,4,Thursday,3
5053,5054,2013-11-01,2013,11,November,1,4,Friday,4
5054,5055,2013-11-02,2013,11,November,2,4,Saturday,5
5055,5056,2013-11-03,2013,11,November,3,4,Sunday,6
5056,5057,2013-11-04,2013,11,November,4,4,Monday,0
5057,5058,2013-11-05,2013,11,November,5,4,Tuesday,1
5058,5059,2013-11-06,2013,11,November,6,4,Wednesday,2
5059,5060,2013-11-07,2013,11,November,7,4,Thursday,3
5060,5061,2013-11-08,2013,11,November,8,4,Friday,4
5061,5062,2013-11-09,2013,11,November,9,4,Saturday,5
5062,5063,2013-11-10,2013,11,November,10,4,Sunday,6
5063,5064,2013-11-11,2013,11,November,11,4,Monday,0
5064,5065,2013-11-12,2013,11,November,12,4,Tuesday,1
5065,5066,2013-11-13,2013,11,November,13,4,Wednesday,2
5066,5067,2013-11-14,2013,11,November,14,4,Thursday,3
5067,5068,2013-11-15,2013,11,November,15,4,Friday,4
5068,5069,2013-11-16,2013,11,November,16,4,Saturday,5
5069,5070,2013-11-17,2013,11,November,17,4,Sunday,6
5070,5071,2013-11-18,2013,11,November,18,4,Monday,0
5071,5072,2013-11-19,2013,11,November,19,4,Tuesday,1
5072,5073,2013-11-20,2013,11,November,20,4,Wednesday,2
5073,5074,2013-11-21,2013,11,November,21,4,Thursday,3
5074,5075,2013-11-22,2013,11,November,22,4,Friday,4
5075,5076,2013-11-23,2013,11,November,23,4,Saturday,5
5076,5077,2013-11-24,2013,11,November,24,4,Sunday,6
5077,5078,2013-11-25,2013,11,November,25,4,Monday,0
5078,5079,2013-11-26,2013,11,November,26,4,Tuesday,1
5079,5080,2013-11-27,2013,11,November,27,4,Wednesday,2
5080,5081,2013-11-28,2013,11,November,28,4,Thursday,3
5081,5082,2013-11-29,2013,11,November,29,4,Friday,4
5082,5083,2013-11-30,2013,11,November,30,4,Saturday,5
5083,5084,2013-12-01,2013,12,December,1,4,Sunday,6
5084,5085,2013-12-02,2013,12,December,2,4,Monday,0
5085,5086,2013-12-03,2013,12,December,3,4,Tuesday,1
5086,5087,2013-12-04,2013,12,December,4,4,Wednesday,2
5087,5088,2013-12-05,2013,12,December,5,4,Thursday,3
5088,5089,2013-12-06,2013,12,December,6,4,Friday,4
5089,5090,2013-12-07,2013,12,December,7,4,Saturday,5
5090,5091,2013-12-08,2013,12,December,8,4,Sunday,6
5091,5092,2013-12-09,2013,12,December,9,4,Monday,0
5092,5093,2013-12-10,2013,12,December,10,4,Tuesday,1
5093,5094,2013-12-11,2013,12,December,11,4,Wednesday,2
5094,5095,2013-12-12,2013,12,December,12,4,Thursday,3
5095,5096,2013-12-13,2013,12,December,13,4,Friday,4
5096,5097,2013-12-14,2013,12,December,14,4,Saturday,5
5097,5098,2013-12-15,2013,12,December,15,4,Sunday,6
5098,5099,2013-12-16,2013,12,December,16,4,Monday,0
5099,5100,2013-12-17,2013,12,December,17,4,Tuesday,1
5100,5101,2013-12-18,2013,12,December,18,4,Wednesday,2
5101,5102,2013-12-19,2013,12,December,19,4,Thursday,3
5102,5103,2013-12-20,2013,12,December,20,4,Friday,4
5103,5104,2013-12-21,2013,12,December,21,4,Saturday,5
5104,5105,2013-12-22,2013,12,December,22,4,Sunday,6
5105,5106,2013-12-23,2013,12,December,23,4,Monday,0
5106,5107,2013-12-24,2013,12,December,24,4,Tuesday,1
5107,5108,2013-12-25,2013,12,December,25,4,Wednesday,2
5108,5109,2013-12-26,2013,12,December,26,4,Thursday,3
5109,5110,2013-12-27,2013,12,December,27,4,Friday,4
5110,5111,2013-12-28,2013,12,December,28,4,Saturday,5
5111,5112,2013-12-29,2013,12,December,29,4,Sunday,6
5112,5113,2013-12-30,2013,12,December,30,4,Monday,0
5113,5114,2013-12-31,2013,12,December,31,4,Tuesday,1
5114,5115,2014-01-01,2014,1,January,1,1,Wednesday,2
5115,5116,2014-01-02,2014,1,January,2,1,Thursday,3
5116,5117,2014-01-03,2014,1,January,3,1,Friday,4
5117,5118,2014-01-04,2014,1,January,4,1,Saturday,5
5118,5119,2014-01-05,2014,1,January,5,1,Sunday,6
5119,5120,2014-01-06,2014,1,January,6,1,Monday,0
5120,5121,2014-01-07,2014,1,January,7,1,Tuesday,1
5121,5122,2014-01-08,2014,1,January,8,1,Wednesday,2
5122,5123,2014-01-09,2014,1,January,9,1,Thursday,3
5123,5124,2014-01-10,2014,1,January,10,1,Friday,4
5124,5125,2014-01-11,2014,1,January,11,1,Saturday,5
5125,5126,2014-01-12,2014,1,January,12,1,Sunday,6
5126,5127,2014-01-13,2014,1,January,13,1,Monday,0
5127,5128,2014-01-14,2014,1,January,14,1,Tuesday,1
5128,5129,2014-01-15,2014,1,January,15,1,Wednesday,2
5129,5130,2014-01-16,2014,1,January,16,1,Thursday,3
5130,5131,2014-01-17,2014,1,January,17,1,Friday,4
5131,5132,2014-01-18,2014,1,January,18,1,Saturday,5
5132,5133,2014-01-19,2014,1,January,19,1,Sunday,6
5133,5134,2014-01-20,2014,1,January,20,1,Monday,0
5134,5135,2014-01-21,2014,1,January,21,1,Tuesday,1
5135,5136,2014-01-22,2014,1,January,22,1,Wednesday,2
5136,5137,2014-01-23,2014,1,January,23,1,Thursday,3
5137,5138,2014-01-24,2014,1,January,24,1,Friday,4
5138,5139,2014-01-25,2014,1,January,25,1,Saturday,5
5139,5140,2014-01-26,2014,1,January,26,1,Sunday,6
5140,5141,2014-01-27,2014,1,January,27,1,Monday,0
5141,5142,2014-01-28,2014,1,January,28,1,Tuesday,1
5142,5143,2014-01-29,2014,1,January,29,1,Wednesday,2
5143,5144,2014-01-30,2014,1,January,30,1,Thursday,3
5144,5145,2014-01-31,2014,1,January,31,1,Friday,4
5145,5146,2014-02-01,2014,2,February,1,1,Saturday,5
5146,5147,2014-02-02,2014,2,February,2,1,Sunday,6
5147,5148,2014-02-03,2014,2,February,3,1,Monday,0
5148,5149,2014-02-04,2014,2,February,4,1,Tuesday,1
5149,5150,2014-02-05,2014,2,February,5,1,Wednesday,2
5150,5151,2014-02-06,2014,2,February,6,1,Thursday,3
5151,5152,2014-02-07,2014,2,February,7,1,Friday,4
5152,5153,2014-02-08,2014,2,February,8,1,Saturday,5
5153,5154,2014-02-09,2014,2,February,9,1,Sunday,6
5154,5155,2014-02-10,2014,2,February,10,1,Monday,0
5155,5156,2014-02-11,2014,2,February,11,1,Tuesday,1
5156,5157,2014-02-12,2014,2,February,12,1,Wednesday,2
5157,5158,2014-02-13,2014,2,February,13,1,Thursday,3
5158,5159,2014-02-14,2014,2,February,14,1,Friday,4
5159,5160,2014-02-15,2014,2,February,15,1,Saturday,5
5160,5161,2014-02-16,2014,2,February,16,1,Sunday,6
5161,5162,2014-02-17,2014,2,February,17,1,Monday,0
5162,5163,2014-02-18,2014,2,February,18,1,Tuesday,1
5163,5164,2014-02-19,2014,2,February,19,1,Wednesday,2
5164,5165,2014-02-20,2014,2,February,20,1,Thursday,3
5165,5166,2014-02-21,2014,2,February,21,1,Friday,4
5166,5167,2014-02-22,2014,2,February,22,1,Saturday,5
5167,5168,2014-02-23,2014,2,February,23,1,Sunday,6
5168,5169,2014-02-24,2014,2,February,24,1,Monday,0
5169,5170,2014-02-25,2014,2,February,25,1,Tuesday,1
5170,5171,2014-02-26,2014,2,February,26,1,Wednesday,2
5171,5172,2014-02-27,2014,2,February,27,1,Thursday,3
5172,5173,2014-02-28,2014,2,February,28,1,Friday,4
5173,5174,2014-03-01,2014,3,March,1,1,Saturday,5
5174,5175,2014-03-02,2014,3,March,2,1,Sunday,6
5175,5176,2014-03-03,2014,3,March,3,1,Monday,0
5176,5177,2014-03-04,2014,3,March,4,1,Tuesday,1
5177,5178,2014-03-05,2014,3,March,5,1,Wednesday,2
5178,5179,2014-03-06,2014,3,March,6,1,Thursday,3
5179,5180,2014-03-07,2014,3,March,7,1,Friday,4
5180,5181,2014-03-08,2014,3,March,8,1,Saturday,5
5181,5182,2014-03-09,2014,3,March,9,1,Sunday,6
5182,5183,2014-03-10,2014,3,March,10,1,Monday,0
5183,5184,2014-03-11,2014,3,March,11,1,Tuesday,1
5184,5185,2014-03-12,2014,3,March,12,1,Wednesday,2
5185,5186,2014-03-13,2014,3,March,13,1,Thursday,3
5186,5187,2014-03-14,2014,3,March,14,1,Friday,4
5187,5188,2014-03-15,2014,3,March,15,1,Saturday,5
5188,5189,2014-03-16,2014,3,March,16,1,Sunday,6
5189,5190,2014-03-17,2014,3,March,17,1,Monday,0
5190,5191,2014-03-18,2014,3,March,18,1,Tuesday,1
5191,5192,2014-03-19,2014,3,March,19,1,Wednesday,2
5192,5193,2014-03-20,2014,3,March,20,1,Thursday,3
5193,5194,2014-03-21,2014,3,March,21,1,Friday,4
5194,5195,2014-03-22,2014,3,March,22,1,Saturday,5
5195,5196,2014-03-23,2014,3,March,23,1,Sunday,6
5196,5197,2014-03-24,2014,3,March,24,1,Monday,0
5197,5198,2014-03-25,2014,3,March,25,1,Tuesday,1
5198,5199,2014-03-26,2014,3,March,26,1,Wednesday,2
5199,5200,2014-03-27,2014,3,March,27,1,Thursday,3
5200,5201,2014-03-28,2014,3,March,28,1,Friday,4
5201,5202,2014-03-29,2014,3,March,29,1,Saturday,5
5202,5203,2014-03-30,2014,3,March,30,1,Sunday,6
5203,5204,2014-03-31,2014,3,March,31,1,Monday,0
5204,5205,2014-04-01,2014,4,April,1,2,Tuesday,1
5205,5206,2014-04-02,2014,4,April,2,2,Wednesday,2
5206,5207,2014-04-03,2014,4,April,3,2,Thursday,3
5207,5208,2014-04-04,2014,4,April,4,2,Friday,4
5208,5209,2014-04-05,2014,4,April,5,2,Saturday,5
5209,5210,2014-04-06,2014,4,April,6,2,Sunday,6
5210,5211,2014-04-07,2014,4,April,7,2,Monday,0
5211,5212,2014-04-08,2014,4,April,8,2,Tuesday,1
5212,5213,2014-04-09,2014,4,April,9,2,Wednesday,2
5213,5214,2014-04-10,2014,4,April,10,2,Thursday,3
5214,5215,2014-04-11,2014,4,April,11,2,Friday,4
5215,5216,2014-04-12,2014,4,April,12,2,Saturday,5
5216,5217,2014-04-13,2014,4,April,13,2,Sunday,6
5217,5218,2014-04-14,2014,4,April,14,2,Monday,0
5218,5219,2014-04-15,2014,4,April,15,2,Tuesday,1
5219,5220,2014-04-16,2014,4,April,16,2,Wednesday,2
5220,5221,2014-04-17,2014,4,April,17,2,Thursday,3
5221,5222,2014-04-18,2014,4,April,18,2,Friday,4
5222,5223,2014-04-19,2014,4,April,19,2,Saturday,5
5223,5224,2014-04-20,2014,4,April,20,2,Sunday,6
5224,5225,2014-04-21,2014,4,April,21,2,Monday,0
5225,5226,2014-04-22,2014,4,April,22,2,Tuesday,1
5226,5227,2014-04-23,2014,4,April,23,2,Wednesday,2
5227,5228,2014-04-24,2014,4,April,24,2,Thursday,3
5228,5229,2014-04-25,2014,4,April,25,2,Friday,4
5229,5230,2014-04-26,2014,4,April,26,2,Saturday,5
5230,5231,2014-04-27,2014,4,April,27,2,Sunday,6
5231,5232,2014-04-28,2014,4,April,28,2,Monday,0
5232,5233,2014-04-29,2014,4,April,29,2,Tuesday,1
5233,5234,2014-04-30,2014,4,April,30,2,Wednesday,2
5234,5235,2014-05-01,2014,5,May,1,2,Thursday,3
5235,5236,2014-05-02,2014,5,May,2,2,Friday,4
5236,5237,2014-05-03,2014,5,May,3,2,Saturday,5
5237,5238,2014-05-04,2014,5,May,4,2,Sunday,6
5238,5239,2014-05-05,2014,5,May,5,2,Monday,0
5239,5240,2014-05-06,2014,5,May,6,2,Tuesday,1
5240,5241,2014-05-07,2014,5,May,7,2,Wednesday,2
5241,5242,2014-05-08,2014,5,May,8,2,Thursday,3
5242,5243,2014-05-09,2014,5,May,9,2,Friday,4
5243,5244,2014-05-10,2014,5,May,10,2,Saturday,5
5244,5245,2014-05-11,2014,5,May,11,2,Sunday,6
5245,5246,2014-05-12,2014,5,May,12,2,Monday,0
5246,5247,2014-05-13,2014,5,May,13,2,Tuesday,1
5247,5248,2014-05-14,2014,5,May,14,2,Wednesday,2
5248,5249,2014-05-15,2014,5,May,15,2,Thursday,3
5249,5250,2014-05-16,2014,5,May,16,2,Friday,4
5250,5251,2014-05-17,2014,5,May,17,2,Saturday,5
5251,5252,2014-05-18,2014,5,May,18,2,Sunday,6
5252,5253,2014-05-19,2014,5,May,19,2,Monday,0
5253,5254,2014-05-20,2014,5,May,20,2,Tuesday,1
5254,5255,2014-05-21,2014,5,May,21,2,Wednesday,2
5255,5256,2014-05-22,2014,5,May,22,2,Thursday,3
5256,5257,2014-05-23,2014,5,May,23,2,Friday,4
5257,5258,2014-05-24,2014,5,May,24,2,Saturday,5
5258,5259,2014-05-25,2014,5,May,25,2,Sunday,6
5259,5260,2014-05-26,2014,5,May,26,2,Monday,0
5260,5261,2014-05-27,2014,5,May,27,2,Tuesday,1
5261,5262,2014-05-28,2014,5,May,28,2,Wednesday,2
5262,5263,2014-05-29,2014,5,May,29,2,Thursday,3
5263,5264,2014-05-30,2014,5,May,30,2,Friday,4
5264,5265,2014-05-31,2014,5,May,31,2,Saturday,5
5265,5266,2014-06-01,2014,6,June,1,2,Sunday,6
5266,5267,2014-06-02,2014,6,June,2,2,Monday,0
5267,5268,2014-06-03,2014,6,June,3,2,Tuesday,1
5268,5269,2014-06-04,2014,6,June,4,2,Wednesday,2
5269,5270,2014-06-05,2014,6,June,5,2,Thursday,3
5270,5271,2014-06-06,2014,6,June,6,2,Friday,4
5271,5272,2014-06-07,2014,6,June,7,2,Saturday,5
5272,5273,2014-06-08,2014,6,June,8,2,Sunday,6
5273,5274,2014-06-09,2014,6,June,9,2,Monday,0
5274,5275,2014-06-10,2014,6,June,10,2,Tuesday,1
5275,5276,2014-06-11,2014,6,June,11,2,Wednesday,2
5276,5277,2014-06-12,2014,6,June,12,2,Thursday,3
5277,5278,2014-06-13,2014,6,June,13,2,Friday,4
5278,5279,2014-06-14,2014,6,June,14,2,Saturday,5
5279,5280,2014-06-15,2014,6,June,15,2,Sunday,6
5280,5281,2014-06-16,2014,6,June,16,2,Monday,0
5281,5282,2014-06-17,2014,6,June,17,2,Tuesday,1
5282,5283,2014-06-18,2014,6,June,18,2,Wednesday,2
5283,5284,2014-06-19,2014,6,June,19,2,Thursday,3
5284,5285,2014-06-20,2014,6,June,20,2,Friday,4
5285,5286,2014-06-21,2014,6,June,21,2,Saturday,5
5286,5287,2014-06-22,2014,6,June,22,2,Sunday,6
5287,5288,2014-06-23,2014,6,June,23,2,Monday,0
5288,5289,2014-06-24,2014,6,June,24,2,Tuesday,1
5289,5290,2014-06-25,2014,6,June,25,2,Wednesday,2
5290,5291,2014-06-26,2014,6,June,26,2,Thursday,3
5291,5292,2014-06-27,2014,6,June,27,2,Friday,4
5292,5293,2014-06-28,2014,6,June,28,2,Saturday,5
5293,5294,2014-06-29,2014,6,June,29,2,Sunday,6
5294,5295,2014-06-30,2014,6,June,30,2,Monday,0
5295,5296,2014-07-01,2014,7,July,1,3,Tuesday,1
5296,5297,2014-07-02,2014,7,July,2,3,Wednesday,2
5297,5298,2014-07-03,2014,7,July,3,3,Thursday,3
5298,5299,2014-07-04,2014,7,July,4,3,Friday,4
5299,5300,2014-07-05,2014,7,July,5,3,Saturday,5
5300,5301,2014-07-06,2014,7,July,6,3,Sunday,6
5301,5302,2014-07-07,2014,7,July,7,3,Monday,0
5302,5303,2014-07-08,2014,7,July,8,3,Tuesday,1
5303,5304,2014-07-09,2014,7,July,9,3,Wednesday,2
5304,5305,2014-07-10,2014,7,July,10,3,Thursday,3
5305,5306,2014-07-11,2014,7,July,11,3,Friday,4
5306,5307,2014-07-12,2014,7,July,12,3,Saturday,5
5307,5308,2014-07-13,2014,7,July,13,3,Sunday,6
5308,5309,2014-07-14,2014,7,July,14,3,Monday,0
5309,5310,2014-07-15,2014,7,July,15,3,Tuesday,1
5310,5311,2014-07-16,2014,7,July,16,3,Wednesday,2
5311,5312,2014-07-17,2014,7,July,17,3,Thursday,3
5312,5313,2014-07-18,2014,7,July,18,3,Friday,4
5313,5314,2014-07-19,2014,7,July,19,3,Saturday,5
5314,5315,2014-07-20,2014,7,July,20,3,Sunday,6
5315,5316,2014-07-21,2014,7,July,21,3,Monday,0
5316,5317,2014-07-22,2014,7,July,22,3,Tuesday,1
5317,5318,2014-07-23,2014,7,July,23,3,Wednesday,2
5318,5319,2014-07-24,2014,7,July,24,3,Thursday,3
5319,5320,2014-07-25,2014,7,July,25,3,Friday,4
5320,5321,2014-07-26,2014,7,July,26,3,Saturday,5
5321,5322,2014-07-27,2014,7,July,27,3,Sunday,6
5322,5323,2014-07-28,2014,7,July,28,3,Monday,0
5323,5324,2014-07-29,2014,7,July,29,3,Tuesday,1
5324,5325,2014-07-30,2014,7,July,30,3,Wednesday,2
5325,5326,2014-07-31,2014,7,July,31,3,Thursday,3
5326,5327,2014-08-01,2014,8,August,1,3,Friday,4
5327,5328,2014-08-02,2014,8,August,2,3,Saturday,5
5328,5329,2014-08-03,2014,8,August,3,3,Sunday,6
5329,5330,2014-08-04,2014,8,August,4,3,Monday,0
5330,5331,2014-08-05,2014,8,August,5,3,Tuesday,1
5331,5332,2014-08-06,2014,8,August,6,3,Wednesday,2
5332,5333,2014-08-07,2014,8,August,7,3,Thursday,3
5333,5334,2014-08-08,2014,8,August,8,3,Friday,4
5334,5335,2014-08-09,2014,8,August,9,3,Saturday,5
5335,5336,2014-08-10,2014,8,August,10,3,Sunday,6
5336,5337,2014-08-11,2014,8,August,11,3,Monday,0
5337,5338,2014-08-12,2014,8,August,12,3,Tuesday,1
5338,5339,2014-08-13,2014,8,August,13,3,Wednesday,2
5339,5340,2014-08-14,2014,8,August,14,3,Thursday,3
5340,5341,2014-08-15,2014,8,August,15,3,Friday,4
5341,5342,2014-08-16,2014,8,August,16,3,Saturday,5
5342,5343,2014-08-17,2014,8,August,17,3,Sunday,6
5343,5344,2014-08-18,2014,8,August,18,3,Monday,0
5344,5345,2014-08-19,2014,8,August,19,3,Tuesday,1
5345,5346,2014-08-20,2014,8,August,20,3,Wednesday,2
5346,5347,2014-08-21,2014,8,August,21,3,Thursday,3
5347,5348,2014-08-22,2014,8,August,22,3,Friday,4
5348,5349,2014-08-23,2014,8,August,23,3,Saturday,5
5349,5350,2014-08-24,2014,8,August,24,3,Sunday,6
5350,5351,2014-08-25,2014,8,August,25,3,Monday,0
5351,5352,2014-08-26,2014,8,August,26,3,Tuesday,1
5352,5353,2014-08-27,2014,8,August,27,3,Wednesday,2
5353,5354,2014-08-28,2014,8,August,28,3,Thursday,3
5354,5355,2014-08-29,2014,8,August,29,3,Friday,4
5355,5356,2014-08-30,2014,8,August,30,3,Saturday,5
5356,5357,2014-08-31,2014,8,August,31,3,Sunday,6
5357,5358,2014-09-01,2014,9,September,1,3,Monday,0
5358,5359,2014-09-02,2014,9,September,2,3,Tuesday,1
5359,5360,2014-09-03,2014,9,September,3,3,Wednesday,2
5360,5361,2014-09-04,2014,9,September,4,3,Thursday,3
5361,5362,2014-09-05,2014,9,September,5,3,Friday,4
5362,5363,2014-09-06,2014,9,September,6,3,Saturday,5
5363,5364,2014-09-07,2014,9,September,7,3,Sunday,6
5364,5365,2014-09-08,2014,9,September,8,3,Monday,0
5365,5366,2014-09-09,2014,9,September,9,3,Tuesday,1
5366,5367,2014-09-10,2014,9,September,10,3,Wednesday,2
5367,5368,2014-09-11,2014,9,September,11,3,Thursday,3
5368,5369,2014-09-12,2014,9,September,12,3,Friday,4
5369,5370,2014-09-13,2014,9,September,13,3,Saturday,5
5370,5371,2014-09-14,2014,9,September,14,3,Sunday,6
5371,5372,2014-09-15,2014,9,September,15,3,Monday,0
5372,5373,2014-09-16,2014,9,September,16,3,Tuesday,1
5373,5374,2014-09-17,2014,9,September,17,3,Wednesday,2
5374,5375,2014-09-18,2014,9,September,18,3,Thursday,3
5375,5376,2014-09-19,2014,9,September,19,3,Friday,4
5376,5377,2014-09-20,2014,9,September,20,3,Saturday,5
5377,5378,2014-09-21,2014,9,September,21,3,Sunday,6
5378,5379,2014-09-22,2014,9,September,22,3,Monday,0
5379,5380,2014-09-23,2014,9,September,23,3,Tuesday,1
5380,5381,2014-09-24,2014,9,September,24,3,Wednesday,2
5381,5382,2014-09-25,2014,9,September,25,3,Thursday,3
5382,5383,2014-09-26,2014,9,September,26,3,Friday,4
5383,5384,2014-09-27,2014,9,September,27,3,Saturday,5
5384,5385,2014-09-28,2014,9,September,28,3,Sunday,6
5385,5386,2014-09-29,2014,9,September,29,3,Monday,0
5386,5387,2014-09-30,2014,9,September,30,3,Tuesday,1
5387,5388,2014-10-01,2014,10,October,1,4,Wednesday,2
5388,5389,2014-10-02,2014,10,October,2,4,Thursday,3
5389,5390,2014-10-03,2014,10,October,3,4,Friday,4
5390,5391,2014-10-04,2014,10,October,4,4,Saturday,5
5391,5392,2014-10-05,2014,10,October,5,4,Sunday,6
5392,5393,2014-10-06,2014,10,October,6,4,Monday,0
5393,5394,2014-10-07,2014,10,October,7,4,Tuesday,1
5394,5395,2014-10-08,2014,10,October,8,4,Wednesday,2
5395,5396,2014-10-09,2014,10,October,9,4,Thursday,3
5396,5397,2014-10-10,2014,10,October,10,4,Friday,4
5397,5398,2014-10-11,2014,10,October,11,4,Saturday,5
5398,5399,2014-10-12,2014,10,October,12,4,Sunday,6
5399,5400,2014-10-13,2014,10,October,13,4,Monday,0
5400,5401,2014-10-14,2014,10,October,14,4,Tuesday,1
5401,5402,2014-10-15,2014,10,October,15,4,Wednesday,2
5402,5403,2014-10-16,2014,10,October,16,4,Thursday,3
5403,5404,2014-10-17,2014,10,October,17,4,Friday,4
5404,5405,2014-10-18,2014,10,October,18,4,Saturday,5
5405,5406,2014-10-19,2014,10,October,19,4,Sunday,6
5406,5407,2014-10-20,2014,10,October,20,4,Monday,0
5407,5408,2014-10-21,2014,10,October,21,4,Tuesday,1
5408,5409,2014-10-22,2014,10,October,22,4,Wednesday,2
5409,5410,2014-10-23,2014,10,October,23,4,Thursday,3
5410,5411,2014-10-24,2014,10,October,24,4,Friday,4
5411,5412,2014-10-25,2014,10,October,25,4,Saturday,5
5412,5413,2014-10-26,2014,10,October,26,4,Sunday,6
5413,5414,2014-10-27,2014,10,October,27,4,Monday,0
5414,5415,2014-10-28,2014,10,October,28,4,Tuesday,1
5415,5416,2014-10-29,2014,10,October,29,4,Wednesday,2
5416,5417,2014-10-30,2014,10,October,30,4,Thursday,3
5417,5418,2014-10-31,2014,10,October,31,4,Friday,4
5418,5419,2014-11-01,2014,11,November,1,4,Saturday,5
5419,5420,2014-11-02,2014,11,November,2,4,Sunday,6
5420,5421,2014-11-03,2014,11,November,3,4,Monday,0
5421,5422,2014-11-04,2014,11,November,4,4,Tuesday,1
5422,5423,2014-11-05,2014,11,November,5,4,Wednesday,2
5423,5424,2014-11-06,2014,11,November,6,4,Thursday,3
5424,5425,2014-11-07,2014,11,November,7,4,Friday,4
5425,5426,2014-11-08,2014,11,November,8,4,Saturday,5
5426,5427,2014-11-09,2014,11,November,9,4,Sunday,6
5427,5428,2014-11-10,2014,11,November,10,4,Monday,0
5428,5429,2014-11-11,2014,11,November,11,4,Tuesday,1
5429,5430,2014-11-12,2014,11,November,12,4,Wednesday,2
5430,5431,2014-11-13,2014,11,November,13,4,Thursday,3
5431,5432,2014-11-14,2014,11,November,14,4,Friday,4
5432,5433,2014-11-15,2014,11,November,15,4,Saturday,5
5433,5434,2014-11-16,2014,11,November,16,4,Sunday,6
5434,5435,2014-11-17,2014,11,November,17,4,Monday,0
5435,5436,2014-11-18,2014,11,November,18,4,Tuesday,1
5436,5437,2014-11-19,2014,11,November,19,4,Wednesday,2
5437,5438,2014-11-20,2014,11,November,20,4,Thursday,3
5438,5439,2014-11-21,2014,11,November,21,4,Friday,4
5439,5440,2014-11-22,2014,11,November,22,4,Saturday,5
5440,5441,2014-11-23,2014,11,November,23,4,Sunday,6
5441,5442,2014-11-24,2014,11,November,24,4,Monday,0
5442,5443,2014-11-25,2014,11,November,25,4,Tuesday,1
5443,5444,2014-11-26,2014,11,November,26,4,Wednesday,2
5444,5445,2014-11-27,2014,11,November,27,4,Thursday,3
5445,5446,2014-11-28,2014,11,November,28,4,Friday,4
5446,5447,2014-11-29,2014,11,November,29,4,Saturday,5
5447,5448,2014-11-30,2014,11,November,30,4,Sunday,6
5448,5449,2014-12-01,2014,12,December,1,4,Monday,0
5449,5450,2014-12-02,2014,12,December,2,4,Tuesday,1
5450,5451,2014-12-03,2014,12,December,3,4,Wednesday,2
5451,5452,2014-12-04,2014,12,December,4,4,Thursday,3
5452,5453,2014-12-05,2014,12,December,5,4,Friday,4
5453,5454,2014-12-06,2014,12,December,6,4,Saturday,5
5454,5455,2014-12-07,2014,12,December,7,4,Sunday,6
5455,5456,2014-12-08,2014,12,December,8,4,Monday,0
5456,5457,2014-12-09,2014,12,December,9,4,Tuesday,1
5457,5458,2014-12-10,2014,12,December,10,4,Wednesday,2
5458,5459,2014-12-11,2014,12,December,11,4,Thursday,3
5459,5460,2014-12-12,2014,12,December,12,4,Friday,4
5460,5461,2014-12-13,2014,12,December,13,4,Saturday,5
5461,5462,2014-12-14,2014,12,December,14,4,Sunday,6
5462,5463,2014-12-15,2014,12,December,15,4,Monday,0
5463,5464,2014-12-16,2014,12,December,16,4,Tuesday,1
5464,5465,2014-12-17,2014,12,December,17,4,Wednesday,2
5465,5466,2014-12-18,2014,12,December,18,4,Thursday,3
5466,5467,2014-12-19,2014,12,December,19,4,Friday,4
5467,5468,2014-12-20,2014,12,December,20,4,Saturday,5
5468,5469,2014-12-21,2014,12,December,21,4,Sunday,6
5469,5470,2014-12-22,2014,12,December,22,4,Monday,0
5470,5471,2014-12-23,2014,12,December,23,4,Tuesday,1
5471,5472,2014-12-24,2014,12,December,24,4,Wednesday,2
5472,5473,2014-12-25,2014,12,December,25,4,Thursday,3
5473,5474,2014-12-26,2014,12,December,26,4,Friday,4
5474,5475,2014-12-27,2014,12,December,27,4,Saturday,5
5475,5476,2014-12-28,2014,12,December,28,4,Sunday,6
5476,5477,2014-12-29,2014,12,December,29,4,Monday,0
5477,5478,2014-12-30,2014,12,December,30,4,Tuesday,1
5478,5479,2014-12-31,2014,12,December,31,4,Wednesday,2
5479,5480,2015-01-01,2015,1,January,1,1,Thursday,3
5480,5481,2015-01-02,2015,1,January,2,1,Friday,4
5481,5482,2015-01-03,2015,1,January,3,1,Saturday,5
5482,5483,2015-01-04,2015,1,January,4,1,Sunday,6
5483,5484,2015-01-05,2015,1,January,5,1,Monday,0
5484,5485,2015-01-06,2015,1,January,6,1,Tuesday,1
5485,5486,2015-01-07,2015,1,January,7,1,Wednesday,2
5486,5487,2015-01-08,2015,1,January,8,1,Thursday,3
5487,5488,2015-01-09,2015,1,January,9,1,Friday,4
5488,5489,2015-01-10,2015,1,January,10,1,Saturday,5
5489,5490,2015-01-11,2015,1,January,11,1,Sunday,6
5490,5491,2015-01-12,2015,1,January,12,1,Monday,0
5491,5492,2015-01-13,2015,1,January,13,1,Tuesday,1
5492,5493,2015-01-14,2015,1,January,14,1,Wednesday,2
5493,5494,2015-01-15,2015,1,January,15,1,Thursday,3
5494,5495,2015-01-16,2015,1,January,16,1,Friday,4
5495,5496,2015-01-17,2015,1,January,17,1,Saturday,5
5496,5497,2015-01-18,2015,1,January,18,1,Sunday,6
5497,5498,2015-01-19,2015,1,January,19,1,Monday,0
5498,5499,2015-01-20,2015,1,January,20,1,Tuesday,1
5499,5500,2015-01-21,2015,1,January,21,1,Wednesday,2
5500,5501,2015-01-22,2015,1,January,22,1,Thursday,3
5501,5502,2015-01-23,2015,1,January,23,1,Friday,4
5502,5503,2015-01-24,2015,1,January,24,1,Saturday,5
5503,5504,2015-01-25,2015,1,January,25,1,Sunday,6
5504,5505,2015-01-26,2015,1,January,26,1,Monday,0
5505,5506,2015-01-27,2015,1,January,27,1,Tuesday,1
5506,5507,2015-01-28,2015,1,January,28,1,Wednesday,2
5507,5508,2015-01-29,2015,1,January,29,1,Thursday,3
5508,5509,2015-01-30,2015,1,January,30,1,Friday,4
5509,5510,2015-01-31,2015,1,January,31,1,Saturday,5
5510,5511,2015-02-01,2015,2,February,1,1,Sunday,6
5511,5512,2015-02-02,2015,2,February,2,1,Monday,0
5512,5513,2015-02-03,2015,2,February,3,1,Tuesday,1
5513,5514,2015-02-04,2015,2,February,4,1,Wednesday,2
5514,5515,2015-02-05,2015,2,February,5,1,Thursday,3
5515,5516,2015-02-06,2015,2,February,6,1,Friday,4
5516,5517,2015-02-07,2015,2,February,7,1,Saturday,5
5517,5518,2015-02-08,2015,2,February,8,1,Sunday,6
5518,5519,2015-02-09,2015,2,February,9,1,Monday,0
5519,5520,2015-02-10,2015,2,February,10,1,Tuesday,1
5520,5521,2015-02-11,2015,2,February,11,1,Wednesday,2
5521,5522,2015-02-12,2015,2,February,12,1,Thursday,3
5522,5523,2015-02-13,2015,2,February,13,1,Friday,4
5523,5524,2015-02-14,2015,2,February,14,1,Saturday,5
5524,5525,2015-02-15,2015,2,February,15,1,Sunday,6
5525,5526,2015-02-16,2015,2,February,16,1,Monday,0
5526,5527,2015-02-17,2015,2,February,17,1,Tuesday,1
5527,5528,2015-02-18,2015,2,February,18,1,Wednesday,2
5528,5529,2015-02-19,2015,2,February,19,1,Thursday,3
5529,5530,2015-02-20,2015,2,February,20,1,Friday,4
5530,5531,2015-02-21,2015,2,February,21,1,Saturday,5
5531,5532,2015-02-22,2015,2,February,22,1,Sunday,6
5532,5533,2015-02-23,2015,2,February,23,1,Monday,0
5533,5534,2015-02-24,2015,2,February,24,1,Tuesday,1
5534,5535,2015-02-25,2015,2,February,25,1,Wednesday,2
5535,5536,2015-02-26,2015,2,February,26,1,Thursday,3
5536,5537,2015-02-27,2015,2,February,27,1,Friday,4
5537,5538,2015-02-28,2015,2,February,28,1,Saturday,5
5538,5539,2015-03-01,2015,3,March,1,1,Sunday,6
5539,5540,2015-03-02,2015,3,March,2,1,Monday,0
5540,5541,2015-03-03,2015,3,March,3,1,Tuesday,1
5541,5542,2015-03-04,2015,3,March,4,1,Wednesday,2
5542,5543,2015-03-05,2015,3,March,5,1,Thursday,3
5543,5544,2015-03-06,2015,3,March,6,1,Friday,4
5544,5545,2015-03-07,2015,3,March,7,1,Saturday,5
5545,5546,2015-03-08,2015,3,March,8,1,Sunday,6
5546,5547,2015-03-09,2015,3,March,9,1,Monday,0
5547,5548,2015-03-10,2015,3,March,10,1,Tuesday,1
5548,5549,2015-03-11,2015,3,March,11,1,Wednesday,2
5549,5550,2015-03-12,2015,3,March,12,1,Thursday,3
5550,5551,2015-03-13,2015,3,March,13,1,Friday,4
5551,5552,2015-03-14,2015,3,March,14,1,Saturday,5
5552,5553,2015-03-15,2015,3,March,15,1,Sunday,6
5553,5554,2015-03-16,2015,3,March,16,1,Monday,0
5554,5555,2015-03-17,2015,3,March,17,1,Tuesday,1
5555,5556,2015-03-18,2015,3,March,18,1,Wednesday,2
5556,5557,2015-03-19,2015,3,March,19,1,Thursday,3
5557,5558,2015-03-20,2015,3,March,20,1,Friday,4
5558,5559,2015-03-21,2015,3,March,21,1,Saturday,5
5559,5560,2015-03-22,2015,3,March,22,1,Sunday,6
5560,5561,2015-03-23,2015,3,March,23,1,Monday,0
5561,5562,2015-03-24,2015,3,March,24,1,Tuesday,1
5562,5563,2015-03-25,2015,3,March,25,1,Wednesday,2
5563,5564,2015-03-26,2015,3,March,26,1,Thursday,3
5564,5565,2015-03-27,2015,3,March,27,1,Friday,4
5565,5566,2015-03-28,2015,3,March,28,1,Saturday,5
5566,5567,2015-03-29,2015,3,March,29,1,Sunday,6
5567,5568,2015-03-30,2015,3,March,30,1,Monday,0
5568,5569,2015-03-31,2015,3,March,31,1,Tuesday,1
5569,5570,2015-04-01,2015,4,April,1,2,Wednesday,2
5570,5571,2015-04-02,2015,4,April,2,2,Thursday,3
5571,5572,2015-04-03,2015,4,April,3,2,Friday,4
5572,5573,2015-04-04,2015,4,April,4,2,Saturday,5
5573,5574,2015-04-05,2015,4,April,5,2,Sunday,6
5574,5575,2015-04-06,2015,4,April,6,2,Monday,0
5575,5576,2015-04-07,2015,4,April,7,2,Tuesday,1
5576,5577,2015-04-08,2015,4,April,8,2,Wednesday,2
5577,5578,2015-04-09,2015,4,April,9,2,Thursday,3
5578,5579,2015-04-10,2015,4,April,10,2,Friday,4
5579,5580,2015-04-11,2015,4,April,11,2,Saturday,5
5580,5581,2015-04-12,2015,4,April,12,2,Sunday,6
5581,5582,2015-04-13,2015,4,April,13,2,Monday,0
5582,5583,2015-04-14,2015,4,April,14,2,Tuesday,1
5583,5584,2015-04-15,2015,4,April,15,2,Wednesday,2
5584,5585,2015-04-16,2015,4,April,16,2,Thursday,3
5585,5586,2015-04-17,2015,4,April,17,2,Friday,4
5586,5587,2015-04-18,2015,4,April,18,2,Saturday,5
5587,5588,2015-04-19,2015,4,April,19,2,Sunday,6
5588,5589,2015-04-20,2015,4,April,20,2,Monday,0
5589,5590,2015-04-21,2015,4,April,21,2,Tuesday,1
5590,5591,2015-04-22,2015,4,April,22,2,Wednesday,2
5591,5592,2015-04-23,2015,4,April,23,2,Thursday,3
5592,5593,2015-04-24,2015,4,April,24,2,Friday,4
5593,5594,2015-04-25,2015,4,April,25,2,Saturday,5
5594,5595,2015-04-26,2015,4,April,26,2,Sunday,6
5595,5596,2015-04-27,2015,4,April,27,2,Monday,0
5596,5597,2015-04-28,2015,4,April,28,2,Tuesday,1
5597,5598,2015-04-29,2015,4,April,29,2,Wednesday,2
5598,5599,2015-04-30,2015,4,April,30,2,Thursday,3
5599,5600,2015-05-01,2015,5,May,1,2,Friday,4
5600,5601,2015-05-02,2015,5,May,2,2,Saturday,5
5601,5602,2015-05-03,2015,5,May,3,2,Sunday,6
5602,5603,2015-05-04,2015,5,May,4,2,Monday,0
5603,5604,2015-05-05,2015,5,May,5,2,Tuesday,1
5604,5605,2015-05-06,2015,5,May,6,2,Wednesday,2
5605,5606,2015-05-07,2015,5,May,7,2,Thursday,3
5606,5607,2015-05-08,2015,5,May,8,2,Friday,4
5607,5608,2015-05-09,2015,5,May,9,2,Saturday,5
5608,5609,2015-05-10,2015,5,May,10,2,Sunday,6
5609,5610,2015-05-11,2015,5,May,11,2,Monday,0
5610,5611,2015-05-12,2015,5,May,12,2,Tuesday,1
5611,5612,2015-05-13,2015,5,May,13,2,Wednesday,2
5612,5613,2015-05-14,2015,5,May,14,2,Thursday,3
5613,5614,2015-05-15,2015,5,May,15,2,Friday,4
5614,5615,2015-05-16,2015,5,May,16,2,Saturday,5
5615,5616,2015-05-17,2015,5,May,17,2,Sunday,6
5616,5617,2015-05-18,2015,5,May,18,2,Monday,0
5617,5618,2015-05-19,2015,5,May,19,2,Tuesday,1
5618,5619,2015-05-20,2015,5,May,20,2,Wednesday,2
5619,5620,2015-05-21,2015,5,May,21,2,Thursday,3
5620,5621,2015-05-22,2015,5,May,22,2,Friday,4
5621,5622,2015-05-23,2015,5,May,23,2,Saturday,5
5622,5623,2015-05-24,2015,5,May,24,2,Sunday,6
5623,5624,2015-05-25,2015,5,May,25,2,Monday,0
5624,5625,2015-05-26,2015,5,May,26,2,Tuesday,1
5625,5626,2015-05-27,2015,5,May,27,2,Wednesday,2
5626,5627,2015-05-28,2015,5,May,28,2,Thursday,3
5627,5628,2015-05-29,2015,5,May,29,2,Friday,4
5628,5629,2015-05-30,2015,5,May,30,2,Saturday,5
5629,5630,2015-05-31,2015,5,May,31,2,Sunday,6
5630,5631,2015-06-01,2015,6,June,1,2,Monday,0
5631,5632,2015-06-02,2015,6,June,2,2,Tuesday,1
5632,5633,2015-06-03,2015,6,June,3,2,Wednesday,2
5633,5634,2015-06-04,2015,6,June,4,2,Thursday,3
5634,5635,2015-06-05,2015,6,June,5,2,Friday,4
5635,5636,2015-06-06,2015,6,June,6,2,Saturday,5
5636,5637,2015-06-07,2015,6,June,7,2,Sunday,6
5637,5638,2015-06-08,2015,6,June,8,2,Monday,0
5638,5639,2015-06-09,2015,6,June,9,2,Tuesday,1
5639,5640,2015-06-10,2015,6,June,10,2,Wednesday,2
5640,5641,2015-06-11,2015,6,June,11,2,Thursday,3
5641,5642,2015-06-12,2015,6,June,12,2,Friday,4
5642,5643,2015-06-13,2015,6,June,13,2,Saturday,5
5643,5644,2015-06-14,2015,6,June,14,2,Sunday,6
5644,5645,2015-06-15,2015,6,June,15,2,Monday,0
5645,5646,2015-06-16,2015,6,June,16,2,Tuesday,1
5646,5647,2015-06-17,2015,6,June,17,2,Wednesday,2
5647,5648,2015-06-18,2015,6,June,18,2,Thursday,3
5648,5649,2015-06-19,2015,6,June,19,2,Friday,4
5649,5650,2015-06-20,2015,6,June,20,2,Saturday,5
5650,5651,2015-06-21,2015,6,June,21,2,Sunday,6
5651,5652,2015-06-22,2015,6,June,22,2,Monday,0
5652,5653,2015-06-23,2015,6,June,23,2,Tuesday,1
5653,5654,2015-06-24,2015,6,June,24,2,Wednesday,2
5654,5655,2015-06-25,2015,6,June,25,2,Thursday,3
5655,5656,2015-06-26,2015,6,June,26,2,Friday,4
5656,5657,2015-06-27,2015,6,June,27,2,Saturday,5
5657,5658,2015-06-28,2015,6,June,28,2,Sunday,6
5658,5659,2015-06-29,2015,6,June,29,2,Monday,0
5659,5660,2015-06-30,2015,6,June,30,2,Tuesday,1
5660,5661,2015-07-01,2015,7,July,1,3,Wednesday,2
5661,5662,2015-07-02,2015,7,July,2,3,Thursday,3
5662,5663,2015-07-03,2015,7,July,3,3,Friday,4
5663,5664,2015-07-04,2015,7,July,4,3,Saturday,5
5664,5665,2015-07-05,2015,7,July,5,3,Sunday,6
5665,5666,2015-07-06,2015,7,July,6,3,Monday,0
5666,5667,2015-07-07,2015,7,July,7,3,Tuesday,1
5667,5668,2015-07-08,2015,7,July,8,3,Wednesday,2
5668,5669,2015-07-09,2015,7,July,9,3,Thursday,3
5669,5670,2015-07-10,2015,7,July,10,3,Friday,4
5670,5671,2015-07-11,2015,7,July,11,3,Saturday,5
5671,5672,2015-07-12,2015,7,July,12,3,Sunday,6
5672,5673,2015-07-13,2015,7,July,13,3,Monday,0
5673,5674,2015-07-14,2015,7,July,14,3,Tuesday,1
5674,5675,2015-07-15,2015,7,July,15,3,Wednesday,2
5675,5676,2015-07-16,2015,7,July,16,3,Thursday,3
5676,5677,2015-07-17,2015,7,July,17,3,Friday,4
5677,5678,2015-07-18,2015,7,July,18,3,Saturday,5
5678,5679,2015-07-19,2015,7,July,19,3,Sunday,6
5679,5680,2015-07-20,2015,7,July,20,3,Monday,0
5680,5681,2015-07-21,2015,7,July,21,3,Tuesday,1
5681,5682,2015-07-22,2015,7,July,22,3,Wednesday,2
5682,5683,2015-07-23,2015,7,July,23,3,Thursday,3
5683,5684,2015-07-24,2015,7,July,24,3,Friday,4
5684,5685,2015-07-25,2015,7,July,25,3,Saturday,5
5685,5686,2015-07-26,2015,7,July,26,3,Sunday,6
5686,5687,2015-07-27,2015,7,July,27,3,Monday,0
5687,5688,2015-07-28,2015,7,July,28,3,Tuesday,1
5688,5689,2015-07-29,2015,7,July,29,3,Wednesday,2
5689,5690,2015-07-30,2015,7,July,30,3,Thursday,3
5690,5691,2015-07-31,2015,7,July,31,3,Friday,4
5691,5692,2015-08-01,2015,8,August,1,3,Saturday,5
5692,5693,2015-08-02,2015,8,August,2,3,Sunday,6
5693,5694,2015-08-03,2015,8,August,3,3,Monday,0
5694,5695,2015-08-04,2015,8,August,4,3,Tuesday,1
5695,5696,2015-08-05,2015,8,August,5,3,Wednesday,2
5696,5697,2015-08-06,2015,8,August,6,3,Thursday,3
5697,5698,2015-08-07,2015,8,August,7,3,Friday,4
5698,5699,2015-08-08,2015,8,August,8,3,Saturday,5
5699,5700,2015-08-09,2015,8,August,9,3,Sunday,6
5700,5701,2015-08-10,2015,8,August,10,3,Monday,0
5701,5702,2015-08-11,2015,8,August,11,3,Tuesday,1
5702,5703,2015-08-12,2015,8,August,12,3,Wednesday,2
5703,5704,2015-08-13,2015,8,August,13,3,Thursday,3
5704,5705,2015-08-14,2015,8,August,14,3,Friday,4
5705,5706,2015-08-15,2015,8,August,15,3,Saturday,5
5706,5707,2015-08-16,2015,8,August,16,3,Sunday,6
5707,5708,2015-08-17,2015,8,August,17,3,Monday,0
5708,5709,2015-08-18,2015,8,August,18,3,Tuesday,1
5709,5710,2015-08-19,2015,8,August,19,3,Wednesday,2
5710,5711,2015-08-20,2015,8,August,20,3,Thursday,3
5711,5712,2015-08-21,2015,8,August,21,3,Friday,4
5712,5713,2015-08-22,2015,8,August,22,3,Saturday,5
5713,5714,2015-08-23,2015,8,August,23,3,Sunday,6
5714,5715,2015-08-24,2015,8,August,24,3,Monday,0
5715,5716,2015-08-25,2015,8,August,25,3,Tuesday,1
5716,5717,2015-08-26,2015,8,August,26,3,Wednesday,2
5717,5718,2015-08-27,2015,8,August,27,3,Thursday,3
5718,5719,2015-08-28,2015,8,August,28,3,Friday,4
5719,5720,2015-08-29,2015,8,August,29,3,Saturday,5
5720,5721,2015-08-30,2015,8,August,30,3,Sunday,6
5721,5722,2015-08-31,2015,8,August,31,3,Monday,0
5722,5723,2015-09-01,2015,9,September,1,3,Tuesday,1
5723,5724,2015-09-02,2015,9,September,2,3,Wednesday,2
5724,5725,2015-09-03,2015,9,September,3,3,Thursday,3
5725,5726,2015-09-04,2015,9,September,4,3,Friday,4
5726,5727,2015-09-05,2015,9,September,5,3,Saturday,5
5727,5728,2015-09-06,2015,9,September,6,3,Sunday,6
5728,5729,2015-09-07,2015,9,September,7,3,Monday,0
5729,5730,2015-09-08,2015,9,September,8,3,Tuesday,1
5730,5731,2015-09-09,2015,9,September,9,3,Wednesday,2
5731,5732,2015-09-10,2015,9,September,10,3,Thursday,3
5732,5733,2015-09-11,2015,9,September,11,3,Friday,4
5733,5734,2015-09-12,2015,9,September,12,3,Saturday,5
5734,5735,2015-09-13,2015,9,September,13,3,Sunday,6
5735,5736,2015-09-14,2015,9,September,14,3,Monday,0
5736,5737,2015-09-15,2015,9,September,15,3,Tuesday,1
5737,5738,2015-09-16,2015,9,September,16,3,Wednesday,2
5738,5739,2015-09-17,2015,9,September,17,3,Thursday,3
5739,5740,2015-09-18,2015,9,September,18,3,Friday,4
5740,5741,2015-09-19,2015,9,September,19,3,Saturday,5
5741,5742,2015-09-20,2015,9,September,20,3,Sunday,6
5742,5743,2015-09-21,2015,9,September,21,3,Monday,0
5743,5744,2015-09-22,2015,9,September,22,3,Tuesday,1
5744,5745,2015-09-23,2015,9,September,23,3,Wednesday,2
5745,5746,2015-09-24,2015,9,September,24,3,Thursday,3
5746,5747,2015-09-25,2015,9,September,25,3,Friday,4
5747,5748,2015-09-26,2015,9,September,26,3,Saturday,5
5748,5749,2015-09-27,2015,9,September,27,3,Sunday,6
5749,5750,2015-09-28,2015,9,September,28,3,Monday,0
5750,5751,2015-09-29,2015,9,September,29,3,Tuesday,1
5751,5752,2015-09-30,2015,9,September,30,3,Wednesday,2
5752,5753,2015-10-01,2015,10,October,1,4,Thursday,3
5753,5754,2015-10-02,2015,10,October,2,4,Friday,4
5754,5755,2015-10-03,2015,10,October,3,4,Saturday,5
5755,5756,2015-10-04,2015,10,October,4,4,Sunday,6
5756,5757,2015-10-05,2015,10,October,5,4,Monday,0
5757,5758,2015-10-06,2015,10,October,6,4,Tuesday,1
5758,5759,2015-10-07,2015,10,October,7,4,Wednesday,2
5759,5760,2015-10-08,2015,10,October,8,4,Thursday,3
5760,5761,2015-10-09,2015,10,October,9,4,Friday,4
5761,5762,2015-10-10,2015,10,October,10,4,Saturday,5
5762,5763,2015-10-11,2015,10,October,11,4,Sunday,6
5763,5764,2015-10-12,2015,10,October,12,4,Monday,0
5764,5765,2015-10-13,2015,10,October,13,4,Tuesday,1
5765,5766,2015-10-14,2015,10,October,14,4,Wednesday,2
5766,5767,2015-10-15,2015,10,October,15,4,Thursday,3
5767,5768,2015-10-16,2015,10,October,16,4,Friday,4
5768,5769,2015-10-17,2015,10,October,17,4,Saturday,5
5769,5770,2015-10-18,2015,10,October,18,4,Sunday,6
5770,5771,2015-10-19,2015,10,October,19,4,Monday,0
5771,5772,2015-10-20,2015,10,October,20,4,Tuesday,1
5772,5773,2015-10-21,2015,10,October,21,4,Wednesday,2
5773,5774,2015-10-22,2015,10,October,22,4,Thursday,3
5774,5775,2015-10-23,2015,10,October,23,4,Friday,4
5775,5776,2015-10-24,2015,10,October,24,4,Saturday,5
5776,5777,2015-10-25,2015,10,October,25,4,Sunday,6
5777,5778,2015-10-26,2015,10,October,26,4,Monday,0
5778,5779,2015-10-27,2015,10,October,27,4,Tuesday,1
5779,5780,2015-10-28,2015,10,October,28,4,Wednesday,2
5780,5781,2015-10-29,2015,10,October,29,4,Thursday,3
5781,5782,2015-10-30,2015,10,October,30,4,Friday,4
5782,5783,2015-10-31,2015,10,October,31,4,Saturday,5
5783,5784,2015-11-01,2015,11,November,1,4,Sunday,6
5784,5785,2015-11-02,2015,11,November,2,4,Monday,0
5785,5786,2015-11-03,2015,11,November,3,4,Tuesday,1
5786,5787,2015-11-04,2015,11,November,4,4,Wednesday,2
5787,5788,2015-11-05,2015,11,November,5,4,Thursday,3
5788,5789,2015-11-06,2015,11,November,6,4,Friday,4
5789,5790,2015-11-07,2015,11,November,7,4,Saturday,5
5790,5791,2015-11-08,2015,11,November,8,4,Sunday,6
5791,5792,2015-11-09,2015,11,November,9,4,Monday,0
5792,5793,2015-11-10,2015,11,November,10,4,Tuesday,1
5793,5794,2015-11-11,2015,11,November,11,4,Wednesday,2
5794,5795,2015-11-12,2015,11,November,12,4,Thursday,3
5795,5796,2015-11-13,2015,11,November,13,4,Friday,4
5796,5797,2015-11-14,2015,11,November,14,4,Saturday,5
5797,5798,2015-11-15,2015,11,November,15,4,Sunday,6
5798,5799,2015-11-16,2015,11,November,16,4,Monday,0
5799,5800,2015-11-17,2015,11,November,17,4,Tuesday,1
5800,5801,2015-11-18,2015,11,November,18,4,Wednesday,2
5801,5802,2015-11-19,2015,11,November,19,4,Thursday,3
5802,5803,2015-11-20,2015,11,November,20,4,Friday,4
5803,5804,2015-11-21,2015,11,November,21,4,Saturday,5
5804,5805,2015-11-22,2015,11,November,22,4,Sunday,6
5805,5806,2015-11-23,2015,11,November,23,4,Monday,0
5806,5807,2015-11-24,2015,11,November,24,4,Tuesday,1
5807,5808,2015-11-25,2015,11,November,25,4,Wednesday,2
5808,5809,2015-11-26,2015,11,November,26,4,Thursday,3
5809,5810,2015-11-27,2015,11,November,27,4,Friday,4
5810,5811,2015-11-28,2015,11,November,28,4,Saturday,5
5811,5812,2015-11-29,2015,11,November,29,4,Sunday,6
5812,5813,2015-11-30,2015,11,November,30,4,Monday,0
5813,5814,2015-12-01,2015,12,December,1,4,Tuesday,1
5814,5815,2015-12-02,2015,12,December,2,4,Wednesday,2
5815,5816,2015-12-03,2015,12,December,3,4,Thursday,3
5816,5817,2015-12-04,2015,12,December,4,4,Friday,4
5817,5818,2015-12-05,2015,12,December,5,4,Saturday,5
5818,5819,2015-12-06,2015,12,December,6,4,Sunday,6
5819,5820,2015-12-07,2015,12,December,7,4,Monday,0
5820,5821,2015-12-08,2015,12,December,8,4,Tuesday,1
5821,5822,2015-12-09,2015,12,December,9,4,Wednesday,2
5822,5823,2015-12-10,2015,12,December,10,4,Thursday,3
5823,5824,2015-12-11,2015,12,December,11,4,Friday,4
5824,5825,2015-12-12,2015,12,December,12,4,Saturday,5
5825,5826,2015-12-13,2015,12,December,13,4,Sunday,6
5826,5827,2015-12-14,2015,12,December,14,4,Monday,0
5827,5828,2015-12-15,2015,12,December,15,4,Tuesday,1
5828,5829,2015-12-16,2015,12,December,16,4,Wednesday,2
5829,5830,2015-12-17,2015,12,December,17,4,Thursday,3
5830,5831,2015-12-18,2015,12,December,18,4,Friday,4
5831,5832,2015-12-19,2015,12,December,19,4,Saturday,5
5832,5833,2015-12-20,2015,12,December,20,4,Sunday,6
5833,5834,2015-12-21,2015,12,December,21,4,Monday,0
5834,5835,2015-12-22,2015,12,December,22,4,Tuesday,1
5835,5836,2015-12-23,2015,12,December,23,4,Wednesday,2
5836,5837,2015-12-24,2015,12,December,24,4,Thursday,3
5837,5838,2015-12-25,2015,12,December,25,4,Friday,4
5838,5839,2015-12-26,2015,12,December,26,4,Saturday,5
5839,5840,2015-12-27,2015,12,December,27,4,Sunday,6
5840,5841,2015-12-28,2015,12,December,28,4,Monday,0
5841,5842,2015-12-29,2015,12,December,29,4,Tuesday,1
5842,5843,2015-12-30,2015,12,December,30,4,Wednesday,2
5843,5844,2015-12-31,2015,12,December,31,4,Thursday,3
5844,5845,2016-01-01,2016,1,January,1,1,Friday,4
5845,5846,2016-01-02,2016,1,January,2,1,Saturday,5
5846,5847,2016-01-03,2016,1,January,3,1,Sunday,6
5847,5848,2016-01-04,2016,1,January,4,1,Monday,0
5848,5849,2016-01-05,2016,1,January,5,1,Tuesday,1
5849,5850,2016-01-06,2016,1,January,6,1,Wednesday,2
5850,5851,2016-01-07,2016,1,January,7,1,Thursday,3
5851,5852,2016-01-08,2016,1,January,8,1,Friday,4
5852,5853,2016-01-09,2016,1,January,9,1,Saturday,5
5853,5854,2016-01-10,2016,1,January,10,1,Sunday,6
5854,5855,2016-01-11,2016,1,January,11,1,Monday,0
5855,5856,2016-01-12,2016,1,January,12,1,Tuesday,1
5856,5857,2016-01-13,2016,1,January,13,1,Wednesday,2
5857,5858,2016-01-14,2016,1,January,14,1,Thursday,3
5858,5859,2016-01-15,2016,1,January,15,1,Friday,4
5859,5860,2016-01-16,2016,1,January,16,1,Saturday,5
5860,5861,2016-01-17,2016,1,January,17,1,Sunday,6
5861,5862,2016-01-18,2016,1,January,18,1,Monday,0
5862,5863,2016-01-19,2016,1,January,19,1,Tuesday,1
5863,5864,2016-01-20,2016,1,January,20,1,Wednesday,2
5864,5865,2016-01-21,2016,1,January,21,1,Thursday,3
5865,5866,2016-01-22,2016,1,January,22,1,Friday,4
5866,5867,2016-01-23,2016,1,January,23,1,Saturday,5
5867,5868,2016-01-24,2016,1,January,24,1,Sunday,6
5868,5869,2016-01-25,2016,1,January,25,1,Monday,0
5869,5870,2016-01-26,2016,1,January,26,1,Tuesday,1
5870,5871,2016-01-27,2016,1,January,27,1,Wednesday,2
5871,5872,2016-01-28,2016,1,January,28,1,Thursday,3
5872,5873,2016-01-29,2016,1,January,29,1,Friday,4
5873,5874,2016-01-30,2016,1,January,30,1,Saturday,5
5874,5875,2016-01-31,2016,1,January,31,1,Sunday,6
5875,5876,2016-02-01,2016,2,February,1,1,Monday,0
5876,5877,2016-02-02,2016,2,February,2,1,Tuesday,1
5877,5878,2016-02-03,2016,2,February,3,1,Wednesday,2
5878,5879,2016-02-04,2016,2,February,4,1,Thursday,3
5879,5880,2016-02-05,2016,2,February,5,1,Friday,4
5880,5881,2016-02-06,2016,2,February,6,1,Saturday,5
5881,5882,2016-02-07,2016,2,February,7,1,Sunday,6
5882,5883,2016-02-08,2016,2,February,8,1,Monday,0
5883,5884,2016-02-09,2016,2,February,9,1,Tuesday,1
5884,5885,2016-02-10,2016,2,February,10,1,Wednesday,2
5885,5886,2016-02-11,2016,2,February,11,1,Thursday,3
5886,5887,2016-02-12,2016,2,February,12,1,Friday,4
5887,5888,2016-02-13,2016,2,February,13,1,Saturday,5
5888,5889,2016-02-14,2016,2,February,14,1,Sunday,6
5889,5890,2016-02-15,2016,2,February,15,1,Monday,0
5890,5891,2016-02-16,2016,2,February,16,1,Tuesday,1
5891,5892,2016-02-17,2016,2,February,17,1,Wednesday,2
5892,5893,2016-02-18,2016,2,February,18,1,Thursday,3
5893,5894,2016-02-19,2016,2,February,19,1,Friday,4
5894,5895,2016-02-20,2016,2,February,20,1,Saturday,5
5895,5896,2016-02-21,2016,2,February,21,1,Sunday,6
5896,5897,2016-02-22,2016,2,February,22,1,Monday,0
5897,5898,2016-02-23,2016,2,February,23,1,Tuesday,1
5898,5899,2016-02-24,2016,2,February,24,1,Wednesday,2
5899,5900,2016-02-25,2016,2,February,25,1,Thursday,3
5900,5901,2016-02-26,2016,2,February,26,1,Friday,4
5901,5902,2016-02-27,2016,2,February,27,1,Saturday,5
5902,5903,2016-02-28,2016,2,February,28,1,Sunday,6
5903,5904,2016-02-29,2016,2,February,29,1,Monday,0
5904,5905,2016-03-01,2016,3,March,1,1,Tuesday,1
5905,5906,2016-03-02,2016,3,March,2,1,Wednesday,2
5906,5907,2016-03-03,2016,3,March,3,1,Thursday,3
5907,5908,2016-03-04,2016,3,March,4,1,Friday,4
5908,5909,2016-03-05,2016,3,March,5,1,Saturday,5
5909,5910,2016-03-06,2016,3,March,6,1,Sunday,6
5910,5911,2016-03-07,2016,3,March,7,1,Monday,0
5911,5912,2016-03-08,2016,3,March,8,1,Tuesday,1
5912,5913,2016-03-09,2016,3,March,9,1,Wednesday,2
5913,5914,2016-03-10,2016,3,March,10,1,Thursday,3
5914,5915,2016-03-11,2016,3,March,11,1,Friday,4
5915,5916,2016-03-12,2016,3,March,12,1,Saturday,5
5916,5917,2016-03-13,2016,3,March,13,1,Sunday,6
5917,5918,2016-03-14,2016,3,March,14,1,Monday,0
5918,5919,2016-03-15,2016,3,March,15,1,Tuesday,1
5919,5920,2016-03-16,2016,3,March,16,1,Wednesday,2
5920,5921,2016-03-17,2016,3,March,17,1,Thursday,3
5921,5922,2016-03-18,2016,3,March,18,1,Friday,4
5922,5923,2016-03-19,2016,3,March,19,1,Saturday,5
5923,5924,2016-03-20,2016,3,March,20,1,Sunday,6
5924,5925,2016-03-21,2016,3,March,21,1,Monday,0
5925,5926,2016-03-22,2016,3,March,22,1,Tuesday,1
5926,5927,2016-03-23,2016,3,March,23,1,Wednesday,2
5927,5928,2016-03-24,2016,3,March,24,1,Thursday,3
5928,5929,2016-03-25,2016,3,March,25,1,Friday,4
5929,5930,2016-03-26,2016,3,March,26,1,Saturday,5
5930,5931,2016-03-27,2016,3,March,27,1,Sunday,6
5931,5932,2016-03-28,2016,3,March,28,1,Monday,0
5932,5933,2016-03-29,2016,3,March,29,1,Tuesday,1
5933,5934,2016-03-30,2016,3,March,30,1,Wednesday,2
5934,5935,2016-03-31,2016,3,March,31,1,Thursday,3
5935,5936,2016-04-01,2016,4,April,1,2,Friday,4
5936,5937,2016-04-02,2016,4,April,2,2,Saturday,5
5937,5938,2016-04-03,2016,4,April,3,2,Sunday,6
5938,5939,2016-04-04,2016,4,April,4,2,Monday,0
5939,5940,2016-04-05,2016,4,April,5,2,Tuesday,1
5940,5941,2016-04-06,2016,4,April,6,2,Wednesday,2
5941,5942,2016-04-07,2016,4,April,7,2,Thursday,3
5942,5943,2016-04-08,2016,4,April,8,2,Friday,4
5943,5944,2016-04-09,2016,4,April,9,2,Saturday,5
5944,5945,2016-04-10,2016,4,April,10,2,Sunday,6
5945,5946,2016-04-11,2016,4,April,11,2,Monday,0
5946,5947,2016-04-12,2016,4,April,12,2,Tuesday,1
5947,5948,2016-04-13,2016,4,April,13,2,Wednesday,2
5948,5949,2016-04-14,2016,4,April,14,2,Thursday,3
5949,5950,2016-04-15,2016,4,April,15,2,Friday,4
5950,5951,2016-04-16,2016,4,April,16,2,Saturday,5
5951,5952,2016-04-17,2016,4,April,17,2,Sunday,6
5952,5953,2016-04-18,2016,4,April,18,2,Monday,0
5953,5954,2016-04-19,2016,4,April,19,2,Tuesday,1
5954,5955,2016-04-20,2016,4,April,20,2,Wednesday,2
5955,5956,2016-04-21,2016,4,April,21,2,Thursday,3
5956,5957,2016-04-22,2016,4,April,22,2,Friday,4
5957,5958,2016-04-23,2016,4,April,23,2,Saturday,5
5958,5959,2016-04-24,2016,4,April,24,2,Sunday,6
5959,5960,2016-04-25,2016,4,April,25,2,Monday,0
5960,5961,2016-04-26,2016,4,April,26,2,Tuesday,1
5961,5962,2016-04-27,2016,4,April,27,2,Wednesday,2
5962,5963,2016-04-28,2016,4,April,28,2,Thursday,3
5963,5964,2016-04-29,2016,4,April,29,2,Friday,4
5964,5965,2016-04-30,2016,4,April,30,2,Saturday,5
5965,5966,2016-05-01,2016,5,May,1,2,Sunday,6
5966,5967,2016-05-02,2016,5,May,2,2,Monday,0
5967,5968,2016-05-03,2016,5,May,3,2,Tuesday,1
5968,5969,2016-05-04,2016,5,May,4,2,Wednesday,2
5969,5970,2016-05-05,2016,5,May,5,2,Thursday,3
5970,5971,2016-05-06,2016,5,May,6,2,Friday,4
5971,5972,2016-05-07,2016,5,May,7,2,Saturday,5
5972,5973,2016-05-08,2016,5,May,8,2,Sunday,6
5973,5974,2016-05-09,2016,5,May,9,2,Monday,0
5974,5975,2016-05-10,2016,5,May,10,2,Tuesday,1
5975,5976,2016-05-11,2016,5,May,11,2,Wednesday,2
5976,5977,2016-05-12,2016,5,May,12,2,Thursday,3
5977,5978,2016-05-13,2016,5,May,13,2,Friday,4
5978,5979,2016-05-14,2016,5,May,14,2,Saturday,5
5979,5980,2016-05-15,2016,5,May,15,2,Sunday,6
5980,5981,2016-05-16,2016,5,May,16,2,Monday,0
5981,5982,2016-05-17,2016,5,May,17,2,Tuesday,1
5982,5983,2016-05-18,2016,5,May,18,2,Wednesday,2
5983,5984,2016-05-19,2016,5,May,19,2,Thursday,3
5984,5985,2016-05-20,2016,5,May,20,2,Friday,4
5985,5986,2016-05-21,2016,5,May,21,2,Saturday,5
5986,5987,2016-05-22,2016,5,May,22,2,Sunday,6
5987,5988,2016-05-23,2016,5,May,23,2,Monday,0
5988,5989,2016-05-24,2016,5,May,24,2,Tuesday,1
5989,5990,2016-05-25,2016,5,May,25,2,Wednesday,2
5990,5991,2016-05-26,2016,5,May,26,2,Thursday,3
5991,5992,2016-05-27,2016,5,May,27,2,Friday,4
5992,5993,2016-05-28,2016,5,May,28,2,Saturday,5
5993,5994,2016-05-29,2016,5,May,29,2,Sunday,6
5994,5995,2016-05-30,2016,5,May,30,2,Monday,0
5995,5996,2016-05-31,2016,5,May,31,2,Tuesday,1
5996,5997,2016-06-01,2016,6,June,1,2,Wednesday,2
5997,5998,2016-06-02,2016,6,June,2,2,Thursday,3
5998,5999,2016-06-03,2016,6,June,3,2,Friday,4
5999,6000,2016-06-04,2016,6,June,4,2,Saturday,5
6000,6001,2016-06-05,2016,6,June,5,2,Sunday,6
6001,6002,2016-06-06,2016,6,June,6,2,Monday,0
6002,6003,2016-06-07,2016,6,June,7,2,Tuesday,1
6003,6004,2016-06-08,2016,6,June,8,2,Wednesday,2
6004,6005,2016-06-09,2016,6,June,9,2,Thursday,3
6005,6006,2016-06-10,2016,6,June,10,2,Friday,4
6006,6007,2016-06-11,2016,6,June,11,2,Saturday,5
6007,6008,2016-06-12,2016,6,June,12,2,Sunday,6
6008,6009,2016-06-13,2016,6,June,13,2,Monday,0
6009,6010,2016-06-14,2016,6,June,14,2,Tuesday,1
6010,6011,2016-06-15,2016,6,June,15,2,Wednesday,2
6011,6012,2016-06-16,2016,6,June,16,2,Thursday,3
6012,6013,2016-06-17,2016,6,June,17,2,Friday,4
6013,6014,2016-06-18,2016,6,June,18,2,Saturday,5
6014,6015,2016-06-19,2016,6,June,19,2,Sunday,6
6015,6016,2016-06-20,2016,6,June,20,2,Monday,0
6016,6017,2016-06-21,2016,6,June,21,2,Tuesday,1
6017,6018,2016-06-22,2016,6,June,22,2,Wednesday,2
6018,6019,2016-06-23,2016,6,June,23,2,Thursday,3
6019,6020,2016-06-24,2016,6,June,24,2,Friday,4
6020,6021,2016-06-25,2016,6,June,25,2,Saturday,5
6021,6022,2016-06-26,2016,6,June,26,2,Sunday,6
6022,6023,2016-06-27,2016,6,June,27,2,Monday,0
6023,6024,2016-06-28,2016,6,June,28,2,Tuesday,1
6024,6025,2016-06-29,2016,6,June,29,2,Wednesday,2
6025,6026,2016-06-30,2016,6,June,30,2,Thursday,3
6026,6027,2016-07-01,2016,7,July,1,3,Friday,4
6027,6028,2016-07-02,2016,7,July,2,3,Saturday,5
6028,6029,2016-07-03,2016,7,July,3,3,Sunday,6
6029,6030,2016-07-04,2016,7,July,4,3,Monday,0
6030,6031,2016-07-05,2016,7,July,5,3,Tuesday,1
6031,6032,2016-07-06,2016,7,July,6,3,Wednesday,2
6032,6033,2016-07-07,2016,7,July,7,3,Thursday,3
6033,6034,2016-07-08,2016,7,July,8,3,Friday,4
6034,6035,2016-07-09,2016,7,July,9,3,Saturday,5
6035,6036,2016-07-10,2016,7,July,10,3,Sunday,6
6036,6037,2016-07-11,2016,7,July,11,3,Monday,0
6037,6038,2016-07-12,2016,7,July,12,3,Tuesday,1
6038,6039,2016-07-13,2016,7,July,13,3,Wednesday,2
6039,6040,2016-07-14,2016,7,July,14,3,Thursday,3
6040,6041,2016-07-15,2016,7,July,15,3,Friday,4
6041,6042,2016-07-16,2016,7,July,16,3,Saturday,5
6042,6043,2016-07-17,2016,7,July,17,3,Sunday,6
6043,6044,2016-07-18,2016,7,July,18,3,Monday,0
6044,6045,2016-07-19,2016,7,July,19,3,Tuesday,1
6045,6046,2016-07-20,2016,7,July,20,3,Wednesday,2
6046,6047,2016-07-21,2016,7,July,21,3,Thursday,3
6047,6048,2016-07-22,2016,7,July,22,3,Friday,4
6048,6049,2016-07-23,2016,7,July,23,3,Saturday,5
6049,6050,2016-07-24,2016,7,July,24,3,Sunday,6
6050,6051,2016-07-25,2016,7,July,25,3,Monday,0
6051,6052,2016-07-26,2016,7,July,26,3,Tuesday,1
6052,6053,2016-07-27,2016,7,July,27,3,Wednesday,2
6053,6054,2016-07-28,2016,7,July,28,3,Thursday,3
6054,6055,2016-07-29,2016,7,July,29,3,Friday,4
6055,6056,2016-07-30,2016,7,July,30,3,Saturday,5
6056,6057,2016-07-31,2016,7,July,31,3,Sunday,6
6057,6058,2016-08-01,2016,8,August,1,3,Monday,0
6058,6059,2016-08-02,2016,8,August,2,3,Tuesday,1
6059,6060,2016-08-03,2016,8,August,3,3,Wednesday,2
6060,6061,2016-08-04,2016,8,August,4,3,Thursday,3
6061,6062,2016-08-05,2016,8,August,5,3,Friday,4
6062,6063,2016-08-06,2016,8,August,6,3,Saturday,5
6063,6064,2016-08-07,2016,8,August,7,3,Sunday,6
6064,6065,2016-08-08,2016,8,August,8,3,Monday,0
6065,6066,2016-08-09,2016,8,August,9,3,Tuesday,1
6066,6067,2016-08-10,2016,8,August,10,3,Wednesday,2
6067,6068,2016-08-11,2016,8,August,11,3,Thursday,3
6068,6069,2016-08-12,2016,8,August,12,3,Friday,4
6069,6070,2016-08-13,2016,8,August,13,3,Saturday,5
6070,6071,2016-08-14,2016,8,August,14,3,Sunday,6
6071,6072,2016-08-15,2016,8,August,15,3,Monday,0
6072,6073,2016-08-16,2016,8,August,16,3,Tuesday,1
6073,6074,2016-08-17,2016,8,August,17,3,Wednesday,2
6074,6075,2016-08-18,2016,8,August,18,3,Thursday,3
6075,6076,2016-08-19,2016,8,August,19,3,Friday,4
6076,6077,2016-08-20,2016,8,August,20,3,Saturday,5
6077,6078,2016-08-21,2016,8,August,21,3,Sunday,6
6078,6079,2016-08-22,2016,8,August,22,3,Monday,0
6079,6080,2016-08-23,2016,8,August,23,3,Tuesday,1
6080,6081,2016-08-24,2016,8,August,24,3,Wednesday,2
6081,6082,2016-08-25,2016,8,August,25,3,Thursday,3
6082,6083,2016-08-26,2016,8,August,26,3,Friday,4
6083,6084,2016-08-27,2016,8,August,27,3,Saturday,5
6084,6085,2016-08-28,2016,8,August,28,3,Sunday,6
6085,6086,2016-08-29,2016,8,August,29,3,Monday,0
6086,6087,2016-08-30,2016,8,August,30,3,Tuesday,1
6087,6088,2016-08-31,2016,8,August,31,3,Wednesday,2
6088,6089,2016-09-01,2016,9,September,1,3,Thursday,3
6089,6090,2016-09-02,2016,9,September,2,3,Friday,4
6090,6091,2016-09-03,2016,9,September,3,3,Saturday,5
6091,6092,2016-09-04,2016,9,September,4,3,Sunday,6
6092,6093,2016-09-05,2016,9,September,5,3,Monday,0
6093,6094,2016-09-06,2016,9,September,6,3,Tuesday,1
6094,6095,2016-09-07,2016,9,September,7,3,Wednesday,2
6095,6096,2016-09-08,2016,9,September,8,3,Thursday,3
6096,6097,2016-09-09,2016,9,September,9,3,Friday,4
6097,6098,2016-09-10,2016,9,September,10,3,Saturday,5
6098,6099,2016-09-11,2016,9,September,11,3,Sunday,6
6099,6100,2016-09-12,2016,9,September,12,3,Monday,0
6100,6101,2016-09-13,2016,9,September,13,3,Tuesday,1
6101,6102,2016-09-14,2016,9,September,14,3,Wednesday,2
6102,6103,2016-09-15,2016,9,September,15,3,Thursday,3
6103,6104,2016-09-16,2016,9,September,16,3,Friday,4
6104,6105,2016-09-17,2016,9,September,17,3,Saturday,5
6105,6106,2016-09-18,2016,9,September,18,3,Sunday,6
6106,6107,2016-09-19,2016,9,September,19,3,Monday,0
6107,6108,2016-09-20,2016,9,September,20,3,Tuesday,1
6108,6109,2016-09-21,2016,9,September,21,3,Wednesday,2
6109,6110,2016-09-22,2016,9,September,22,3,Thursday,3
6110,6111,2016-09-23,2016,9,September,23,3,Friday,4
6111,6112,2016-09-24,2016,9,September,24,3,Saturday,5
6112,6113,2016-09-25,2016,9,September,25,3,Sunday,6
6113,6114,2016-09-26,2016,9,September,26,3,Monday,0
6114,6115,2016-09-27,2016,9,September,27,3,Tuesday,1
6115,6116,2016-09-28,2016,9,September,28,3,Wednesday,2
6116,6117,2016-09-29,2016,9,September,29,3,Thursday,3
6117,6118,2016-09-30,2016,9,September,30,3,Friday,4
6118,6119,2016-10-01,2016,10,October,1,4,Saturday,5
6119,6120,2016-10-02,2016,10,October,2,4,Sunday,6
6120,6121,2016-10-03,2016,10,October,3,4,Monday,0
6121,6122,2016-10-04,2016,10,October,4,4,Tuesday,1
6122,6123,2016-10-05,2016,10,October,5,4,Wednesday,2
6123,6124,2016-10-06,2016,10,October,6,4,Thursday,3
6124,6125,2016-10-07,2016,10,October,7,4,Friday,4
6125,6126,2016-10-08,2016,10,October,8,4,Saturday,5
6126,6127,2016-10-09,2016,10,October,9,4,Sunday,6
6127,6128,2016-10-10,2016,10,October,10,4,Monday,0
6128,6129,2016-10-11,2016,10,October,11,4,Tuesday,1
6129,6130,2016-10-12,2016,10,October,12,4,Wednesday,2
6130,6131,2016-10-13,2016,10,October,13,4,Thursday,3
6131,6132,2016-10-14,2016,10,October,14,4,Friday,4
6132,6133,2016-10-15,2016,10,October,15,4,Saturday,5
6133,6134,2016-10-16,2016,10,October,16,4,Sunday,6
6134,6135,2016-10-17,2016,10,October,17,4,Monday,0
6135,6136,2016-10-18,2016,10,October,18,4,Tuesday,1
6136,6137,2016-10-19,2016,10,October,19,4,Wednesday,2
6137,6138,2016-10-20,2016,10,October,20,4,Thursday,3
6138,6139,2016-10-21,2016,10,October,21,4,Friday,4
6139,6140,2016-10-22,2016,10,October,22,4,Saturday,5
6140,6141,2016-10-23,2016,10,October,23,4,Sunday,6
6141,6142,2016-10-24,2016,10,October,24,4,Monday,0
6142,6143,2016-10-25,2016,10,October,25,4,Tuesday,1
6143,6144,2016-10-26,2016,10,October,26,4,Wednesday,2
6144,6145,2016-10-27,2016,10,October,27,4,Thursday,3
6145,6146,2016-10-28,2016,10,October,28,4,Friday,4
6146,6147,2016-10-29,2016,10,October,29,4,Saturday,5
6147,6148,2016-10-30,2016,10,October,30,4,Sunday,6
6148,6149,2016-10-31,2016,10,October,31,4,Monday,0
6149,6150,2016-11-01,2016,11,November,1,4,Tuesday,1
6150,6151,2016-11-02,2016,11,November,2,4,Wednesday,2
6151,6152,2016-11-03,2016,11,November,3,4,Thursday,3
6152,6153,2016-11-04,2016,11,November,4,4,Friday,4
6153,6154,2016-11-05,2016,11,November,5,4,Saturday,5
6154,6155,2016-11-06,2016,11,November,6,4,Sunday,6
6155,6156,2016-11-07,2016,11,November,7,4,Monday,0
6156,6157,2016-11-08,2016,11,November,8,4,Tuesday,1
6157,6158,2016-11-09,2016,11,November,9,4,Wednesday,2
6158,6159,2016-11-10,2016,11,November,10,4,Thursday,3
6159,6160,2016-11-11,2016,11,November,11,4,Friday,4
6160,6161,2016-11-12,2016,11,November,12,4,Saturday,5
6161,6162,2016-11-13,2016,11,November,13,4,Sunday,6
6162,6163,2016-11-14,2016,11,November,14,4,Monday,0
6163,6164,2016-11-15,2016,11,November,15,4,Tuesday,1
6164,6165,2016-11-16,2016,11,November,16,4,Wednesday,2
6165,6166,2016-11-17,2016,11,November,17,4,Thursday,3
6166,6167,2016-11-18,2016,11,November,18,4,Friday,4
6167,6168,2016-11-19,2016,11,November,19,4,Saturday,5
6168,6169,2016-11-20,2016,11,November,20,4,Sunday,6
6169,6170,2016-11-21,2016,11,November,21,4,Monday,0
6170,6171,2016-11-22,2016,11,November,22,4,Tuesday,1
6171,6172,2016-11-23,2016,11,November,23,4,Wednesday,2
6172,6173,2016-11-24,2016,11,November,24,4,Thursday,3
6173,6174,2016-11-25,2016,11,November,25,4,Friday,4
6174,6175,2016-11-26,2016,11,November,26,4,Saturday,5
6175,6176,2016-11-27,2016,11,November,27,4,Sunday,6
6176,6177,2016-11-28,2016,11,November,28,4,Monday,0
6177,6178,2016-11-29,2016,11,November,29,4,Tuesday,1
6178,6179,2016-11-30,2016,11,November,30,4,Wednesday,2
6179,6180,2016-12-01,2016,12,December,1,4,Thursday,3
6180,6181,2016-12-02,2016,12,December,2,4,Friday,4
6181,6182,2016-12-03,2016,12,December,3,4,Saturday,5
6182,6183,2016-12-04,2016,12,December,4,4,Sunday,6
6183,6184,2016-12-05,2016,12,December,5,4,Monday,0
6184,6185,2016-12-06,2016,12,December,6,4,Tuesday,1
6185,6186,2016-12-07,2016,12,December,7,4,Wednesday,2
6186,6187,2016-12-08,2016,12,December,8,4,Thursday,3
6187,6188,2016-12-09,2016,12,December,9,4,Friday,4
6188,6189,2016-12-10,2016,12,December,10,4,Saturday,5
6189,6190,2016-12-11,2016,12,December,11,4,Sunday,6
6190,6191,2016-12-12,2016,12,December,12,4,Monday,0
6191,6192,2016-12-13,2016,12,December,13,4,Tuesday,1
6192,6193,2016-12-14,2016,12,December,14,4,Wednesday,2
6193,6194,2016-12-15,2016,12,December,15,4,Thursday,3
6194,6195,2016-12-16,2016,12,December,16,4,Friday,4
6195,6196,2016-12-17,2016,12,December,17,4,Saturday,5
6196,6197,2016-12-18,2016,12,December,18,4,Sunday,6
6197,6198,2016-12-19,2016,12,December,19,4,Monday,0
6198,6199,2016-12-20,2016,12,December,20,4,Tuesday,1
6199,6200,2016-12-21,2016,12,December,21,4,Wednesday,2
6200,6201,2016-12-22,2016,12,December,22,4,Thursday,3
6201,6202,2016-12-23,2016,12,December,23,4,Friday,4
6202,6203,2016-12-24,2016,12,December,24,4,Saturday,5
6203,6204,2016-12-25,2016,12,December,25,4,Sunday,6
6204,6205,2016-12-26,2016,12,December,26,4,Monday,0
6205,6206,2016-12-27,2016,12,December,27,4,Tuesday,1
6206,6207,2016-12-28,2016,12,December,28,4,Wednesday,2
6207,6208,2016-12-29,2016,12,December,29,4,Thursday,3
6208,6209,2016-12-30,2016,12,December,30,4,Friday,4
6209,6210,2016-12-31,2016,12,December,31,4,Saturday,5
6210,6211,2017-01-01,2017,1,January,1,1,Sunday,6
6211,6212,2017-01-02,2017,1,January,2,1,Monday,0
6212,6213,2017-01-03,2017,1,January,3,1,Tuesday,1
6213,6214,2017-01-04,2017,1,January,4,1,Wednesday,2
6214,6215,2017-01-05,2017,1,January,5,1,Thursday,3
6215,6216,2017-01-06,2017,1,January,6,1,Friday,4
6216,6217,2017-01-07,2017,1,January,7,1,Saturday,5
6217,6218,2017-01-08,2017,1,January,8,1,Sunday,6
6218,6219,2017-01-09,2017,1,January,9,1,Monday,0
6219,6220,2017-01-10,2017,1,January,10,1,Tuesday,1
6220,6221,2017-01-11,2017,1,January,11,1,Wednesday,2
6221,6222,2017-01-12,2017,1,January,12,1,Thursday,3
6222,6223,2017-01-13,2017,1,January,13,1,Friday,4
6223,6224,2017-01-14,2017,1,January,14,1,Saturday,5
6224,6225,2017-01-15,2017,1,January,15,1,Sunday,6
6225,6226,2017-01-16,2017,1,January,16,1,Monday,0
6226,6227,2017-01-17,2017,1,January,17,1,Tuesday,1
6227,6228,2017-01-18,2017,1,January,18,1,Wednesday,2
6228,6229,2017-01-19,2017,1,January,19,1,Thursday,3
6229,6230,2017-01-20,2017,1,January,20,1,Friday,4
6230,6231,2017-01-21,2017,1,January,21,1,Saturday,5
6231,6232,2017-01-22,2017,1,January,22,1,Sunday,6
6232,6233,2017-01-23,2017,1,January,23,1,Monday,0
6233,6234,2017-01-24,2017,1,January,24,1,Tuesday,1
6234,6235,2017-01-25,2017,1,January,25,1,Wednesday,2
6235,6236,2017-01-26,2017,1,January,26,1,Thursday,3
6236,6237,2017-01-27,2017,1,January,27,1,Friday,4
6237,6238,2017-01-28,2017,1,January,28,1,Saturday,5
6238,6239,2017-01-29,2017,1,January,29,1,Sunday,6
6239,6240,2017-01-30,2017,1,January,30,1,Monday,0
6240,6241,2017-01-31,2017,1,January,31,1,Tuesday,1
6241,6242,2017-02-01,2017,2,February,1,1,Wednesday,2
6242,6243,2017-02-02,2017,2,February,2,1,Thursday,3
6243,6244,2017-02-03,2017,2,February,3,1,Friday,4
6244,6245,2017-02-04,2017,2,February,4,1,Saturday,5
6245,6246,2017-02-05,2017,2,February,5,1,Sunday,6
6246,6247,2017-02-06,2017,2,February,6,1,Monday,0
6247,6248,2017-02-07,2017,2,February,7,1,Tuesday,1
6248,6249,2017-02-08,2017,2,February,8,1,Wednesday,2
6249,6250,2017-02-09,2017,2,February,9,1,Thursday,3
6250,6251,2017-02-10,2017,2,February,10,1,Friday,4
6251,6252,2017-02-11,2017,2,February,11,1,Saturday,5
6252,6253,2017-02-12,2017,2,February,12,1,Sunday,6
6253,6254,2017-02-13,2017,2,February,13,1,Monday,0
6254,6255,2017-02-14,2017,2,February,14,1,Tuesday,1
6255,6256,2017-02-15,2017,2,February,15,1,Wednesday,2
6256,6257,2017-02-16,2017,2,February,16,1,Thursday,3
6257,6258,2017-02-17,2017,2,February,17,1,Friday,4
6258,6259,2017-02-18,2017,2,February,18,1,Saturday,5
6259,6260,2017-02-19,2017,2,February,19,1,Sunday,6
6260,6261,2017-02-20,2017,2,February,20,1,Monday,0
6261,6262,2017-02-21,2017,2,February,21,1,Tuesday,1
6262,6263,2017-02-22,2017,2,February,22,1,Wednesday,2
6263,6264,2017-02-23,2017,2,February,23,1,Thursday,3
6264,6265,2017-02-24,2017,2,February,24,1,Friday,4
6265,6266,2017-02-25,2017,2,February,25,1,Saturday,5
6266,6267,2017-02-26,2017,2,February,26,1,Sunday,6
6267,6268,2017-02-27,2017,2,February,27,1,Monday,0
6268,6269,2017-02-28,2017,2,February,28,1,Tuesday,1
6269,6270,2017-03-01,2017,3,March,1,1,Wednesday,2
6270,6271,2017-03-02,2017,3,March,2,1,Thursday,3
6271,6272,2017-03-03,2017,3,March,3,1,Friday,4
6272,6273,2017-03-04,2017,3,March,4,1,Saturday,5
6273,6274,2017-03-05,2017,3,March,5,1,Sunday,6
6274,6275,2017-03-06,2017,3,March,6,1,Monday,0
6275,6276,2017-03-07,2017,3,March,7,1,Tuesday,1
6276,6277,2017-03-08,2017,3,March,8,1,Wednesday,2
6277,6278,2017-03-09,2017,3,March,9,1,Thursday,3
6278,6279,2017-03-10,2017,3,March,10,1,Friday,4
6279,6280,2017-03-11,2017,3,March,11,1,Saturday,5
6280,6281,2017-03-12,2017,3,March,12,1,Sunday,6
6281,6282,2017-03-13,2017,3,March,13,1,Monday,0
6282,6283,2017-03-14,2017,3,March,14,1,Tuesday,1
6283,6284,2017-03-15,2017,3,March,15,1,Wednesday,2
6284,6285,2017-03-16,2017,3,March,16,1,Thursday,3
6285,6286,2017-03-17,2017,3,March,17,1,Friday,4
6286,6287,2017-03-18,2017,3,March,18,1,Saturday,5
6287,6288,2017-03-19,2017,3,March,19,1,Sunday,6
6288,6289,2017-03-20,2017,3,March,20,1,Monday,0
6289,6290,2017-03-21,2017,3,March,21,1,Tuesday,1
6290,6291,2017-03-22,2017,3,March,22,1,Wednesday,2
6291,6292,2017-03-23,2017,3,March,23,1,Thursday,3
6292,6293,2017-03-24,2017,3,March,24,1,Friday,4
6293,6294,2017-03-25,2017,3,March,25,1,Saturday,5
6294,6295,2017-03-26,2017,3,March,26,1,Sunday,6
6295,6296,2017-03-27,2017,3,March,27,1,Monday,0
6296,6297,2017-03-28,2017,3,March,28,1,Tuesday,1
6297,6298,2017-03-29,2017,3,March,29,1,Wednesday,2
6298,6299,2017-03-30,2017,3,March,30,1,Thursday,3
6299,6300,2017-03-31,2017,3,March,31,1,Friday,4
6300,6301,2017-04-01,2017,4,April,1,2,Saturday,5
6301,6302,2017-04-02,2017,4,April,2,2,Sunday,6
6302,6303,2017-04-03,2017,4,April,3,2,Monday,0
6303,6304,2017-04-04,2017,4,April,4,2,Tuesday,1
6304,6305,2017-04-05,2017,4,April,5,2,Wednesday,2
6305,6306,2017-04-06,2017,4,April,6,2,Thursday,3
6306,6307,2017-04-07,2017,4,April,7,2,Friday,4
6307,6308,2017-04-08,2017,4,April,8,2,Saturday,5
6308,6309,2017-04-09,2017,4,April,9,2,Sunday,6
6309,6310,2017-04-10,2017,4,April,10,2,Monday,0
6310,6311,2017-04-11,2017,4,April,11,2,Tuesday,1
6311,6312,2017-04-12,2017,4,April,12,2,Wednesday,2
6312,6313,2017-04-13,2017,4,April,13,2,Thursday,3
6313,6314,2017-04-14,2017,4,April,14,2,Friday,4
6314,6315,2017-04-15,2017,4,April,15,2,Saturday,5
6315,6316,2017-04-16,2017,4,April,16,2,Sunday,6
6316,6317,2017-04-17,2017,4,April,17,2,Monday,0
6317,6318,2017-04-18,2017,4,April,18,2,Tuesday,1
6318,6319,2017-04-19,2017,4,April,19,2,Wednesday,2
6319,6320,2017-04-20,2017,4,April,20,2,Thursday,3
6320,6321,2017-04-21,2017,4,April,21,2,Friday,4
6321,6322,2017-04-22,2017,4,April,22,2,Saturday,5
6322,6323,2017-04-23,2017,4,April,23,2,Sunday,6
6323,6324,2017-04-24,2017,4,April,24,2,Monday,0
6324,6325,2017-04-25,2017,4,April,25,2,Tuesday,1
6325,6326,2017-04-26,2017,4,April,26,2,Wednesday,2
6326,6327,2017-04-27,2017,4,April,27,2,Thursday,3
6327,6328,2017-04-28,2017,4,April,28,2,Friday,4
6328,6329,2017-04-29,2017,4,April,29,2,Saturday,5
6329,6330,2017-04-30,2017,4,April,30,2,Sunday,6
6330,6331,2017-05-01,2017,5,May,1,2,Monday,0
6331,6332,2017-05-02,2017,5,May,2,2,Tuesday,1
6332,6333,2017-05-03,2017,5,May,3,2,Wednesday,2
6333,6334,2017-05-04,2017,5,May,4,2,Thursday,3
6334,6335,2017-05-05,2017,5,May,5,2,Friday,4
6335,6336,2017-05-06,2017,5,May,6,2,Saturday,5
6336,6337,2017-05-07,2017,5,May,7,2,Sunday,6
6337,6338,2017-05-08,2017,5,May,8,2,Monday,0
6338,6339,2017-05-09,2017,5,May,9,2,Tuesday,1
6339,6340,2017-05-10,2017,5,May,10,2,Wednesday,2
6340,6341,2017-05-11,2017,5,May,11,2,Thursday,3
6341,6342,2017-05-12,2017,5,May,12,2,Friday,4
6342,6343,2017-05-13,2017,5,May,13,2,Saturday,5
6343,6344,2017-05-14,2017,5,May,14,2,Sunday,6
6344,6345,2017-05-15,2017,5,May,15,2,Monday,0
6345,6346,2017-05-16,2017,5,May,16,2,Tuesday,1
6346,6347,2017-05-17,2017,5,May,17,2,Wednesday,2
6347,6348,2017-05-18,2017,5,May,18,2,Thursday,3
6348,6349,2017-05-19,2017,5,May,19,2,Friday,4
6349,6350,2017-05-20,2017,5,May,20,2,Saturday,5
6350,6351,2017-05-21,2017,5,May,21,2,Sunday,6
6351,6352,2017-05-22,2017,5,May,22,2,Monday,0
6352,6353,2017-05-23,2017,5,May,23,2,Tuesday,1
6353,6354,2017-05-24,2017,5,May,24,2,Wednesday,2
6354,6355,2017-05-25,2017,5,May,25,2,Thursday,3
6355,6356,2017-05-26,2017,5,May,26,2,Friday,4
6356,6357,2017-05-27,2017,5,May,27,2,Saturday,5
6357,6358,2017-05-28,2017,5,May,28,2,Sunday,6
6358,6359,2017-05-29,2017,5,May,29,2,Monday,0
6359,6360,2017-05-30,2017,5,May,30,2,Tuesday,1
6360,6361,2017-05-31,2017,5,May,31,2,Wednesday,2
6361,6362,2017-06-01,2017,6,June,1,2,Thursday,3
6362,6363,2017-06-02,2017,6,June,2,2,Friday,4
6363,6364,2017-06-03,2017,6,June,3,2,Saturday,5
6364,6365,2017-06-04,2017,6,June,4,2,Sunday,6
6365,6366,2017-06-05,2017,6,June,5,2,Monday,0
6366,6367,2017-06-06,2017,6,June,6,2,Tuesday,1
6367,6368,2017-06-07,2017,6,June,7,2,Wednesday,2
6368,6369,2017-06-08,2017,6,June,8,2,Thursday,3
6369,6370,2017-06-09,2017,6,June,9,2,Friday,4
6370,6371,2017-06-10,2017,6,June,10,2,Saturday,5
6371,6372,2017-06-11,2017,6,June,11,2,Sunday,6
6372,6373,2017-06-12,2017,6,June,12,2,Monday,0
6373,6374,2017-06-13,2017,6,June,13,2,Tuesday,1
6374,6375,2017-06-14,2017,6,June,14,2,Wednesday,2
6375,6376,2017-06-15,2017,6,June,15,2,Thursday,3
6376,6377,2017-06-16,2017,6,June,16,2,Friday,4
6377,6378,2017-06-17,2017,6,June,17,2,Saturday,5
6378,6379,2017-06-18,2017,6,June,18,2,Sunday,6
6379,6380,2017-06-19,2017,6,June,19,2,Monday,0
6380,6381,2017-06-20,2017,6,June,20,2,Tuesday,1
6381,6382,2017-06-21,2017,6,June,21,2,Wednesday,2
6382,6383,2017-06-22,2017,6,June,22,2,Thursday,3
6383,6384,2017-06-23,2017,6,June,23,2,Friday,4
6384,6385,2017-06-24,2017,6,June,24,2,Saturday,5
6385,6386,2017-06-25,2017,6,June,25,2,Sunday,6
6386,6387,2017-06-26,2017,6,June,26,2,Monday,0
6387,6388,2017-06-27,2017,6,June,27,2,Tuesday,1
6388,6389,2017-06-28,2017,6,June,28,2,Wednesday,2
6389,6390,2017-06-29,2017,6,June,29,2,Thursday,3
6390,6391,2017-06-30,2017,6,June,30,2,Friday,4
6391,6392,2017-07-01,2017,7,July,1,3,Saturday,5
6392,6393,2017-07-02,2017,7,July,2,3,Sunday,6
6393,6394,2017-07-03,2017,7,July,3,3,Monday,0
6394,6395,2017-07-04,2017,7,July,4,3,Tuesday,1
6395,6396,2017-07-05,2017,7,July,5,3,Wednesday,2
6396,6397,2017-07-06,2017,7,July,6,3,Thursday,3
6397,6398,2017-07-07,2017,7,July,7,3,Friday,4
6398,6399,2017-07-08,2017,7,July,8,3,Saturday,5
6399,6400,2017-07-09,2017,7,July,9,3,Sunday,6
6400,6401,2017-07-10,2017,7,July,10,3,Monday,0
6401,6402,2017-07-11,2017,7,July,11,3,Tuesday,1
6402,6403,2017-07-12,2017,7,July,12,3,Wednesday,2
6403,6404,2017-07-13,2017,7,July,13,3,Thursday,3
6404,6405,2017-07-14,2017,7,July,14,3,Friday,4
6405,6406,2017-07-15,2017,7,July,15,3,Saturday,5
6406,6407,2017-07-16,2017,7,July,16,3,Sunday,6
6407,6408,2017-07-17,2017,7,July,17,3,Monday,0
6408,6409,2017-07-18,2017,7,July,18,3,Tuesday,1
6409,6410,2017-07-19,2017,7,July,19,3,Wednesday,2
6410,6411,2017-07-20,2017,7,July,20,3,Thursday,3
6411,6412,2017-07-21,2017,7,July,21,3,Friday,4
6412,6413,2017-07-22,2017,7,July,22,3,Saturday,5
6413,6414,2017-07-23,2017,7,July,23,3,Sunday,6
6414,6415,2017-07-24,2017,7,July,24,3,Monday,0
6415,6416,2017-07-25,2017,7,July,25,3,Tuesday,1
6416,6417,2017-07-26,2017,7,July,26,3,Wednesday,2
6417,6418,2017-07-27,2017,7,July,27,3,Thursday,3
6418,6419,2017-07-28,2017,7,July,28,3,Friday,4
6419,6420,2017-07-29,2017,7,July,29,3,Saturday,5
6420,6421,2017-07-30,2017,7,July,30,3,Sunday,6
6421,6422,2017-07-31,2017,7,July,31,3,Monday,0
6422,6423,2017-08-01,2017,8,August,1,3,Tuesday,1
6423,6424,2017-08-02,2017,8,August,2,3,Wednesday,2
6424,6425,2017-08-03,2017,8,August,3,3,Thursday,3
6425,6426,2017-08-04,2017,8,August,4,3,Friday,4
6426,6427,2017-08-05,2017,8,August,5,3,Saturday,5
6427,6428,2017-08-06,2017,8,August,6,3,Sunday,6
6428,6429,2017-08-07,2017,8,August,7,3,Monday,0
6429,6430,2017-08-08,2017,8,August,8,3,Tuesday,1
6430,6431,2017-08-09,2017,8,August,9,3,Wednesday,2
6431,6432,2017-08-10,2017,8,August,10,3,Thursday,3
6432,6433,2017-08-11,2017,8,August,11,3,Friday,4
6433,6434,2017-08-12,2017,8,August,12,3,Saturday,5
6434,6435,2017-08-13,2017,8,August,13,3,Sunday,6
6435,6436,2017-08-14,2017,8,August,14,3,Monday,0
6436,6437,2017-08-15,2017,8,August,15,3,Tuesday,1
6437,6438,2017-08-16,2017,8,August,16,3,Wednesday,2
6438,6439,2017-08-17,2017,8,August,17,3,Thursday,3
6439,6440,2017-08-18,2017,8,August,18,3,Friday,4
6440,6441,2017-08-19,2017,8,August,19,3,Saturday,5
6441,6442,2017-08-20,2017,8,August,20,3,Sunday,6
6442,6443,2017-08-21,2017,8,August,21,3,Monday,0
6443,6444,2017-08-22,2017,8,August,22,3,Tuesday,1
6444,6445,2017-08-23,2017,8,August,23,3,Wednesday,2
6445,6446,2017-08-24,2017,8,August,24,3,Thursday,3
6446,6447,2017-08-25,2017,8,August,25,3,Friday,4
6447,6448,2017-08-26,2017,8,August,26,3,Saturday,5
6448,6449,2017-08-27,2017,8,August,27,3,Sunday,6
6449,6450,2017-08-28,2017,8,August,28,3,Monday,0
6450,6451,2017-08-29,2017,8,August,29,3,Tuesday,1
6451,6452,2017-08-30,2017,8,August,30,3,Wednesday,2
6452,6453,2017-08-31,2017,8,August,31,3,Thursday,3
6453,6454,2017-09-01,2017,9,September,1,3,Friday,4
6454,6455,2017-09-02,2017,9,September,2,3,Saturday,5
6455,6456,2017-09-03,2017,9,September,3,3,Sunday,6
6456,6457,2017-09-04,2017,9,September,4,3,Monday,0
6457,6458,2017-09-05,2017,9,September,5,3,Tuesday,1
6458,6459,2017-09-06,2017,9,September,6,3,Wednesday,2
6459,6460,2017-09-07,2017,9,September,7,3,Thursday,3
6460,6461,2017-09-08,2017,9,September,8,3,Friday,4
6461,6462,2017-09-09,2017,9,September,9,3,Saturday,5
6462,6463,2017-09-10,2017,9,September,10,3,Sunday,6
6463,6464,2017-09-11,2017,9,September,11,3,Monday,0
6464,6465,2017-09-12,2017,9,September,12,3,Tuesday,1
6465,6466,2017-09-13,2017,9,September,13,3,Wednesday,2
6466,6467,2017-09-14,2017,9,September,14,3,Thursday,3
6467,6468,2017-09-15,2017,9,September,15,3,Friday,4
6468,6469,2017-09-16,2017,9,September,16,3,Saturday,5
6469,6470,2017-09-17,2017,9,September,17,3,Sunday,6
6470,6471,2017-09-18,2017,9,September,18,3,Monday,0
6471,6472,2017-09-19,2017,9,September,19,3,Tuesday,1
6472,6473,2017-09-20,2017,9,September,20,3,Wednesday,2
6473,6474,2017-09-21,2017,9,September,21,3,Thursday,3
6474,6475,2017-09-22,2017,9,September,22,3,Friday,4
6475,6476,2017-09-23,2017,9,September,23,3,Saturday,5
6476,6477,2017-09-24,2017,9,September,24,3,Sunday,6
6477,6478,2017-09-25,2017,9,September,25,3,Monday,0
6478,6479,2017-09-26,2017,9,September,26,3,Tuesday,1
6479,6480,2017-09-27,2017,9,September,27,3,Wednesday,2
6480,6481,2017-09-28,2017,9,September,28,3,Thursday,3
6481,6482,2017-09-29,2017,9,September,29,3,Friday,4
6482,6483,2017-09-30,2017,9,September,30,3,Saturday,5
6483,6484,2017-10-01,2017,10,October,1,4,Sunday,6
6484,6485,2017-10-02,2017,10,October,2,4,Monday,0
6485,6486,2017-10-03,2017,10,October,3,4,Tuesday,1
6486,6487,2017-10-04,2017,10,October,4,4,Wednesday,2
6487,6488,2017-10-05,2017,10,October,5,4,Thursday,3
6488,6489,2017-10-06,2017,10,October,6,4,Friday,4
6489,6490,2017-10-07,2017,10,October,7,4,Saturday,5
6490,6491,2017-10-08,2017,10,October,8,4,Sunday,6
6491,6492,2017-10-09,2017,10,October,9,4,Monday,0
6492,6493,2017-10-10,2017,10,October,10,4,Tuesday,1
6493,6494,2017-10-11,2017,10,October,11,4,Wednesday,2
6494,6495,2017-10-12,2017,10,October,12,4,Thursday,3
6495,6496,2017-10-13,2017,10,October,13,4,Friday,4
6496,6497,2017-10-14,2017,10,October,14,4,Saturday,5
6497,6498,2017-10-15,2017,10,October,15,4,Sunday,6
6498,6499,2017-10-16,2017,10,October,16,4,Monday,0
6499,6500,2017-10-17,2017,10,October,17,4,Tuesday,1
6500,6501,2017-10-18,2017,10,October,18,4,Wednesday,2
6501,6502,2017-10-19,2017,10,October,19,4,Thursday,3
6502,6503,2017-10-20,2017,10,October,20,4,Friday,4
6503,6504,2017-10-21,2017,10,October,21,4,Saturday,5
6504,6505,2017-10-22,2017,10,October,22,4,Sunday,6
6505,6506,2017-10-23,2017,10,October,23,4,Monday,0
6506,6507,2017-10-24,2017,10,October,24,4,Tuesday,1
6507,6508,2017-10-25,2017,10,October,25,4,Wednesday,2
6508,6509,2017-10-26,2017,10,October,26,4,Thursday,3
6509,6510,2017-10-27,2017,10,October,27,4,Friday,4
6510,6511,2017-10-28,2017,10,October,28,4,Saturday,5
6511,6512,2017-10-29,2017,10,October,29,4,Sunday,6
6512,6513,2017-10-30,2017,10,October,30,4,Monday,0
6513,6514,2017-10-31,2017,10,October,31,4,Tuesday,1
6514,6515,2017-11-01,2017,11,November,1,4,Wednesday,2
6515,6516,2017-11-02,2017,11,November,2,4,Thursday,3
6516,6517,2017-11-03,2017,11,November,3,4,Friday,4
6517,6518,2017-11-04,2017,11,November,4,4,Saturday,5
6518,6519,2017-11-05,2017,11,November,5,4,Sunday,6
6519,6520,2017-11-06,2017,11,November,6,4,Monday,0
6520,6521,2017-11-07,2017,11,November,7,4,Tuesday,1
6521,6522,2017-11-08,2017,11,November,8,4,Wednesday,2
6522,6523,2017-11-09,2017,11,November,9,4,Thursday,3
6523,6524,2017-11-10,2017,11,November,10,4,Friday,4
6524,6525,2017-11-11,2017,11,November,11,4,Saturday,5
6525,6526,2017-11-12,2017,11,November,12,4,Sunday,6
6526,6527,2017-11-13,2017,11,November,13,4,Monday,0
6527,6528,2017-11-14,2017,11,November,14,4,Tuesday,1
6528,6529,2017-11-15,2017,11,November,15,4,Wednesday,2
6529,6530,2017-11-16,2017,11,November,16,4,Thursday,3
6530,6531,2017-11-17,2017,11,November,17,4,Friday,4
6531,6532,2017-11-18,2017,11,November,18,4,Saturday,5
6532,6533,2017-11-19,2017,11,November,19,4,Sunday,6
6533,6534,2017-11-20,2017,11,November,20,4,Monday,0
6534,6535,2017-11-21,2017,11,November,21,4,Tuesday,1
6535,6536,2017-11-22,2017,11,November,22,4,Wednesday,2
6536,6537,2017-11-23,2017,11,November,23,4,Thursday,3
6537,6538,2017-11-24,2017,11,November,24,4,Friday,4
6538,6539,2017-11-25,2017,11,November,25,4,Saturday,5
6539,6540,2017-11-26,2017,11,November,26,4,Sunday,6
6540,6541,2017-11-27,2017,11,November,27,4,Monday,0
6541,6542,2017-11-28,2017,11,November,28,4,Tuesday,1
6542,6543,2017-11-29,2017,11,November,29,4,Wednesday,2
6543,6544,2017-11-30,2017,11,November,30,4,Thursday,3
6544,6545,2017-12-01,2017,12,December,1,4,Friday,4
6545,6546,2017-12-02,2017,12,December,2,4,Saturday,5
6546,6547,2017-12-03,2017,12,December,3,4,Sunday,6
6547,6548,2017-12-04,2017,12,December,4,4,Monday,0
6548,6549,2017-12-05,2017,12,December,5,4,Tuesday,1
6549,6550,2017-12-06,2017,12,December,6,4,Wednesday,2
6550,6551,2017-12-07,2017,12,December,7,4,Thursday,3
6551,6552,2017-12-08,2017,12,December,8,4,Friday,4
6552,6553,2017-12-09,2017,12,December,9,4,Saturday,5
6553,6554,2017-12-10,2017,12,December,10,4,Sunday,6
6554,6555,2017-12-11,2017,12,December,11,4,Monday,0
6555,6556,2017-12-12,2017,12,December,12,4,Tuesday,1
6556,6557,2017-12-13,2017,12,December,13,4,Wednesday,2
6557,6558,2017-12-14,2017,12,December,14,4,Thursday,3
6558,6559,2017-12-15,2017,12,December,15,4,Friday,4
6559,6560,2017-12-16,2017,12,December,16,4,Saturday,5
6560,6561,2017-12-17,2017,12,December,17,4,Sunday,6
6561,6562,2017-12-18,2017,12,December,18,4,Monday,0
6562,6563,2017-12-19,2017,12,December,19,4,Tuesday,1
6563,6564,2017-12-20,2017,12,December,20,4,Wednesday,2
6564,6565,2017-12-21,2017,12,December,21,4,Thursday,3
6565,6566,2017-12-22,2017,12,December,22,4,Friday,4
6566,6567,2017-12-23,2017,12,December,23,4,Saturday,5
6567,6568,2017-12-24,2017,12,December,24,4,Sunday,6
6568,6569,2017-12-25,2017,12,December,25,4,Monday,0
6569,6570,2017-12-26,2017,12,December,26,4,Tuesday,1
6570,6571,2017-12-27,2017,12,December,27,4,Wednesday,2
6571,6572,2017-12-28,2017,12,December,28,4,Thursday,3
6572,6573,2017-12-29,2017,12,December,29,4,Friday,4
6573,6574,2017-12-30,2017,12,December,30,4,Saturday,5
6574,6575,2017-12-31,2017,12,December,31,4,Sunday,6
6575,6576,2018-01-01,2018,1,January,1,1,Monday,0
6576,6577,2018-01-02,2018,1,January,2,1,Tuesday,1
6577,6578,2018-01-03,2018,1,January,3,1,Wednesday,2
6578,6579,2018-01-04,2018,1,January,4,1,Thursday,3
6579,6580,2018-01-05,2018,1,January,5,1,Friday,4
6580,6581,2018-01-06,2018,1,January,6,1,Saturday,5
6581,6582,2018-01-07,2018,1,January,7,1,Sunday,6
6582,6583,2018-01-08,2018,1,January,8,1,Monday,0
6583,6584,2018-01-09,2018,1,January,9,1,Tuesday,1
6584,6585,2018-01-10,2018,1,January,10,1,Wednesday,2
6585,6586,2018-01-11,2018,1,January,11,1,Thursday,3
6586,6587,2018-01-12,2018,1,January,12,1,Friday,4
6587,6588,2018-01-13,2018,1,January,13,1,Saturday,5
6588,6589,2018-01-14,2018,1,January,14,1,Sunday,6
6589,6590,2018-01-15,2018,1,January,15,1,Monday,0
6590,6591,2018-01-16,2018,1,January,16,1,Tuesday,1
6591,6592,2018-01-17,2018,1,January,17,1,Wednesday,2
6592,6593,2018-01-18,2018,1,January,18,1,Thursday,3
6593,6594,2018-01-19,2018,1,January,19,1,Friday,4
6594,6595,2018-01-20,2018,1,January,20,1,Saturday,5
6595,6596,2018-01-21,2018,1,January,21,1,Sunday,6
6596,6597,2018-01-22,2018,1,January,22,1,Monday,0
6597,6598,2018-01-23,2018,1,January,23,1,Tuesday,1
6598,6599,2018-01-24,2018,1,January,24,1,Wednesday,2
6599,6600,2018-01-25,2018,1,January,25,1,Thursday,3
6600,6601,2018-01-26,2018,1,January,26,1,Friday,4
6601,6602,2018-01-27,2018,1,January,27,1,Saturday,5
6602,6603,2018-01-28,2018,1,January,28,1,Sunday,6
6603,6604,2018-01-29,2018,1,January,29,1,Monday,0
6604,6605,2018-01-30,2018,1,January,30,1,Tuesday,1
6605,6606,2018-01-31,2018,1,January,31,1,Wednesday,2
6606,6607,2018-02-01,2018,2,February,1,1,Thursday,3
6607,6608,2018-02-02,2018,2,February,2,1,Friday,4
6608,6609,2018-02-03,2018,2,February,3,1,Saturday,5
6609,6610,2018-02-04,2018,2,February,4,1,Sunday,6
6610,6611,2018-02-05,2018,2,February,5,1,Monday,0
6611,6612,2018-02-06,2018,2,February,6,1,Tuesday,1
6612,6613,2018-02-07,2018,2,February,7,1,Wednesday,2
6613,6614,2018-02-08,2018,2,February,8,1,Thursday,3
6614,6615,2018-02-09,2018,2,February,9,1,Friday,4
6615,6616,2018-02-10,2018,2,February,10,1,Saturday,5
6616,6617,2018-02-11,2018,2,February,11,1,Sunday,6
6617,6618,2018-02-12,2018,2,February,12,1,Monday,0
6618,6619,2018-02-13,2018,2,February,13,1,Tuesday,1
6619,6620,2018-02-14,2018,2,February,14,1,Wednesday,2
6620,6621,2018-02-15,2018,2,February,15,1,Thursday,3
6621,6622,2018-02-16,2018,2,February,16,1,Friday,4
6622,6623,2018-02-17,2018,2,February,17,1,Saturday,5
6623,6624,2018-02-18,2018,2,February,18,1,Sunday,6
6624,6625,2018-02-19,2018,2,February,19,1,Monday,0
6625,6626,2018-02-20,2018,2,February,20,1,Tuesday,1
6626,6627,2018-02-21,2018,2,February,21,1,Wednesday,2
6627,6628,2018-02-22,2018,2,February,22,1,Thursday,3
6628,6629,2018-02-23,2018,2,February,23,1,Friday,4
6629,6630,2018-02-24,2018,2,February,24,1,Saturday,5
6630,6631,2018-02-25,2018,2,February,25,1,Sunday,6
6631,6632,2018-02-26,2018,2,February,26,1,Monday,0
6632,6633,2018-02-27,2018,2,February,27,1,Tuesday,1
6633,6634,2018-02-28,2018,2,February,28,1,Wednesday,2
6634,6635,2018-03-01,2018,3,March,1,1,Thursday,3
6635,6636,2018-03-02,2018,3,March,2,1,Friday,4
6636,6637,2018-03-03,2018,3,March,3,1,Saturday,5
6637,6638,2018-03-04,2018,3,March,4,1,Sunday,6
6638,6639,2018-03-05,2018,3,March,5,1,Monday,0
6639,6640,2018-03-06,2018,3,March,6,1,Tuesday,1
6640,6641,2018-03-07,2018,3,March,7,1,Wednesday,2
6641,6642,2018-03-08,2018,3,March,8,1,Thursday,3
6642,6643,2018-03-09,2018,3,March,9,1,Friday,4
6643,6644,2018-03-10,2018,3,March,10,1,Saturday,5
6644,6645,2018-03-11,2018,3,March,11,1,Sunday,6
6645,6646,2018-03-12,2018,3,March,12,1,Monday,0
6646,6647,2018-03-13,2018,3,March,13,1,Tuesday,1
6647,6648,2018-03-14,2018,3,March,14,1,Wednesday,2
6648,6649,2018-03-15,2018,3,March,15,1,Thursday,3
6649,6650,2018-03-16,2018,3,March,16,1,Friday,4
6650,6651,2018-03-17,2018,3,March,17,1,Saturday,5
6651,6652,2018-03-18,2018,3,March,18,1,Sunday,6
6652,6653,2018-03-19,2018,3,March,19,1,Monday,0
6653,6654,2018-03-20,2018,3,March,20,1,Tuesday,1
6654,6655,2018-03-21,2018,3,March,21,1,Wednesday,2
6655,6656,2018-03-22,2018,3,March,22,1,Thursday,3
6656,6657,2018-03-23,2018,3,March,23,1,Friday,4
6657,6658,2018-03-24,2018,3,March,24,1,Saturday,5
6658,6659,2018-03-25,2018,3,March,25,1,Sunday,6
6659,6660,2018-03-26,2018,3,March,26,1,Monday,0
6660,6661,2018-03-27,2018,3,March,27,1,Tuesday,1
6661,6662,2018-03-28,2018,3,March,28,1,Wednesday,2
6662,6663,2018-03-29,2018,3,March,29,1,Thursday,3
6663,6664,2018-03-30,2018,3,March,30,1,Friday,4
6664,6665,2018-03-31,2018,3,March,31,1,Saturday,5
6665,6666,2018-04-01,2018,4,April,1,2,Sunday,6
6666,6667,2018-04-02,2018,4,April,2,2,Monday,0
6667,6668,2018-04-03,2018,4,April,3,2,Tuesday,1
6668,6669,2018-04-04,2018,4,April,4,2,Wednesday,2
6669,6670,2018-04-05,2018,4,April,5,2,Thursday,3
6670,6671,2018-04-06,2018,4,April,6,2,Friday,4
6671,6672,2018-04-07,2018,4,April,7,2,Saturday,5
6672,6673,2018-04-08,2018,4,April,8,2,Sunday,6
6673,6674,2018-04-09,2018,4,April,9,2,Monday,0
6674,6675,2018-04-10,2018,4,April,10,2,Tuesday,1
6675,6676,2018-04-11,2018,4,April,11,2,Wednesday,2
6676,6677,2018-04-12,2018,4,April,12,2,Thursday,3
6677,6678,2018-04-13,2018,4,April,13,2,Friday,4
6678,6679,2018-04-14,2018,4,April,14,2,Saturday,5
6679,6680,2018-04-15,2018,4,April,15,2,Sunday,6
6680,6681,2018-04-16,2018,4,April,16,2,Monday,0
6681,6682,2018-04-17,2018,4,April,17,2,Tuesday,1
6682,6683,2018-04-18,2018,4,April,18,2,Wednesday,2
6683,6684,2018-04-19,2018,4,April,19,2,Thursday,3
6684,6685,2018-04-20,2018,4,April,20,2,Friday,4
6685,6686,2018-04-21,2018,4,April,21,2,Saturday,5
6686,6687,2018-04-22,2018,4,April,22,2,Sunday,6
6687,6688,2018-04-23,2018,4,April,23,2,Monday,0
6688,6689,2018-04-24,2018,4,April,24,2,Tuesday,1
6689,6690,2018-04-25,2018,4,April,25,2,Wednesday,2
6690,6691,2018-04-26,2018,4,April,26,2,Thursday,3
6691,6692,2018-04-27,2018,4,April,27,2,Friday,4
6692,6693,2018-04-28,2018,4,April,28,2,Saturday,5
6693,6694,2018-04-29,2018,4,April,29,2,Sunday,6
6694,6695,2018-04-30,2018,4,April,30,2,Monday,0
6695,6696,2018-05-01,2018,5,May,1,2,Tuesday,1
6696,6697,2018-05-02,2018,5,May,2,2,Wednesday,2
6697,6698,2018-05-03,2018,5,May,3,2,Thursday,3
6698,6699,2018-05-04,2018,5,May,4,2,Friday,4
6699,6700,2018-05-05,2018,5,May,5,2,Saturday,5
6700,6701,2018-05-06,2018,5,May,6,2,Sunday,6
6701,6702,2018-05-07,2018,5,May,7,2,Monday,0
6702,6703,2018-05-08,2018,5,May,8,2,Tuesday,1
6703,6704,2018-05-09,2018,5,May,9,2,Wednesday,2
6704,6705,2018-05-10,2018,5,May,10,2,Thursday,3
6705,6706,2018-05-11,2018,5,May,11,2,Friday,4
6706,6707,2018-05-12,2018,5,May,12,2,Saturday,5
6707,6708,2018-05-13,2018,5,May,13,2,Sunday,6
6708,6709,2018-05-14,2018,5,May,14,2,Monday,0
6709,6710,2018-05-15,2018,5,May,15,2,Tuesday,1
6710,6711,2018-05-16,2018,5,May,16,2,Wednesday,2
6711,6712,2018-05-17,2018,5,May,17,2,Thursday,3
6712,6713,2018-05-18,2018,5,May,18,2,Friday,4
6713,6714,2018-05-19,2018,5,May,19,2,Saturday,5
6714,6715,2018-05-20,2018,5,May,20,2,Sunday,6
6715,6716,2018-05-21,2018,5,May,21,2,Monday,0
6716,6717,2018-05-22,2018,5,May,22,2,Tuesday,1
6717,6718,2018-05-23,2018,5,May,23,2,Wednesday,2
6718,6719,2018-05-24,2018,5,May,24,2,Thursday,3
6719,6720,2018-05-25,2018,5,May,25,2,Friday,4
6720,6721,2018-05-26,2018,5,May,26,2,Saturday,5
6721,6722,2018-05-27,2018,5,May,27,2,Sunday,6
6722,6723,2018-05-28,2018,5,May,28,2,Monday,0
6723,6724,2018-05-29,2018,5,May,29,2,Tuesday,1
6724,6725,2018-05-30,2018,5,May,30,2,Wednesday,2
6725,6726,2018-05-31,2018,5,May,31,2,Thursday,3
6726,6727,2018-06-01,2018,6,June,1,2,Friday,4
6727,6728,2018-06-02,2018,6,June,2,2,Saturday,5
6728,6729,2018-06-03,2018,6,June,3,2,Sunday,6
6729,6730,2018-06-04,2018,6,June,4,2,Monday,0
6730,6731,2018-06-05,2018,6,June,5,2,Tuesday,1
6731,6732,2018-06-06,2018,6,June,6,2,Wednesday,2
6732,6733,2018-06-07,2018,6,June,7,2,Thursday,3
6733,6734,2018-06-08,2018,6,June,8,2,Friday,4
6734,6735,2018-06-09,2018,6,June,9,2,Saturday,5
6735,6736,2018-06-10,2018,6,June,10,2,Sunday,6
6736,6737,2018-06-11,2018,6,June,11,2,Monday,0
6737,6738,2018-06-12,2018,6,June,12,2,Tuesday,1
6738,6739,2018-06-13,2018,6,June,13,2,Wednesday,2
6739,6740,2018-06-14,2018,6,June,14,2,Thursday,3
6740,6741,2018-06-15,2018,6,June,15,2,Friday,4
6741,6742,2018-06-16,2018,6,June,16,2,Saturday,5
6742,6743,2018-06-17,2018,6,June,17,2,Sunday,6
6743,6744,2018-06-18,2018,6,June,18,2,Monday,0
6744,6745,2018-06-19,2018,6,June,19,2,Tuesday,1
6745,6746,2018-06-20,2018,6,June,20,2,Wednesday,2
6746,6747,2018-06-21,2018,6,June,21,2,Thursday,3
6747,6748,2018-06-22,2018,6,June,22,2,Friday,4
6748,6749,2018-06-23,2018,6,June,23,2,Saturday,5
6749,6750,2018-06-24,2018,6,June,24,2,Sunday,6
6750,6751,2018-06-25,2018,6,June,25,2,Monday,0
6751,6752,2018-06-26,2018,6,June,26,2,Tuesday,1
6752,6753,2018-06-27,2018,6,June,27,2,Wednesday,2
6753,6754,2018-06-28,2018,6,June,28,2,Thursday,3
6754,6755,2018-06-29,2018,6,June,29,2,Friday,4
6755,6756,2018-06-30,2018,6,June,30,2,Saturday,5
6756,6757,2018-07-01,2018,7,July,1,3,Sunday,6
6757,6758,2018-07-02,2018,7,July,2,3,Monday,0
6758,6759,2018-07-03,2018,7,July,3,3,Tuesday,1
6759,6760,2018-07-04,2018,7,July,4,3,Wednesday,2
6760,6761,2018-07-05,2018,7,July,5,3,Thursday,3
6761,6762,2018-07-06,2018,7,July,6,3,Friday,4
6762,6763,2018-07-07,2018,7,July,7,3,Saturday,5
6763,6764,2018-07-08,2018,7,July,8,3,Sunday,6
6764,6765,2018-07-09,2018,7,July,9,3,Monday,0
6765,6766,2018-07-10,2018,7,July,10,3,Tuesday,1
6766,6767,2018-07-11,2018,7,July,11,3,Wednesday,2
6767,6768,2018-07-12,2018,7,July,12,3,Thursday,3
6768,6769,2018-07-13,2018,7,July,13,3,Friday,4
6769,6770,2018-07-14,2018,7,July,14,3,Saturday,5
6770,6771,2018-07-15,2018,7,July,15,3,Sunday,6
6771,6772,2018-07-16,2018,7,July,16,3,Monday,0
6772,6773,2018-07-17,2018,7,July,17,3,Tuesday,1
6773,6774,2018-07-18,2018,7,July,18,3,Wednesday,2
6774,6775,2018-07-19,2018,7,July,19,3,Thursday,3
6775,6776,2018-07-20,2018,7,July,20,3,Friday,4
6776,6777,2018-07-21,2018,7,July,21,3,Saturday,5
6777,6778,2018-07-22,2018,7,July,22,3,Sunday,6
6778,6779,2018-07-23,2018,7,July,23,3,Monday,0
6779,6780,2018-07-24,2018,7,July,24,3,Tuesday,1
6780,6781,2018-07-25,2018,7,July,25,3,Wednesday,2
6781,6782,2018-07-26,2018,7,July,26,3,Thursday,3
6782,6783,2018-07-27,2018,7,July,27,3,Friday,4
6783,6784,2018-07-28,2018,7,July,28,3,Saturday,5
6784,6785,2018-07-29,2018,7,July,29,3,Sunday,6
6785,6786,2018-07-30,2018,7,July,30,3,Monday,0
6786,6787,2018-07-31,2018,7,July,31,3,Tuesday,1
6787,6788,2018-08-01,2018,8,August,1,3,Wednesday,2
6788,6789,2018-08-02,2018,8,August,2,3,Thursday,3
6789,6790,2018-08-03,2018,8,August,3,3,Friday,4
6790,6791,2018-08-04,2018,8,August,4,3,Saturday,5
6791,6792,2018-08-05,2018,8,August,5,3,Sunday,6
6792,6793,2018-08-06,2018,8,August,6,3,Monday,0
6793,6794,2018-08-07,2018,8,August,7,3,Tuesday,1
6794,6795,2018-08-08,2018,8,August,8,3,Wednesday,2
6795,6796,2018-08-09,2018,8,August,9,3,Thursday,3
6796,6797,2018-08-10,2018,8,August,10,3,Friday,4
6797,6798,2018-08-11,2018,8,August,11,3,Saturday,5
6798,6799,2018-08-12,2018,8,August,12,3,Sunday,6
6799,6800,2018-08-13,2018,8,August,13,3,Monday,0
6800,6801,2018-08-14,2018,8,August,14,3,Tuesday,1
6801,6802,2018-08-15,2018,8,August,15,3,Wednesday,2
6802,6803,2018-08-16,2018,8,August,16,3,Thursday,3
6803,6804,2018-08-17,2018,8,August,17,3,Friday,4
6804,6805,2018-08-18,2018,8,August,18,3,Saturday,5
6805,6806,2018-08-19,2018,8,August,19,3,Sunday,6
6806,6807,2018-08-20,2018,8,August,20,3,Monday,0
6807,6808,2018-08-21,2018,8,August,21,3,Tuesday,1
6808,6809,2018-08-22,2018,8,August,22,3,Wednesday,2
6809,6810,2018-08-23,2018,8,August,23,3,Thursday,3
6810,6811,2018-08-24,2018,8,August,24,3,Friday,4
6811,6812,2018-08-25,2018,8,August,25,3,Saturday,5
6812,6813,2018-08-26,2018,8,August,26,3,Sunday,6
6813,6814,2018-08-27,2018,8,August,27,3,Monday,0
6814,6815,2018-08-28,2018,8,August,28,3,Tuesday,1
6815,6816,2018-08-29,2018,8,August,29,3,Wednesday,2
6816,6817,2018-08-30,2018,8,August,30,3,Thursday,3
6817,6818,2018-08-31,2018,8,August,31,3,Friday,4
6818,6819,2018-09-01,2018,9,September,1,3,Saturday,5
6819,6820,2018-09-02,2018,9,September,2,3,Sunday,6
6820,6821,2018-09-03,2018,9,September,3,3,Monday,0
6821,6822,2018-09-04,2018,9,September,4,3,Tuesday,1
6822,6823,2018-09-05,2018,9,September,5,3,Wednesday,2
6823,6824,2018-09-06,2018,9,September,6,3,Thursday,3
6824,6825,2018-09-07,2018,9,September,7,3,Friday,4
6825,6826,2018-09-08,2018,9,September,8,3,Saturday,5
6826,6827,2018-09-09,2018,9,September,9,3,Sunday,6
6827,6828,2018-09-10,2018,9,September,10,3,Monday,0
6828,6829,2018-09-11,2018,9,September,11,3,Tuesday,1
6829,6830,2018-09-12,2018,9,September,12,3,Wednesday,2
6830,6831,2018-09-13,2018,9,September,13,3,Thursday,3
6831,6832,2018-09-14,2018,9,September,14,3,Friday,4
6832,6833,2018-09-15,2018,9,September,15,3,Saturday,5
6833,6834,2018-09-16,2018,9,September,16,3,Sunday,6
6834,6835,2018-09-17,2018,9,September,17,3,Monday,0
6835,6836,2018-09-18,2018,9,September,18,3,Tuesday,1
6836,6837,2018-09-19,2018,9,September,19,3,Wednesday,2
6837,6838,2018-09-20,2018,9,September,20,3,Thursday,3
6838,6839,2018-09-21,2018,9,September,21,3,Friday,4
6839,6840,2018-09-22,2018,9,September,22,3,Saturday,5
6840,6841,2018-09-23,2018,9,September,23,3,Sunday,6
6841,6842,2018-09-24,2018,9,September,24,3,Monday,0
6842,6843,2018-09-25,2018,9,September,25,3,Tuesday,1
6843,6844,2018-09-26,2018,9,September,26,3,Wednesday,2
6844,6845,2018-09-27,2018,9,September,27,3,Thursday,3
6845,6846,2018-09-28,2018,9,September,28,3,Friday,4
6846,6847,2018-09-29,2018,9,September,29,3,Saturday,5
6847,6848,2018-09-30,2018,9,September,30,3,Sunday,6
6848,6849,2018-10-01,2018,10,October,1,4,Monday,0
6849,6850,2018-10-02,2018,10,October,2,4,Tuesday,1
6850,6851,2018-10-03,2018,10,October,3,4,Wednesday,2
6851,6852,2018-10-04,2018,10,October,4,4,Thursday,3
6852,6853,2018-10-05,2018,10,October,5,4,Friday,4
6853,6854,2018-10-06,2018,10,October,6,4,Saturday,5
6854,6855,2018-10-07,2018,10,October,7,4,Sunday,6
6855,6856,2018-10-08,2018,10,October,8,4,Monday,0
6856,6857,2018-10-09,2018,10,October,9,4,Tuesday,1
6857,6858,2018-10-10,2018,10,October,10,4,Wednesday,2
6858,6859,2018-10-11,2018,10,October,11,4,Thursday,3
6859,6860,2018-10-12,2018,10,October,12,4,Friday,4
6860,6861,2018-10-13,2018,10,October,13,4,Saturday,5
6861,6862,2018-10-14,2018,10,October,14,4,Sunday,6
6862,6863,2018-10-15,2018,10,October,15,4,Monday,0
6863,6864,2018-10-16,2018,10,October,16,4,Tuesday,1
6864,6865,2018-10-17,2018,10,October,17,4,Wednesday,2
6865,6866,2018-10-18,2018,10,October,18,4,Thursday,3
6866,6867,2018-10-19,2018,10,October,19,4,Friday,4
6867,6868,2018-10-20,2018,10,October,20,4,Saturday,5
6868,6869,2018-10-21,2018,10,October,21,4,Sunday,6
6869,6870,2018-10-22,2018,10,October,22,4,Monday,0
6870,6871,2018-10-23,2018,10,October,23,4,Tuesday,1
6871,6872,2018-10-24,2018,10,October,24,4,Wednesday,2
6872,6873,2018-10-25,2018,10,October,25,4,Thursday,3
6873,6874,2018-10-26,2018,10,October,26,4,Friday,4
6874,6875,2018-10-27,2018,10,October,27,4,Saturday,5
6875,6876,2018-10-28,2018,10,October,28,4,Sunday,6
6876,6877,2018-10-29,2018,10,October,29,4,Monday,0
6877,6878,2018-10-30,2018,10,October,30,4,Tuesday,1
6878,6879,2018-10-31,2018,10,October,31,4,Wednesday,2
6879,6880,2018-11-01,2018,11,November,1,4,Thursday,3
6880,6881,2018-11-02,2018,11,November,2,4,Friday,4
6881,6882,2018-11-03,2018,11,November,3,4,Saturday,5
6882,6883,2018-11-04,2018,11,November,4,4,Sunday,6
6883,6884,2018-11-05,2018,11,November,5,4,Monday,0
6884,6885,2018-11-06,2018,11,November,6,4,Tuesday,1
6885,6886,2018-11-07,2018,11,November,7,4,Wednesday,2
6886,6887,2018-11-08,2018,11,November,8,4,Thursday,3
6887,6888,2018-11-09,2018,11,November,9,4,Friday,4
6888,6889,2018-11-10,2018,11,November,10,4,Saturday,5
6889,6890,2018-11-11,2018,11,November,11,4,Sunday,6
6890,6891,2018-11-12,2018,11,November,12,4,Monday,0
6891,6892,2018-11-13,2018,11,November,13,4,Tuesday,1
6892,6893,2018-11-14,2018,11,November,14,4,Wednesday,2
6893,6894,2018-11-15,2018,11,November,15,4,Thursday,3
6894,6895,2018-11-16,2018,11,November,16,4,Friday,4
6895,6896,2018-11-17,2018,11,November,17,4,Saturday,5
6896,6897,2018-11-18,2018,11,November,18,4,Sunday,6
6897,6898,2018-11-19,2018,11,November,19,4,Monday,0
6898,6899,2018-11-20,2018,11,November,20,4,Tuesday,1
6899,6900,2018-11-21,2018,11,November,21,4,Wednesday,2
6900,6901,2018-11-22,2018,11,November,22,4,Thursday,3
6901,6902,2018-11-23,2018,11,November,23,4,Friday,4
6902,6903,2018-11-24,2018,11,November,24,4,Saturday,5
6903,6904,2018-11-25,2018,11,November,25,4,Sunday,6
6904,6905,2018-11-26,2018,11,November,26,4,Monday,0
6905,6906,2018-11-27,2018,11,November,27,4,Tuesday,1
6906,6907,2018-11-28,2018,11,November,28,4,Wednesday,2
6907,6908,2018-11-29,2018,11,November,29,4,Thursday,3
6908,6909,2018-11-30,2018,11,November,30,4,Friday,4
6909,6910,2018-12-01,2018,12,December,1,4,Saturday,5
6910,6911,2018-12-02,2018,12,December,2,4,Sunday,6
6911,6912,2018-12-03,2018,12,December,3,4,Monday,0
6912,6913,2018-12-04,2018,12,December,4,4,Tuesday,1
6913,6914,2018-12-05,2018,12,December,5,4,Wednesday,2
6914,6915,2018-12-06,2018,12,December,6,4,Thursday,3
6915,6916,2018-12-07,2018,12,December,7,4,Friday,4
6916,6917,2018-12-08,2018,12,December,8,4,Saturday,5
6917,6918,2018-12-09,2018,12,December,9,4,Sunday,6
6918,6919,2018-12-10,2018,12,December,10,4,Monday,0
6919,6920,2018-12-11,2018,12,December,11,4,Tuesday,1
6920,6921,2018-12-12,2018,12,December,12,4,Wednesday,2
6921,6922,2018-12-13,2018,12,December,13,4,Thursday,3
6922,6923,2018-12-14,2018,12,December,14,4,Friday,4
6923,6924,2018-12-15,2018,12,December,15,4,Saturday,5
6924,6925,2018-12-16,2018,12,December,16,4,Sunday,6
6925,6926,2018-12-17,2018,12,December,17,4,Monday,0
6926,6927,2018-12-18,2018,12,December,18,4,Tuesday,1
6927,6928,2018-12-19,2018,12,December,19,4,Wednesday,2
6928,6929,2018-12-20,2018,12,December,20,4,Thursday,3
6929,6930,2018-12-21,2018,12,December,21,4,Friday,4
6930,6931,2018-12-22,2018,12,December,22,4,Saturday,5
6931,6932,2018-12-23,2018,12,December,23,4,Sunday,6
6932,6933,2018-12-24,2018,12,December,24,4,Monday,0
6933,6934,2018-12-25,2018,12,December,25,4,Tuesday,1
6934,6935,2018-12-26,2018,12,December,26,4,Wednesday,2
6935,6936,2018-12-27,2018,12,December,27,4,Thursday,3
6936,6937,2018-12-28,2018,12,December,28,4,Friday,4
6937,6938,2018-12-29,2018,12,December,29,4,Saturday,5
6938,6939,2018-12-30,2018,12,December,30,4,Sunday,6
6939,6940,2018-12-31,2018,12,December,31,4,Monday,0
6940,6941,2019-01-01,2019,1,January,1,1,Tuesday,1
6941,6942,2019-01-02,2019,1,January,2,1,Wednesday,2
6942,6943,2019-01-03,2019,1,January,3,1,Thursday,3
6943,6944,2019-01-04,2019,1,January,4,1,Friday,4
6944,6945,2019-01-05,2019,1,January,5,1,Saturday,5
6945,6946,2019-01-06,2019,1,January,6,1,Sunday,6
6946,6947,2019-01-07,2019,1,January,7,1,Monday,0
6947,6948,2019-01-08,2019,1,January,8,1,Tuesday,1
6948,6949,2019-01-09,2019,1,January,9,1,Wednesday,2
6949,6950,2019-01-10,2019,1,January,10,1,Thursday,3
6950,6951,2019-01-11,2019,1,January,11,1,Friday,4
6951,6952,2019-01-12,2019,1,January,12,1,Saturday,5
6952,6953,2019-01-13,2019,1,January,13,1,Sunday,6
6953,6954,2019-01-14,2019,1,January,14,1,Monday,0
6954,6955,2019-01-15,2019,1,January,15,1,Tuesday,1
6955,6956,2019-01-16,2019,1,January,16,1,Wednesday,2
6956,6957,2019-01-17,2019,1,January,17,1,Thursday,3
6957,6958,2019-01-18,2019,1,January,18,1,Friday,4
6958,6959,2019-01-19,2019,1,January,19,1,Saturday,5
6959,6960,2019-01-20,2019,1,January,20,1,Sunday,6
6960,6961,2019-01-21,2019,1,January,21,1,Monday,0
6961,6962,2019-01-22,2019,1,January,22,1,Tuesday,1
6962,6963,2019-01-23,2019,1,January,23,1,Wednesday,2
6963,6964,2019-01-24,2019,1,January,24,1,Thursday,3
6964,6965,2019-01-25,2019,1,January,25,1,Friday,4
6965,6966,2019-01-26,2019,1,January,26,1,Saturday,5
6966,6967,2019-01-27,2019,1,January,27,1,Sunday,6
6967,6968,2019-01-28,2019,1,January,28,1,Monday,0
6968,6969,2019-01-29,2019,1,January,29,1,Tuesday,1
6969,6970,2019-01-30,2019,1,January,30,1,Wednesday,2
6970,6971,2019-01-31,2019,1,January,31,1,Thursday,3
6971,6972,2019-02-01,2019,2,February,1,1,Friday,4
6972,6973,2019-02-02,2019,2,February,2,1,Saturday,5
6973,6974,2019-02-03,2019,2,February,3,1,Sunday,6
6974,6975,2019-02-04,2019,2,February,4,1,Monday,0
6975,6976,2019-02-05,2019,2,February,5,1,Tuesday,1
6976,6977,2019-02-06,2019,2,February,6,1,Wednesday,2
6977,6978,2019-02-07,2019,2,February,7,1,Thursday,3
6978,6979,2019-02-08,2019,2,February,8,1,Friday,4
6979,6980,2019-02-09,2019,2,February,9,1,Saturday,5
6980,6981,2019-02-10,2019,2,February,10,1,Sunday,6
6981,6982,2019-02-11,2019,2,February,11,1,Monday,0
6982,6983,2019-02-12,2019,2,February,12,1,Tuesday,1
6983,6984,2019-02-13,2019,2,February,13,1,Wednesday,2
6984,6985,2019-02-14,2019,2,February,14,1,Thursday,3
6985,6986,2019-02-15,2019,2,February,15,1,Friday,4
6986,6987,2019-02-16,2019,2,February,16,1,Saturday,5
6987,6988,2019-02-17,2019,2,February,17,1,Sunday,6
6988,6989,2019-02-18,2019,2,February,18,1,Monday,0
6989,6990,2019-02-19,2019,2,February,19,1,Tuesday,1
6990,6991,2019-02-20,2019,2,February,20,1,Wednesday,2
6991,6992,2019-02-21,2019,2,February,21,1,Thursday,3
6992,6993,2019-02-22,2019,2,February,22,1,Friday,4
6993,6994,2019-02-23,2019,2,February,23,1,Saturday,5
6994,6995,2019-02-24,2019,2,February,24,1,Sunday,6
6995,6996,2019-02-25,2019,2,February,25,1,Monday,0
6996,6997,2019-02-26,2019,2,February,26,1,Tuesday,1
6997,6998,2019-02-27,2019,2,February,27,1,Wednesday,2
6998,6999,2019-02-28,2019,2,February,28,1,Thursday,3
6999,7000,2019-03-01,2019,3,March,1,1,Friday,4
7000,7001,2019-03-02,2019,3,March,2,1,Saturday,5
7001,7002,2019-03-03,2019,3,March,3,1,Sunday,6
7002,7003,2019-03-04,2019,3,March,4,1,Monday,0
7003,7004,2019-03-05,2019,3,March,5,1,Tuesday,1
7004,7005,2019-03-06,2019,3,March,6,1,Wednesday,2
7005,7006,2019-03-07,2019,3,March,7,1,Thursday,3
7006,7007,2019-03-08,2019,3,March,8,1,Friday,4
7007,7008,2019-03-09,2019,3,March,9,1,Saturday,5
7008,7009,2019-03-10,2019,3,March,10,1,Sunday,6
7009,7010,2019-03-11,2019,3,March,11,1,Monday,0
7010,7011,2019-03-12,2019,3,March,12,1,Tuesday,1
7011,7012,2019-03-13,2019,3,March,13,1,Wednesday,2
7012,7013,2019-03-14,2019,3,March,14,1,Thursday,3
7013,7014,2019-03-15,2019,3,March,15,1,Friday,4
7014,7015,2019-03-16,2019,3,March,16,1,Saturday,5
7015,7016,2019-03-17,2019,3,March,17,1,Sunday,6
7016,7017,2019-03-18,2019,3,March,18,1,Monday,0
7017,7018,2019-03-19,2019,3,March,19,1,Tuesday,1
7018,7019,2019-03-20,2019,3,March,20,1,Wednesday,2
7019,7020,2019-03-21,2019,3,March,21,1,Thursday,3
7020,7021,2019-03-22,2019,3,March,22,1,Friday,4
7021,7022,2019-03-23,2019,3,March,23,1,Saturday,5
7022,7023,2019-03-24,2019,3,March,24,1,Sunday,6
7023,7024,2019-03-25,2019,3,March,25,1,Monday,0
7024,7025,2019-03-26,2019,3,March,26,1,Tuesday,1
7025,7026,2019-03-27,2019,3,March,27,1,Wednesday,2
7026,7027,2019-03-28,2019,3,March,28,1,Thursday,3
7027,7028,2019-03-29,2019,3,March,29,1,Friday,4
7028,7029,2019-03-30,2019,3,March,30,1,Saturday,5
7029,7030,2019-03-31,2019,3,March,31,1,Sunday,6
7030,7031,2019-04-01,2019,4,April,1,2,Monday,0
7031,7032,2019-04-02,2019,4,April,2,2,Tuesday,1
7032,7033,2019-04-03,2019,4,April,3,2,Wednesday,2
7033,7034,2019-04-04,2019,4,April,4,2,Thursday,3
7034,7035,2019-04-05,2019,4,April,5,2,Friday,4
7035,7036,2019-04-06,2019,4,April,6,2,Saturday,5
7036,7037,2019-04-07,2019,4,April,7,2,Sunday,6
7037,7038,2019-04-08,2019,4,April,8,2,Monday,0
7038,7039,2019-04-09,2019,4,April,9,2,Tuesday,1
7039,7040,2019-04-10,2019,4,April,10,2,Wednesday,2
7040,7041,2019-04-11,2019,4,April,11,2,Thursday,3
7041,7042,2019-04-12,2019,4,April,12,2,Friday,4
7042,7043,2019-04-13,2019,4,April,13,2,Saturday,5
7043,7044,2019-04-14,2019,4,April,14,2,Sunday,6
7044,7045,2019-04-15,2019,4,April,15,2,Monday,0
7045,7046,2019-04-16,2019,4,April,16,2,Tuesday,1
7046,7047,2019-04-17,2019,4,April,17,2,Wednesday,2
7047,7048,2019-04-18,2019,4,April,18,2,Thursday,3
7048,7049,2019-04-19,2019,4,April,19,2,Friday,4
7049,7050,2019-04-20,2019,4,April,20,2,Saturday,5
7050,7051,2019-04-21,2019,4,April,21,2,Sunday,6
7051,7052,2019-04-22,2019,4,April,22,2,Monday,0
7052,7053,2019-04-23,2019,4,April,23,2,Tuesday,1
7053,7054,2019-04-24,2019,4,April,24,2,Wednesday,2
7054,7055,2019-04-25,2019,4,April,25,2,Thursday,3
7055,7056,2019-04-26,2019,4,April,26,2,Friday,4
7056,7057,2019-04-27,2019,4,April,27,2,Saturday,5
7057,7058,2019-04-28,2019,4,April,28,2,Sunday,6
7058,7059,2019-04-29,2019,4,April,29,2,Monday,0
7059,7060,2019-04-30,2019,4,April,30,2,Tuesday,1
7060,7061,2019-05-01,2019,5,May,1,2,Wednesday,2
7061,7062,2019-05-02,2019,5,May,2,2,Thursday,3
7062,7063,2019-05-03,2019,5,May,3,2,Friday,4
7063,7064,2019-05-04,2019,5,May,4,2,Saturday,5
7064,7065,2019-05-05,2019,5,May,5,2,Sunday,6
7065,7066,2019-05-06,2019,5,May,6,2,Monday,0
7066,7067,2019-05-07,2019,5,May,7,2,Tuesday,1
7067,7068,2019-05-08,2019,5,May,8,2,Wednesday,2
7068,7069,2019-05-09,2019,5,May,9,2,Thursday,3
7069,7070,2019-05-10,2019,5,May,10,2,Friday,4
7070,7071,2019-05-11,2019,5,May,11,2,Saturday,5
7071,7072,2019-05-12,2019,5,May,12,2,Sunday,6
7072,7073,2019-05-13,2019,5,May,13,2,Monday,0
7073,7074,2019-05-14,2019,5,May,14,2,Tuesday,1
7074,7075,2019-05-15,2019,5,May,15,2,Wednesday,2
7075,7076,2019-05-16,2019,5,May,16,2,Thursday,3
7076,7077,2019-05-17,2019,5,May,17,2,Friday,4
7077,7078,2019-05-18,2019,5,May,18,2,Saturday,5
7078,7079,2019-05-19,2019,5,May,19,2,Sunday,6
7079,7080,2019-05-20,2019,5,May,20,2,Monday,0
7080,7081,2019-05-21,2019,5,May,21,2,Tuesday,1
7081,7082,2019-05-22,2019,5,May,22,2,Wednesday,2
7082,7083,2019-05-23,2019,5,May,23,2,Thursday,3
7083,7084,2019-05-24,2019,5,May,24,2,Friday,4
7084,7085,2019-05-25,2019,5,May,25,2,Saturday,5
7085,7086,2019-05-26,2019,5,May,26,2,Sunday,6
7086,7087,2019-05-27,2019,5,May,27,2,Monday,0
7087,7088,2019-05-28,2019,5,May,28,2,Tuesday,1
7088,7089,2019-05-29,2019,5,May,29,2,Wednesday,2
7089,7090,2019-05-30,2019,5,May,30,2,Thursday,3
7090,7091,2019-05-31,2019,5,May,31,2,Friday,4
7091,7092,2019-06-01,2019,6,June,1,2,Saturday,5
7092,7093,2019-06-02,2019,6,June,2,2,Sunday,6
7093,7094,2019-06-03,2019,6,June,3,2,Monday,0
7094,7095,2019-06-04,2019,6,June,4,2,Tuesday,1
7095,7096,2019-06-05,2019,6,June,5,2,Wednesday,2
7096,7097,2019-06-06,2019,6,June,6,2,Thursday,3
7097,7098,2019-06-07,2019,6,June,7,2,Friday,4
7098,7099,2019-06-08,2019,6,June,8,2,Saturday,5
7099,7100,2019-06-09,2019,6,June,9,2,Sunday,6
7100,7101,2019-06-10,2019,6,June,10,2,Monday,0
7101,7102,2019-06-11,2019,6,June,11,2,Tuesday,1
7102,7103,2019-06-12,2019,6,June,12,2,Wednesday,2
7103,7104,2019-06-13,2019,6,June,13,2,Thursday,3
7104,7105,2019-06-14,2019,6,June,14,2,Friday,4
7105,7106,2019-06-15,2019,6,June,15,2,Saturday,5
7106,7107,2019-06-16,2019,6,June,16,2,Sunday,6
7107,7108,2019-06-17,2019,6,June,17,2,Monday,0
7108,7109,2019-06-18,2019,6,June,18,2,Tuesday,1
7109,7110,2019-06-19,2019,6,June,19,2,Wednesday,2
7110,7111,2019-06-20,2019,6,June,20,2,Thursday,3
7111,7112,2019-06-21,2019,6,June,21,2,Friday,4
7112,7113,2019-06-22,2019,6,June,22,2,Saturday,5
7113,7114,2019-06-23,2019,6,June,23,2,Sunday,6
7114,7115,2019-06-24,2019,6,June,24,2,Monday,0
7115,7116,2019-06-25,2019,6,June,25,2,Tuesday,1
7116,7117,2019-06-26,2019,6,June,26,2,Wednesday,2
7117,7118,2019-06-27,2019,6,June,27,2,Thursday,3
7118,7119,2019-06-28,2019,6,June,28,2,Friday,4
7119,7120,2019-06-29,2019,6,June,29,2,Saturday,5
7120,7121,2019-06-30,2019,6,June,30,2,Sunday,6
7121,7122,2019-07-01,2019,7,July,1,3,Monday,0
7122,7123,2019-07-02,2019,7,July,2,3,Tuesday,1
7123,7124,2019-07-03,2019,7,July,3,3,Wednesday,2
7124,7125,2019-07-04,2019,7,July,4,3,Thursday,3
7125,7126,2019-07-05,2019,7,July,5,3,Friday,4
7126,7127,2019-07-06,2019,7,July,6,3,Saturday,5
7127,7128,2019-07-07,2019,7,July,7,3,Sunday,6
7128,7129,2019-07-08,2019,7,July,8,3,Monday,0
7129,7130,2019-07-09,2019,7,July,9,3,Tuesday,1
7130,7131,2019-07-10,2019,7,July,10,3,Wednesday,2
7131,7132,2019-07-11,2019,7,July,11,3,Thursday,3
7132,7133,2019-07-12,2019,7,July,12,3,Friday,4
7133,7134,2019-07-13,2019,7,July,13,3,Saturday,5
7134,7135,2019-07-14,2019,7,July,14,3,Sunday,6
7135,7136,2019-07-15,2019,7,July,15,3,Monday,0
7136,7137,2019-07-16,2019,7,July,16,3,Tuesday,1
7137,7138,2019-07-17,2019,7,July,17,3,Wednesday,2
7138,7139,2019-07-18,2019,7,July,18,3,Thursday,3
7139,7140,2019-07-19,2019,7,July,19,3,Friday,4
7140,7141,2019-07-20,2019,7,July,20,3,Saturday,5
7141,7142,2019-07-21,2019,7,July,21,3,Sunday,6
7142,7143,2019-07-22,2019,7,July,22,3,Monday,0
7143,7144,2019-07-23,2019,7,July,23,3,Tuesday,1
7144,7145,2019-07-24,2019,7,July,24,3,Wednesday,2
7145,7146,2019-07-25,2019,7,July,25,3,Thursday,3
7146,7147,2019-07-26,2019,7,July,26,3,Friday,4
7147,7148,2019-07-27,2019,7,July,27,3,Saturday,5
7148,7149,2019-07-28,2019,7,July,28,3,Sunday,6
7149,7150,2019-07-29,2019,7,July,29,3,Monday,0
7150,7151,2019-07-30,2019,7,July,30,3,Tuesday,1
7151,7152,2019-07-31,2019,7,July,31,3,Wednesday,2
7152,7153,2019-08-01,2019,8,August,1,3,Thursday,3
7153,7154,2019-08-02,2019,8,August,2,3,Friday,4
7154,7155,2019-08-03,2019,8,August,3,3,Saturday,5
7155,7156,2019-08-04,2019,8,August,4,3,Sunday,6
7156,7157,2019-08-05,2019,8,August,5,3,Monday,0
7157,7158,2019-08-06,2019,8,August,6,3,Tuesday,1
7158,7159,2019-08-07,2019,8,August,7,3,Wednesday,2
7159,7160,2019-08-08,2019,8,August,8,3,Thursday,3
7160,7161,2019-08-09,2019,8,August,9,3,Friday,4
7161,7162,2019-08-10,2019,8,August,10,3,Saturday,5
7162,7163,2019-08-11,2019,8,August,11,3,Sunday,6
7163,7164,2019-08-12,2019,8,August,12,3,Monday,0
7164,7165,2019-08-13,2019,8,August,13,3,Tuesday,1
7165,7166,2019-08-14,2019,8,August,14,3,Wednesday,2
7166,7167,2019-08-15,2019,8,August,15,3,Thursday,3
7167,7168,2019-08-16,2019,8,August,16,3,Friday,4
7168,7169,2019-08-17,2019,8,August,17,3,Saturday,5
7169,7170,2019-08-18,2019,8,August,18,3,Sunday,6
7170,7171,2019-08-19,2019,8,August,19,3,Monday,0
7171,7172,2019-08-20,2019,8,August,20,3,Tuesday,1
7172,7173,2019-08-21,2019,8,August,21,3,Wednesday,2
7173,7174,2019-08-22,2019,8,August,22,3,Thursday,3
7174,7175,2019-08-23,2019,8,August,23,3,Friday,4
7175,7176,2019-08-24,2019,8,August,24,3,Saturday,5
7176,7177,2019-08-25,2019,8,August,25,3,Sunday,6
7177,7178,2019-08-26,2019,8,August,26,3,Monday,0
7178,7179,2019-08-27,2019,8,August,27,3,Tuesday,1
7179,7180,2019-08-28,2019,8,August,28,3,Wednesday,2
7180,7181,2019-08-29,2019,8,August,29,3,Thursday,3
7181,7182,2019-08-30,2019,8,August,30,3,Friday,4
7182,7183,2019-08-31,2019,8,August,31,3,Saturday,5
7183,7184,2019-09-01,2019,9,September,1,3,Sunday,6
7184,7185,2019-09-02,2019,9,September,2,3,Monday,0
7185,7186,2019-09-03,2019,9,September,3,3,Tuesday,1
7186,7187,2019-09-04,2019,9,September,4,3,Wednesday,2
7187,7188,2019-09-05,2019,9,September,5,3,Thursday,3
7188,7189,2019-09-06,2019,9,September,6,3,Friday,4
7189,7190,2019-09-07,2019,9,September,7,3,Saturday,5
7190,7191,2019-09-08,2019,9,September,8,3,Sunday,6
7191,7192,2019-09-09,2019,9,September,9,3,Monday,0
7192,7193,2019-09-10,2019,9,September,10,3,Tuesday,1
7193,7194,2019-09-11,2019,9,September,11,3,Wednesday,2
7194,7195,2019-09-12,2019,9,September,12,3,Thursday,3
7195,7196,2019-09-13,2019,9,September,13,3,Friday,4
7196,7197,2019-09-14,2019,9,September,14,3,Saturday,5
7197,7198,2019-09-15,2019,9,September,15,3,Sunday,6
7198,7199,2019-09-16,2019,9,September,16,3,Monday,0
7199,7200,2019-09-17,2019,9,September,17,3,Tuesday,1
7200,7201,2019-09-18,2019,9,September,18,3,Wednesday,2
7201,7202,2019-09-19,2019,9,September,19,3,Thursday,3
7202,7203,2019-09-20,2019,9,September,20,3,Friday,4
7203,7204,2019-09-21,2019,9,September,21,3,Saturday,5
7204,7205,2019-09-22,2019,9,September,22,3,Sunday,6
7205,7206,2019-09-23,2019,9,September,23,3,Monday,0
7206,7207,2019-09-24,2019,9,September,24,3,Tuesday,1
7207,7208,2019-09-25,2019,9,September,25,3,Wednesday,2
7208,7209,2019-09-26,2019,9,September,26,3,Thursday,3
7209,7210,2019-09-27,2019,9,September,27,3,Friday,4
7210,7211,2019-09-28,2019,9,September,28,3,Saturday,5
7211,7212,2019-09-29,2019,9,September,29,3,Sunday,6
7212,7213,2019-09-30,2019,9,September,30,3,Monday,0
7213,7214,2019-10-01,2019,10,October,1,4,Tuesday,1
7214,7215,2019-10-02,2019,10,October,2,4,Wednesday,2
7215,7216,2019-10-03,2019,10,October,3,4,Thursday,3
7216,7217,2019-10-04,2019,10,October,4,4,Friday,4
7217,7218,2019-10-05,2019,10,October,5,4,Saturday,5
7218,7219,2019-10-06,2019,10,October,6,4,Sunday,6
7219,7220,2019-10-07,2019,10,October,7,4,Monday,0
7220,7221,2019-10-08,2019,10,October,8,4,Tuesday,1
7221,7222,2019-10-09,2019,10,October,9,4,Wednesday,2
7222,7223,2019-10-10,2019,10,October,10,4,Thursday,3
7223,7224,2019-10-11,2019,10,October,11,4,Friday,4
7224,7225,2019-10-12,2019,10,October,12,4,Saturday,5
7225,7226,2019-10-13,2019,10,October,13,4,Sunday,6
7226,7227,2019-10-14,2019,10,October,14,4,Monday,0
7227,7228,2019-10-15,2019,10,October,15,4,Tuesday,1
7228,7229,2019-10-16,2019,10,October,16,4,Wednesday,2
7229,7230,2019-10-17,2019,10,October,17,4,Thursday,3
7230,7231,2019-10-18,2019,10,October,18,4,Friday,4
7231,7232,2019-10-19,2019,10,October,19,4,Saturday,5
7232,7233,2019-10-20,2019,10,October,20,4,Sunday,6
7233,7234,2019-10-21,2019,10,October,21,4,Monday,0
7234,7235,2019-10-22,2019,10,October,22,4,Tuesday,1
7235,7236,2019-10-23,2019,10,October,23,4,Wednesday,2
7236,7237,2019-10-24,2019,10,October,24,4,Thursday,3
7237,7238,2019-10-25,2019,10,October,25,4,Friday,4
7238,7239,2019-10-26,2019,10,October,26,4,Saturday,5
7239,7240,2019-10-27,2019,10,October,27,4,Sunday,6
7240,7241,2019-10-28,2019,10,October,28,4,Monday,0
7241,7242,2019-10-29,2019,10,October,29,4,Tuesday,1
7242,7243,2019-10-30,2019,10,October,30,4,Wednesday,2
7243,7244,2019-10-31,2019,10,October,31,4,Thursday,3
7244,7245,2019-11-01,2019,11,November,1,4,Friday,4
7245,7246,2019-11-02,2019,11,November,2,4,Saturday,5
7246,7247,2019-11-03,2019,11,November,3,4,Sunday,6
7247,7248,2019-11-04,2019,11,November,4,4,Monday,0
7248,7249,2019-11-05,2019,11,November,5,4,Tuesday,1
7249,7250,2019-11-06,2019,11,November,6,4,Wednesday,2
7250,7251,2019-11-07,2019,11,November,7,4,Thursday,3
7251,7252,2019-11-08,2019,11,November,8,4,Friday,4
7252,7253,2019-11-09,2019,11,November,9,4,Saturday,5
7253,7254,2019-11-10,2019,11,November,10,4,Sunday,6
7254,7255,2019-11-11,2019,11,November,11,4,Monday,0
7255,7256,2019-11-12,2019,11,November,12,4,Tuesday,1
7256,7257,2019-11-13,2019,11,November,13,4,Wednesday,2
7257,7258,2019-11-14,2019,11,November,14,4,Thursday,3
7258,7259,2019-11-15,2019,11,November,15,4,Friday,4
7259,7260,2019-11-16,2019,11,November,16,4,Saturday,5
7260,7261,2019-11-17,2019,11,November,17,4,Sunday,6
7261,7262,2019-11-18,2019,11,November,18,4,Monday,0
7262,7263,2019-11-19,2019,11,November,19,4,Tuesday,1
7263,7264,2019-11-20,2019,11,November,20,4,Wednesday,2
7264,7265,2019-11-21,2019,11,November,21,4,Thursday,3
7265,7266,2019-11-22,2019,11,November,22,4,Friday,4
7266,7267,2019-11-23,2019,11,November,23,4,Saturday,5
7267,7268,2019-11-24,2019,11,November,24,4,Sunday,6
7268,7269,2019-11-25,2019,11,November,25,4,Monday,0
7269,7270,2019-11-26,2019,11,November,26,4,Tuesday,1
7270,7271,2019-11-27,2019,11,November,27,4,Wednesday,2
7271,7272,2019-11-28,2019,11,November,28,4,Thursday,3
7272,7273,2019-11-29,2019,11,November,29,4,Friday,4
7273,7274,2019-11-30,2019,11,November,30,4,Saturday,5
7274,7275,2019-12-01,2019,12,December,1,4,Sunday,6
7275,7276,2019-12-02,2019,12,December,2,4,Monday,0
7276,7277,2019-12-03,2019,12,December,3,4,Tuesday,1
7277,7278,2019-12-04,2019,12,December,4,4,Wednesday,2
7278,7279,2019-12-05,2019,12,December,5,4,Thursday,3
7279,7280,2019-12-06,2019,12,December,6,4,Friday,4
7280,7281,2019-12-07,2019,12,December,7,4,Saturday,5
7281,7282,2019-12-08,2019,12,December,8,4,Sunday,6
7282,7283,2019-12-09,2019,12,December,9,4,Monday,0
7283,7284,2019-12-10,2019,12,December,10,4,Tuesday,1
7284,7285,2019-12-11,2019,12,December,11,4,Wednesday,2
7285,7286,2019-12-12,2019,12,December,12,4,Thursday,3
7286,7287,2019-12-13,2019,12,December,13,4,Friday,4
7287,7288,2019-12-14,2019,12,December,14,4,Saturday,5
7288,7289,2019-12-15,2019,12,December,15,4,Sunday,6
7289,7290,2019-12-16,2019,12,December,16,4,Monday,0
7290,7291,2019-12-17,2019,12,December,17,4,Tuesday,1
7291,7292,2019-12-18,2019,12,December,18,4,Wednesday,2
7292,7293,2019-12-19,2019,12,December,19,4,Thursday,3
7293,7294,2019-12-20,2019,12,December,20,4,Friday,4
7294,7295,2019-12-21,2019,12,December,21,4,Saturday,5
7295,7296,2019-12-22,2019,12,December,22,4,Sunday,6
7296,7297,2019-12-23,2019,12,December,23,4,Monday,0
7297,7298,2019-12-24,2019,12,December,24,4,Tuesday,1
7298,7299,2019-12-25,2019,12,December,25,4,Wednesday,2
7299,7300,2019-12-26,2019,12,December,26,4,Thursday,3
7300,7301,2019-12-27,2019,12,December,27,4,Friday,4
7301,7302,2019-12-28,2019,12,December,28,4,Saturday,5
7302,7303,2019-12-29,2019,12,December,29,4,Sunday,6
7303,7304,2019-12-30,2019,12,December,30,4,Monday,0
7304,7305,2019-12-31,2019,12,December,31,4,Tuesday,1
7305,7306,2020-01-01,2020,1,January,1,1,Wednesday,2
7306,7307,2020-01-02,2020,1,January,2,1,Thursday,3
7307,7308,2020-01-03,2020,1,January,3,1,Friday,4
7308,7309,2020-01-04,2020,1,January,4,1,Saturday,5
7309,7310,2020-01-05,2020,1,January,5,1,Sunday,6
7310,7311,2020-01-06,2020,1,January,6,1,Monday,0
7311,7312,2020-01-07,2020,1,January,7,1,Tuesday,1
7312,7313,2020-01-08,2020,1,January,8,1,Wednesday,2
7313,7314,2020-01-09,2020,1,January,9,1,Thursday,3
7314,7315,2020-01-10,2020,1,January,10,1,Friday,4
7315,7316,2020-01-11,2020,1,January,11,1,Saturday,5
7316,7317,2020-01-12,2020,1,January,12,1,Sunday,6
7317,7318,2020-01-13,2020,1,January,13,1,Monday,0
7318,7319,2020-01-14,2020,1,January,14,1,Tuesday,1
7319,7320,2020-01-15,2020,1,January,15,1,Wednesday,2
7320,7321,2020-01-16,2020,1,January,16,1,Thursday,3
7321,7322,2020-01-17,2020,1,January,17,1,Friday,4
7322,7323,2020-01-18,2020,1,January,18,1,Saturday,5
7323,7324,2020-01-19,2020,1,January,19,1,Sunday,6
7324,7325,2020-01-20,2020,1,January,20,1,Monday,0
7325,7326,2020-01-21,2020,1,January,21,1,Tuesday,1
7326,7327,2020-01-22,2020,1,January,22,1,Wednesday,2
7327,7328,2020-01-23,2020,1,January,23,1,Thursday,3
7328,7329,2020-01-24,2020,1,January,24,1,Friday,4
7329,7330,2020-01-25,2020,1,January,25,1,Saturday,5
7330,7331,2020-01-26,2020,1,January,26,1,Sunday,6
7331,7332,2020-01-27,2020,1,January,27,1,Monday,0
7332,7333,2020-01-28,2020,1,January,28,1,Tuesday,1
7333,7334,2020-01-29,2020,1,January,29,1,Wednesday,2
7334,7335,2020-01-30,2020,1,January,30,1,Thursday,3
7335,7336,2020-01-31,2020,1,January,31,1,Friday,4
7336,7337,2020-02-01,2020,2,February,1,1,Saturday,5
7337,7338,2020-02-02,2020,2,February,2,1,Sunday,6
7338,7339,2020-02-03,2020,2,February,3,1,Monday,0
7339,7340,2020-02-04,2020,2,February,4,1,Tuesday,1
7340,7341,2020-02-05,2020,2,February,5,1,Wednesday,2
7341,7342,2020-02-06,2020,2,February,6,1,Thursday,3
7342,7343,2020-02-07,2020,2,February,7,1,Friday,4
7343,7344,2020-02-08,2020,2,February,8,1,Saturday,5
7344,7345,2020-02-09,2020,2,February,9,1,Sunday,6
7345,7346,2020-02-10,2020,2,February,10,1,Monday,0
7346,7347,2020-02-11,2020,2,February,11,1,Tuesday,1
7347,7348,2020-02-12,2020,2,February,12,1,Wednesday,2
7348,7349,2020-02-13,2020,2,February,13,1,Thursday,3
7349,7350,2020-02-14,2020,2,February,14,1,Friday,4
7350,7351,2020-02-15,2020,2,February,15,1,Saturday,5
7351,7352,2020-02-16,2020,2,February,16,1,Sunday,6
7352,7353,2020-02-17,2020,2,February,17,1,Monday,0
7353,7354,2020-02-18,2020,2,February,18,1,Tuesday,1
7354,7355,2020-02-19,2020,2,February,19,1,Wednesday,2
7355,7356,2020-02-20,2020,2,February,20,1,Thursday,3
7356,7357,2020-02-21,2020,2,February,21,1,Friday,4
7357,7358,2020-02-22,2020,2,February,22,1,Saturday,5
7358,7359,2020-02-23,2020,2,February,23,1,Sunday,6
7359,7360,2020-02-24,2020,2,February,24,1,Monday,0
7360,7361,2020-02-25,2020,2,February,25,1,Tuesday,1
7361,7362,2020-02-26,2020,2,February,26,1,Wednesday,2
7362,7363,2020-02-27,2020,2,February,27,1,Thursday,3
7363,7364,2020-02-28,2020,2,February,28,1,Friday,4
7364,7365,2020-02-29,2020,2,February,29,1,Saturday,5
7365,7366,2020-03-01,2020,3,March,1,1,Sunday,6
7366,7367,2020-03-02,2020,3,March,2,1,Monday,0
7367,7368,2020-03-03,2020,3,March,3,1,Tuesday,1
7368,7369,2020-03-04,2020,3,March,4,1,Wednesday,2
7369,7370,2020-03-05,2020,3,March,5,1,Thursday,3
7370,7371,2020-03-06,2020,3,March,6,1,Friday,4
7371,7372,2020-03-07,2020,3,March,7,1,Saturday,5
7372,7373,2020-03-08,2020,3,March,8,1,Sunday,6
7373,7374,2020-03-09,2020,3,March,9,1,Monday,0
7374,7375,2020-03-10,2020,3,March,10,1,Tuesday,1
7375,7376,2020-03-11,2020,3,March,11,1,Wednesday,2
7376,7377,2020-03-12,2020,3,March,12,1,Thursday,3
7377,7378,2020-03-13,2020,3,March,13,1,Friday,4
7378,7379,2020-03-14,2020,3,March,14,1,Saturday,5
7379,7380,2020-03-15,2020,3,March,15,1,Sunday,6
7380,7381,2020-03-16,2020,3,March,16,1,Monday,0
7381,7382,2020-03-17,2020,3,March,17,1,Tuesday,1
7382,7383,2020-03-18,2020,3,March,18,1,Wednesday,2
7383,7384,2020-03-19,2020,3,March,19,1,Thursday,3
7384,7385,2020-03-20,2020,3,March,20,1,Friday,4
7385,7386,2020-03-21,2020,3,March,21,1,Saturday,5
7386,7387,2020-03-22,2020,3,March,22,1,Sunday,6
7387,7388,2020-03-23,2020,3,March,23,1,Monday,0
7388,7389,2020-03-24,2020,3,March,24,1,Tuesday,1
7389,7390,2020-03-25,2020,3,March,25,1,Wednesday,2
7390,7391,2020-03-26,2020,3,March,26,1,Thursday,3
7391,7392,2020-03-27,2020,3,March,27,1,Friday,4
7392,7393,2020-03-28,2020,3,March,28,1,Saturday,5
7393,7394,2020-03-29,2020,3,March,29,1,Sunday,6
7394,7395,2020-03-30,2020,3,March,30,1,Monday,0
7395,7396,2020-03-31,2020,3,March,31,1,Tuesday,1
7396,7397,2020-04-01,2020,4,April,1,2,Wednesday,2
7397,7398,2020-04-02,2020,4,April,2,2,Thursday,3
7398,7399,2020-04-03,2020,4,April,3,2,Friday,4
7399,7400,2020-04-04,2020,4,April,4,2,Saturday,5
7400,7401,2020-04-05,2020,4,April,5,2,Sunday,6
7401,7402,2020-04-06,2020,4,April,6,2,Monday,0
7402,7403,2020-04-07,2020,4,April,7,2,Tuesday,1
7403,7404,2020-04-08,2020,4,April,8,2,Wednesday,2
7404,7405,2020-04-09,2020,4,April,9,2,Thursday,3
7405,7406,2020-04-10,2020,4,April,10,2,Friday,4
7406,7407,2020-04-11,2020,4,April,11,2,Saturday,5
7407,7408,2020-04-12,2020,4,April,12,2,Sunday,6
7408,7409,2020-04-13,2020,4,April,13,2,Monday,0
7409,7410,2020-04-14,2020,4,April,14,2,Tuesday,1
7410,7411,2020-04-15,2020,4,April,15,2,Wednesday,2
7411,7412,2020-04-16,2020,4,April,16,2,Thursday,3
7412,7413,2020-04-17,2020,4,April,17,2,Friday,4
7413,7414,2020-04-18,2020,4,April,18,2,Saturday,5
7414,7415,2020-04-19,2020,4,April,19,2,Sunday,6
7415,7416,2020-04-20,2020,4,April,20,2,Monday,0
7416,7417,2020-04-21,2020,4,April,21,2,Tuesday,1
7417,7418,2020-04-22,2020,4,April,22,2,Wednesday,2
7418,7419,2020-04-23,2020,4,April,23,2,Thursday,3
7419,7420,2020-04-24,2020,4,April,24,2,Friday,4
7420,7421,2020-04-25,2020,4,April,25,2,Saturday,5
7421,7422,2020-04-26,2020,4,April,26,2,Sunday,6
7422,7423,2020-04-27,2020,4,April,27,2,Monday,0
7423,7424,2020-04-28,2020,4,April,28,2,Tuesday,1
7424,7425,2020-04-29,2020,4,April,29,2,Wednesday,2
7425,7426,2020-04-30,2020,4,April,30,2,Thursday,3
7426,7427,2020-05-01,2020,5,May,1,2,Friday,4
7427,7428,2020-05-02,2020,5,May,2,2,Saturday,5
7428,7429,2020-05-03,2020,5,May,3,2,Sunday,6
7429,7430,2020-05-04,2020,5,May,4,2,Monday,0
7430,7431,2020-05-05,2020,5,May,5,2,Tuesday,1
7431,7432,2020-05-06,2020,5,May,6,2,Wednesday,2
7432,7433,2020-05-07,2020,5,May,7,2,Thursday,3
7433,7434,2020-05-08,2020,5,May,8,2,Friday,4
7434,7435,2020-05-09,2020,5,May,9,2,Saturday,5
7435,7436,2020-05-10,2020,5,May,10,2,Sunday,6
7436,7437,2020-05-11,2020,5,May,11,2,Monday,0
7437,7438,2020-05-12,2020,5,May,12,2,Tuesday,1
7438,7439,2020-05-13,2020,5,May,13,2,Wednesday,2
7439,7440,2020-05-14,2020,5,May,14,2,Thursday,3
7440,7441,2020-05-15,2020,5,May,15,2,Friday,4
7441,7442,2020-05-16,2020,5,May,16,2,Saturday,5
7442,7443,2020-05-17,2020,5,May,17,2,Sunday,6
7443,7444,2020-05-18,2020,5,May,18,2,Monday,0
7444,7445,2020-05-19,2020,5,May,19,2,Tuesday,1
7445,7446,2020-05-20,2020,5,May,20,2,Wednesday,2
7446,7447,2020-05-21,2020,5,May,21,2,Thursday,3
7447,7448,2020-05-22,2020,5,May,22,2,Friday,4
7448,7449,2020-05-23,2020,5,May,23,2,Saturday,5
7449,7450,2020-05-24,2020,5,May,24,2,Sunday,6
7450,7451,2020-05-25,2020,5,May,25,2,Monday,0
7451,7452,2020-05-26,2020,5,May,26,2,Tuesday,1
7452,7453,2020-05-27,2020,5,May,27,2,Wednesday,2
7453,7454,2020-05-28,2020,5,May,28,2,Thursday,3
7454,7455,2020-05-29,2020,5,May,29,2,Friday,4
7455,7456,2020-05-30,2020,5,May,30,2,Saturday,5
7456,7457,2020-05-31,2020,5,May,31,2,Sunday,6
7457,7458,2020-06-01,2020,6,June,1,2,Monday,0
7458,7459,2020-06-02,2020,6,June,2,2,Tuesday,1
7459,7460,2020-06-03,2020,6,June,3,2,Wednesday,2
7460,7461,2020-06-04,2020,6,June,4,2,Thursday,3
7461,7462,2020-06-05,2020,6,June,5,2,Friday,4
7462,7463,2020-06-06,2020,6,June,6,2,Saturday,5
7463,7464,2020-06-07,2020,6,June,7,2,Sunday,6
7464,7465,2020-06-08,2020,6,June,8,2,Monday,0
7465,7466,2020-06-09,2020,6,June,9,2,Tuesday,1
7466,7467,2020-06-10,2020,6,June,10,2,Wednesday,2
7467,7468,2020-06-11,2020,6,June,11,2,Thursday,3
7468,7469,2020-06-12,2020,6,June,12,2,Friday,4
7469,7470,2020-06-13,2020,6,June,13,2,Saturday,5
7470,7471,2020-06-14,2020,6,June,14,2,Sunday,6
7471,7472,2020-06-15,2020,6,June,15,2,Monday,0
7472,7473,2020-06-16,2020,6,June,16,2,Tuesday,1
7473,7474,2020-06-17,2020,6,June,17,2,Wednesday,2
7474,7475,2020-06-18,2020,6,June,18,2,Thursday,3
7475,7476,2020-06-19,2020,6,June,19,2,Friday,4
7476,7477,2020-06-20,2020,6,June,20,2,Saturday,5
7477,7478,2020-06-21,2020,6,June,21,2,Sunday,6
7478,7479,2020-06-22,2020,6,June,22,2,Monday,0
7479,7480,2020-06-23,2020,6,June,23,2,Tuesday,1
7480,7481,2020-06-24,2020,6,June,24,2,Wednesday,2
7481,7482,2020-06-25,2020,6,June,25,2,Thursday,3
7482,7483,2020-06-26,2020,6,June,26,2,Friday,4
7483,7484,2020-06-27,2020,6,June,27,2,Saturday,5
7484,7485,2020-06-28,2020,6,June,28,2,Sunday,6
7485,7486,2020-06-29,2020,6,June,29,2,Monday,0
7486,7487,2020-06-30,2020,6,June,30,2,Tuesday,1
7487,7488,2020-07-01,2020,7,July,1,3,Wednesday,2
7488,7489,2020-07-02,2020,7,July,2,3,Thursday,3
7489,7490,2020-07-03,2020,7,July,3,3,Friday,4
7490,7491,2020-07-04,2020,7,July,4,3,Saturday,5
7491,7492,2020-07-05,2020,7,July,5,3,Sunday,6
7492,7493,2020-07-06,2020,7,July,6,3,Monday,0
7493,7494,2020-07-07,2020,7,July,7,3,Tuesday,1
7494,7495,2020-07-08,2020,7,July,8,3,Wednesday,2
7495,7496,2020-07-09,2020,7,July,9,3,Thursday,3
7496,7497,2020-07-10,2020,7,July,10,3,Friday,4
7497,7498,2020-07-11,2020,7,July,11,3,Saturday,5
7498,7499,2020-07-12,2020,7,July,12,3,Sunday,6
7499,7500,2020-07-13,2020,7,July,13,3,Monday,0
7500,7501,2020-07-14,2020,7,July,14,3,Tuesday,1
7501,7502,2020-07-15,2020,7,July,15,3,Wednesday,2
7502,7503,2020-07-16,2020,7,July,16,3,Thursday,3
7503,7504,2020-07-17,2020,7,July,17,3,Friday,4
7504,7505,2020-07-18,2020,7,July,18,3,Saturday,5
7505,7506,2020-07-19,2020,7,July,19,3,Sunday,6
7506,7507,2020-07-20,2020,7,July,20,3,Monday,0
7507,7508,2020-07-21,2020,7,July,21,3,Tuesday,1
7508,7509,2020-07-22,2020,7,July,22,3,Wednesday,2
7509,7510,2020-07-23,2020,7,July,23,3,Thursday,3
7510,7511,2020-07-24,2020,7,July,24,3,Friday,4
7511,7512,2020-07-25,2020,7,July,25,3,Saturday,5
7512,7513,2020-07-26,2020,7,July,26,3,Sunday,6
7513,7514,2020-07-27,2020,7,July,27,3,Monday,0
7514,7515,2020-07-28,2020,7,July,28,3,Tuesday,1
7515,7516,2020-07-29,2020,7,July,29,3,Wednesday,2
7516,7517,2020-07-30,2020,7,July,30,3,Thursday,3
7517,7518,2020-07-31,2020,7,July,31,3,Friday,4
7518,7519,2020-08-01,2020,8,August,1,3,Saturday,5
7519,7520,2020-08-02,2020,8,August,2,3,Sunday,6
7520,7521,2020-08-03,2020,8,August,3,3,Monday,0
7521,7522,2020-08-04,2020,8,August,4,3,Tuesday,1
7522,7523,2020-08-05,2020,8,August,5,3,Wednesday,2
7523,7524,2020-08-06,2020,8,August,6,3,Thursday,3
7524,7525,2020-08-07,2020,8,August,7,3,Friday,4
7525,7526,2020-08-08,2020,8,August,8,3,Saturday,5
7526,7527,2020-08-09,2020,8,August,9,3,Sunday,6
7527,7528,2020-08-10,2020,8,August,10,3,Monday,0
7528,7529,2020-08-11,2020,8,August,11,3,Tuesday,1
7529,7530,2020-08-12,2020,8,August,12,3,Wednesday,2
7530,7531,2020-08-13,2020,8,August,13,3,Thursday,3
7531,7532,2020-08-14,2020,8,August,14,3,Friday,4
7532,7533,2020-08-15,2020,8,August,15,3,Saturday,5
7533,7534,2020-08-16,2020,8,August,16,3,Sunday,6
7534,7535,2020-08-17,2020,8,August,17,3,Monday,0
7535,7536,2020-08-18,2020,8,August,18,3,Tuesday,1
7536,7537,2020-08-19,2020,8,August,19,3,Wednesday,2
7537,7538,2020-08-20,2020,8,August,20,3,Thursday,3
7538,7539,2020-08-21,2020,8,August,21,3,Friday,4
7539,7540,2020-08-22,2020,8,August,22,3,Saturday,5
7540,7541,2020-08-23,2020,8,August,23,3,Sunday,6
7541,7542,2020-08-24,2020,8,August,24,3,Monday,0
7542,7543,2020-08-25,2020,8,August,25,3,Tuesday,1
7543,7544,2020-08-26,2020,8,August,26,3,Wednesday,2
7544,7545,2020-08-27,2020,8,August,27,3,Thursday,3
7545,7546,2020-08-28,2020,8,August,28,3,Friday,4
7546,7547,2020-08-29,2020,8,August,29,3,Saturday,5
7547,7548,2020-08-30,2020,8,August,30,3,Sunday,6
7548,7549,2020-08-31,2020,8,August,31,3,Monday,0
7549,7550,2020-09-01,2020,9,September,1,3,Tuesday,1
7550,7551,2020-09-02,2020,9,September,2,3,Wednesday,2
7551,7552,2020-09-03,2020,9,September,3,3,Thursday,3
7552,7553,2020-09-04,2020,9,September,4,3,Friday,4
7553,7554,2020-09-05,2020,9,September,5,3,Saturday,5
7554,7555,2020-09-06,2020,9,September,6,3,Sunday,6
7555,7556,2020-09-07,2020,9,September,7,3,Monday,0
7556,7557,2020-09-08,2020,9,September,8,3,Tuesday,1
7557,7558,2020-09-09,2020,9,September,9,3,Wednesday,2
7558,7559,2020-09-10,2020,9,September,10,3,Thursday,3
7559,7560,2020-09-11,2020,9,September,11,3,Friday,4
7560,7561,2020-09-12,2020,9,September,12,3,Saturday,5
7561,7562,2020-09-13,2020,9,September,13,3,Sunday,6
7562,7563,2020-09-14,2020,9,September,14,3,Monday,0
7563,7564,2020-09-15,2020,9,September,15,3,Tuesday,1
7564,7565,2020-09-16,2020,9,September,16,3,Wednesday,2
7565,7566,2020-09-17,2020,9,September,17,3,Thursday,3
7566,7567,2020-09-18,2020,9,September,18,3,Friday,4
7567,7568,2020-09-19,2020,9,September,19,3,Saturday,5
7568,7569,2020-09-20,2020,9,September,20,3,Sunday,6
7569,7570,2020-09-21,2020,9,September,21,3,Monday,0
7570,7571,2020-09-22,2020,9,September,22,3,Tuesday,1
7571,7572,2020-09-23,2020,9,September,23,3,Wednesday,2
7572,7573,2020-09-24,2020,9,September,24,3,Thursday,3
7573,7574,2020-09-25,2020,9,September,25,3,Friday,4
7574,7575,2020-09-26,2020,9,September,26,3,Saturday,5
7575,7576,2020-09-27,2020,9,September,27,3,Sunday,6
7576,7577,2020-09-28,2020,9,September,28,3,Monday,0
7577,7578,2020-09-29,2020,9,September,29,3,Tuesday,1
7578,7579,2020-09-30,2020,9,September,30,3,Wednesday,2
7579,7580,2020-10-01,2020,10,October,1,4,Thursday,3
7580,7581,2020-10-02,2020,10,October,2,4,Friday,4
7581,7582,2020-10-03,2020,10,October,3,4,Saturday,5
7582,7583,2020-10-04,2020,10,October,4,4,Sunday,6
7583,7584,2020-10-05,2020,10,October,5,4,Monday,0
7584,7585,2020-10-06,2020,10,October,6,4,Tuesday,1
7585,7586,2020-10-07,2020,10,October,7,4,Wednesday,2
7586,7587,2020-10-08,2020,10,October,8,4,Thursday,3
7587,7588,2020-10-09,2020,10,October,9,4,Friday,4
7588,7589,2020-10-10,2020,10,October,10,4,Saturday,5
7589,7590,2020-10-11,2020,10,October,11,4,Sunday,6
7590,7591,2020-10-12,2020,10,October,12,4,Monday,0
7591,7592,2020-10-13,2020,10,October,13,4,Tuesday,1
7592,7593,2020-10-14,2020,10,October,14,4,Wednesday,2
7593,7594,2020-10-15,2020,10,October,15,4,Thursday,3
7594,7595,2020-10-16,2020,10,October,16,4,Friday,4
7595,7596,2020-10-17,2020,10,October,17,4,Saturday,5
7596,7597,2020-10-18,2020,10,October,18,4,Sunday,6
7597,7598,2020-10-19,2020,10,October,19,4,Monday,0
7598,7599,2020-10-20,2020,10,October,20,4,Tuesday,1
7599,7600,2020-10-21,2020,10,October,21,4,Wednesday,2
7600,7601,2020-10-22,2020,10,October,22,4,Thursday,3
7601,7602,2020-10-23,2020,10,October,23,4,Friday,4
7602,7603,2020-10-24,2020,10,October,24,4,Saturday,5
7603,7604,2020-10-25,2020,10,October,25,4,Sunday,6
7604,7605,2020-10-26,2020,10,October,26,4,Monday,0
7605,7606,2020-10-27,2020,10,October,27,4,Tuesday,1
7606,7607,2020-10-28,2020,10,October,28,4,Wednesday,2
7607,7608,2020-10-29,2020,10,October,29,4,Thursday,3
7608,7609,2020-10-30,2020,10,October,30,4,Friday,4
7609,7610,2020-10-31,2020,10,October,31,4,Saturday,5
7610,7611,2020-11-01,2020,11,November,1,4,Sunday,6
7611,7612,2020-11-02,2020,11,November,2,4,Monday,0
7612,7613,2020-11-03,2020,11,November,3,4,Tuesday,1
7613,7614,2020-11-04,2020,11,November,4,4,Wednesday,2
7614,7615,2020-11-05,2020,11,November,5,4,Thursday,3
7615,7616,2020-11-06,2020,11,November,6,4,Friday,4
7616,7617,2020-11-07,2020,11,November,7,4,Saturday,5
7617,7618,2020-11-08,2020,11,November,8,4,Sunday,6
7618,7619,2020-11-09,2020,11,November,9,4,Monday,0
7619,7620,2020-11-10,2020,11,November,10,4,Tuesday,1
7620,7621,2020-11-11,2020,11,November,11,4,Wednesday,2
7621,7622,2020-11-12,2020,11,November,12,4,Thursday,3
7622,7623,2020-11-13,2020,11,November,13,4,Friday,4
7623,7624,2020-11-14,2020,11,November,14,4,Saturday,5
7624,7625,2020-11-15,2020,11,November,15,4,Sunday,6
7625,7626,2020-11-16,2020,11,November,16,4,Monday,0
7626,7627,2020-11-17,2020,11,November,17,4,Tuesday,1
7627,7628,2020-11-18,2020,11,November,18,4,Wednesday,2
7628,7629,2020-11-19,2020,11,November,19,4,Thursday,3
7629,7630,2020-11-20,2020,11,November,20,4,Friday,4
7630,7631,2020-11-21,2020,11,November,21,4,Saturday,5
7631,7632,2020-11-22,2020,11,November,22,4,Sunday,6
7632,7633,2020-11-23,2020,11,November,23,4,Monday,0
7633,7634,2020-11-24,2020,11,November,24,4,Tuesday,1
7634,7635,2020-11-25,2020,11,November,25,4,Wednesday,2
7635,7636,2020-11-26,2020,11,November,26,4,Thursday,3
7636,7637,2020-11-27,2020,11,November,27,4,Friday,4
7637,7638,2020-11-28,2020,11,November,28,4,Saturday,5
7638,7639,2020-11-29,2020,11,November,29,4,Sunday,6
7639,7640,2020-11-30,2020,11,November,30,4,Monday,0
7640,7641,2020-12-01,2020,12,December,1,4,Tuesday,1
7641,7642,2020-12-02,2020,12,December,2,4,Wednesday,2
7642,7643,2020-12-03,2020,12,December,3,4,Thursday,3
7643,7644,2020-12-04,2020,12,December,4,4,Friday,4
7644,7645,2020-12-05,2020,12,December,5,4,Saturday,5
7645,7646,2020-12-06,2020,12,December,6,4,Sunday,6
7646,7647,2020-12-07,2020,12,December,7,4,Monday,0
7647,7648,2020-12-08,2020,12,December,8,4,Tuesday,1
7648,7649,2020-12-09,2020,12,December,9,4,Wednesday,2
7649,7650,2020-12-10,2020,12,December,10,4,Thursday,3
7650,7651,2020-12-11,2020,12,December,11,4,Friday,4
7651,7652,2020-12-12,2020,12,December,12,4,Saturday,5
7652,7653,2020-12-13,2020,12,December,13,4,Sunday,6
7653,7654,2020-12-14,2020,12,December,14,4,Monday,0
7654,7655,2020-12-15,2020,12,December,15,4,Tuesday,1
7655,7656,2020-12-16,2020,12,December,16,4,Wednesday,2
7656,7657,2020-12-17,2020,12,December,17,4,Thursday,3
7657,7658,2020-12-18,2020,12,December,18,4,Friday,4
7658,7659,2020-12-19,2020,12,December,19,4,Saturday,5
7659,7660,2020-12-20,2020,12,December,20,4,Sunday,6
7660,7661,2020-12-21,2020,12,December,21,4,Monday,0
7661,7662,2020-12-22,2020,12,December,22,4,Tuesday,1
7662,7663,2020-12-23,2020,12,December,23,4,Wednesday,2
7663,7664,2020-12-24,2020,12,December,24,4,Thursday,3
7664,7665,2020-12-25,2020,12,December,25,4,Friday,4
7665,7666,2020-12-26,2020,12,December,26,4,Saturday,5
7666,7667,2020-12-27,2020,12,December,27,4,Sunday,6
7667,7668,2020-12-28,2020,12,December,28,4,Monday,0
7668,7669,2020-12-29,2020,12,December,29,4,Tuesday,1
7669,7670,2020-12-30,2020,12,December,30,4,Wednesday,2
7670,7671,2020-12-31,2020,12,December,31,4,Thursday,3
7671,7672,2021-01-01,2021,1,January,1,1,Friday,4
7672,7673,2021-01-02,2021,1,January,2,1,Saturday,5
7673,7674,2021-01-03,2021,1,January,3,1,Sunday,6
7674,7675,2021-01-04,2021,1,January,4,1,Monday,0
7675,7676,2021-01-05,2021,1,January,5,1,Tuesday,1
7676,7677,2021-01-06,2021,1,January,6,1,Wednesday,2
7677,7678,2021-01-07,2021,1,January,7,1,Thursday,3
7678,7679,2021-01-08,2021,1,January,8,1,Friday,4
7679,7680,2021-01-09,2021,1,January,9,1,Saturday,5
7680,7681,2021-01-10,2021,1,January,10,1,Sunday,6
7681,7682,2021-01-11,2021,1,January,11,1,Monday,0
7682,7683,2021-01-12,2021,1,January,12,1,Tuesday,1
7683,7684,2021-01-13,2021,1,January,13,1,Wednesday,2
7684,7685,2021-01-14,2021,1,January,14,1,Thursday,3
7685,7686,2021-01-15,2021,1,January,15,1,Friday,4
7686,7687,2021-01-16,2021,1,January,16,1,Saturday,5
7687,7688,2021-01-17,2021,1,January,17,1,Sunday,6
7688,7689,2021-01-18,2021,1,January,18,1,Monday,0
7689,7690,2021-01-19,2021,1,January,19,1,Tuesday,1
7690,7691,2021-01-20,2021,1,January,20,1,Wednesday,2
7691,7692,2021-01-21,2021,1,January,21,1,Thursday,3
7692,7693,2021-01-22,2021,1,January,22,1,Friday,4
7693,7694,2021-01-23,2021,1,January,23,1,Saturday,5
7694,7695,2021-01-24,2021,1,January,24,1,Sunday,6
7695,7696,2021-01-25,2021,1,January,25,1,Monday,0
7696,7697,2021-01-26,2021,1,January,26,1,Tuesday,1
7697,7698,2021-01-27,2021,1,January,27,1,Wednesday,2
7698,7699,2021-01-28,2021,1,January,28,1,Thursday,3
7699,7700,2021-01-29,2021,1,January,29,1,Friday,4
7700,7701,2021-01-30,2021,1,January,30,1,Saturday,5
7701,7702,2021-01-31,2021,1,January,31,1,Sunday,6
7702,7703,2021-02-01,2021,2,February,1,1,Monday,0
7703,7704,2021-02-02,2021,2,February,2,1,Tuesday,1
7704,7705,2021-02-03,2021,2,February,3,1,Wednesday,2
7705,7706,2021-02-04,2021,2,February,4,1,Thursday,3
7706,7707,2021-02-05,2021,2,February,5,1,Friday,4
7707,7708,2021-02-06,2021,2,February,6,1,Saturday,5
7708,7709,2021-02-07,2021,2,February,7,1,Sunday,6
7709,7710,2021-02-08,2021,2,February,8,1,Monday,0
7710,7711,2021-02-09,2021,2,February,9,1,Tuesday,1
7711,7712,2021-02-10,2021,2,February,10,1,Wednesday,2
7712,7713,2021-02-11,2021,2,February,11,1,Thursday,3
7713,7714,2021-02-12,2021,2,February,12,1,Friday,4
7714,7715,2021-02-13,2021,2,February,13,1,Saturday,5
7715,7716,2021-02-14,2021,2,February,14,1,Sunday,6
7716,7717,2021-02-15,2021,2,February,15,1,Monday,0
7717,7718,2021-02-16,2021,2,February,16,1,Tuesday,1
7718,7719,2021-02-17,2021,2,February,17,1,Wednesday,2
7719,7720,2021-02-18,2021,2,February,18,1,Thursday,3
7720,7721,2021-02-19,2021,2,February,19,1,Friday,4
7721,7722,2021-02-20,2021,2,February,20,1,Saturday,5
7722,7723,2021-02-21,2021,2,February,21,1,Sunday,6
7723,7724,2021-02-22,2021,2,February,22,1,Monday,0
7724,7725,2021-02-23,2021,2,February,23,1,Tuesday,1
7725,7726,2021-02-24,2021,2,February,24,1,Wednesday,2
7726,7727,2021-02-25,2021,2,February,25,1,Thursday,3
7727,7728,2021-02-26,2021,2,February,26,1,Friday,4
7728,7729,2021-02-27,2021,2,February,27,1,Saturday,5
7729,7730,2021-02-28,2021,2,February,28,1,Sunday,6
7730,7731,2021-03-01,2021,3,March,1,1,Monday,0
7731,7732,2021-03-02,2021,3,March,2,1,Tuesday,1
7732,7733,2021-03-03,2021,3,March,3,1,Wednesday,2
7733,7734,2021-03-04,2021,3,March,4,1,Thursday,3
7734,7735,2021-03-05,2021,3,March,5,1,Friday,4
7735,7736,2021-03-06,2021,3,March,6,1,Saturday,5
7736,7737,2021-03-07,2021,3,March,7,1,Sunday,6
7737,7738,2021-03-08,2021,3,March,8,1,Monday,0
7738,7739,2021-03-09,2021,3,March,9,1,Tuesday,1
7739,7740,2021-03-10,2021,3,March,10,1,Wednesday,2
7740,7741,2021-03-11,2021,3,March,11,1,Thursday,3
7741,7742,2021-03-12,2021,3,March,12,1,Friday,4
7742,7743,2021-03-13,2021,3,March,13,1,Saturday,5
7743,7744,2021-03-14,2021,3,March,14,1,Sunday,6
7744,7745,2021-03-15,2021,3,March,15,1,Monday,0
7745,7746,2021-03-16,2021,3,March,16,1,Tuesday,1
7746,7747,2021-03-17,2021,3,March,17,1,Wednesday,2
7747,7748,2021-03-18,2021,3,March,18,1,Thursday,3
7748,7749,2021-03-19,2021,3,March,19,1,Friday,4
7749,7750,2021-03-20,2021,3,March,20,1,Saturday,5
7750,7751,2021-03-21,2021,3,March,21,1,Sunday,6
7751,7752,2021-03-22,2021,3,March,22,1,Monday,0
7752,7753,2021-03-23,2021,3,March,23,1,Tuesday,1
7753,7754,2021-03-24,2021,3,March,24,1,Wednesday,2
7754,7755,2021-03-25,2021,3,March,25,1,Thursday,3
7755,7756,2021-03-26,2021,3,March,26,1,Friday,4
7756,7757,2021-03-27,2021,3,March,27,1,Saturday,5
7757,7758,2021-03-28,2021,3,March,28,1,Sunday,6
7758,7759,2021-03-29,2021,3,March,29,1,Monday,0
7759,7760,2021-03-30,2021,3,March,30,1,Tuesday,1
7760,7761,2021-03-31,2021,3,March,31,1,Wednesday,2
7761,7762,2021-04-01,2021,4,April,1,2,Thursday,3
7762,7763,2021-04-02,2021,4,April,2,2,Friday,4
7763,7764,2021-04-03,2021,4,April,3,2,Saturday,5
7764,7765,2021-04-04,2021,4,April,4,2,Sunday,6
7765,7766,2021-04-05,2021,4,April,5,2,Monday,0
7766,7767,2021-04-06,2021,4,April,6,2,Tuesday,1
7767,7768,2021-04-07,2021,4,April,7,2,Wednesday,2
7768,7769,2021-04-08,2021,4,April,8,2,Thursday,3
7769,7770,2021-04-09,2021,4,April,9,2,Friday,4
7770,7771,2021-04-10,2021,4,April,10,2,Saturday,5
7771,7772,2021-04-11,2021,4,April,11,2,Sunday,6
7772,7773,2021-04-12,2021,4,April,12,2,Monday,0
7773,7774,2021-04-13,2021,4,April,13,2,Tuesday,1
7774,7775,2021-04-14,2021,4,April,14,2,Wednesday,2
7775,7776,2021-04-15,2021,4,April,15,2,Thursday,3
7776,7777,2021-04-16,2021,4,April,16,2,Friday,4
7777,7778,2021-04-17,2021,4,April,17,2,Saturday,5
7778,7779,2021-04-18,2021,4,April,18,2,Sunday,6
7779,7780,2021-04-19,2021,4,April,19,2,Monday,0
7780,7781,2021-04-20,2021,4,April,20,2,Tuesday,1
7781,7782,2021-04-21,2021,4,April,21,2,Wednesday,2
7782,7783,2021-04-22,2021,4,April,22,2,Thursday,3
7783,7784,2021-04-23,2021,4,April,23,2,Friday,4
7784,7785,2021-04-24,2021,4,April,24,2,Saturday,5
7785,7786,2021-04-25,2021,4,April,25,2,Sunday,6
7786,7787,2021-04-26,2021,4,April,26,2,Monday,0
7787,7788,2021-04-27,2021,4,April,27,2,Tuesday,1
7788,7789,2021-04-28,2021,4,April,28,2,Wednesday,2
7789,7790,2021-04-29,2021,4,April,29,2,Thursday,3
7790,7791,2021-04-30,2021,4,April,30,2,Friday,4
7791,7792,2021-05-01,2021,5,May,1,2,Saturday,5
7792,7793,2021-05-02,2021,5,May,2,2,Sunday,6
7793,7794,2021-05-03,2021,5,May,3,2,Monday,0
7794,7795,2021-05-04,2021,5,May,4,2,Tuesday,1
7795,7796,2021-05-05,2021,5,May,5,2,Wednesday,2
7796,7797,2021-05-06,2021,5,May,6,2,Thursday,3
7797,7798,2021-05-07,2021,5,May,7,2,Friday,4
7798,7799,2021-05-08,2021,5,May,8,2,Saturday,5
7799,7800,2021-05-09,2021,5,May,9,2,Sunday,6
7800,7801,2021-05-10,2021,5,May,10,2,Monday,0
7801,7802,2021-05-11,2021,5,May,11,2,Tuesday,1
7802,7803,2021-05-12,2021,5,May,12,2,Wednesday,2
7803,7804,2021-05-13,2021,5,May,13,2,Thursday,3
7804,7805,2021-05-14,2021,5,May,14,2,Friday,4
7805,7806,2021-05-15,2021,5,May,15,2,Saturday,5
7806,7807,2021-05-16,2021,5,May,16,2,Sunday,6
7807,7808,2021-05-17,2021,5,May,17,2,Monday,0
7808,7809,2021-05-18,2021,5,May,18,2,Tuesday,1
7809,7810,2021-05-19,2021,5,May,19,2,Wednesday,2
7810,7811,2021-05-20,2021,5,May,20,2,Thursday,3
7811,7812,2021-05-21,2021,5,May,21,2,Friday,4
7812,7813,2021-05-22,2021,5,May,22,2,Saturday,5
7813,7814,2021-05-23,2021,5,May,23,2,Sunday,6
7814,7815,2021-05-24,2021,5,May,24,2,Monday,0
7815,7816,2021-05-25,2021,5,May,25,2,Tuesday,1
7816,7817,2021-05-26,2021,5,May,26,2,Wednesday,2
7817,7818,2021-05-27,2021,5,May,27,2,Thursday,3
7818,7819,2021-05-28,2021,5,May,28,2,Friday,4
7819,7820,2021-05-29,2021,5,May,29,2,Saturday,5
7820,7821,2021-05-30,2021,5,May,30,2,Sunday,6
7821,7822,2021-05-31,2021,5,May,31,2,Monday,0
7822,7823,2021-06-01,2021,6,June,1,2,Tuesday,1
7823,7824,2021-06-02,2021,6,June,2,2,Wednesday,2
7824,7825,2021-06-03,2021,6,June,3,2,Thursday,3
7825,7826,2021-06-04,2021,6,June,4,2,Friday,4
7826,7827,2021-06-05,2021,6,June,5,2,Saturday,5
7827,7828,2021-06-06,2021,6,June,6,2,Sunday,6
7828,7829,2021-06-07,2021,6,June,7,2,Monday,0
7829,7830,2021-06-08,2021,6,June,8,2,Tuesday,1
7830,7831,2021-06-09,2021,6,June,9,2,Wednesday,2
7831,7832,2021-06-10,2021,6,June,10,2,Thursday,3
7832,7833,2021-06-11,2021,6,June,11,2,Friday,4
7833,7834,2021-06-12,2021,6,June,12,2,Saturday,5
7834,7835,2021-06-13,2021,6,June,13,2,Sunday,6
7835,7836,2021-06-14,2021,6,June,14,2,Monday,0
7836,7837,2021-06-15,2021,6,June,15,2,Tuesday,1
7837,7838,2021-06-16,2021,6,June,16,2,Wednesday,2
7838,7839,2021-06-17,2021,6,June,17,2,Thursday,3
7839,7840,2021-06-18,2021,6,June,18,2,Friday,4
7840,7841,2021-06-19,2021,6,June,19,2,Saturday,5
7841,7842,2021-06-20,2021,6,June,20,2,Sunday,6
7842,7843,2021-06-21,2021,6,June,21,2,Monday,0
7843,7844,2021-06-22,2021,6,June,22,2,Tuesday,1
7844,7845,2021-06-23,2021,6,June,23,2,Wednesday,2
7845,7846,2021-06-24,2021,6,June,24,2,Thursday,3
7846,7847,2021-06-25,2021,6,June,25,2,Friday,4
7847,7848,2021-06-26,2021,6,June,26,2,Saturday,5
7848,7849,2021-06-27,2021,6,June,27,2,Sunday,6
7849,7850,2021-06-28,2021,6,June,28,2,Monday,0
7850,7851,2021-06-29,2021,6,June,29,2,Tuesday,1
7851,7852,2021-06-30,2021,6,June,30,2,Wednesday,2
7852,7853,2021-07-01,2021,7,July,1,3,Thursday,3
7853,7854,2021-07-02,2021,7,July,2,3,Friday,4
7854,7855,2021-07-03,2021,7,July,3,3,Saturday,5
7855,7856,2021-07-04,2021,7,July,4,3,Sunday,6
7856,7857,2021-07-05,2021,7,July,5,3,Monday,0
7857,7858,2021-07-06,2021,7,July,6,3,Tuesday,1
7858,7859,2021-07-07,2021,7,July,7,3,Wednesday,2
7859,7860,2021-07-08,2021,7,July,8,3,Thursday,3
7860,7861,2021-07-09,2021,7,July,9,3,Friday,4
7861,7862,2021-07-10,2021,7,July,10,3,Saturday,5
7862,7863,2021-07-11,2021,7,July,11,3,Sunday,6
7863,7864,2021-07-12,2021,7,July,12,3,Monday,0
7864,7865,2021-07-13,2021,7,July,13,3,Tuesday,1
7865,7866,2021-07-14,2021,7,July,14,3,Wednesday,2
7866,7867,2021-07-15,2021,7,July,15,3,Thursday,3
7867,7868,2021-07-16,2021,7,July,16,3,Friday,4
7868,7869,2021-07-17,2021,7,July,17,3,Saturday,5
7869,7870,2021-07-18,2021,7,July,18,3,Sunday,6
7870,7871,2021-07-19,2021,7,July,19,3,Monday,0
7871,7872,2021-07-20,2021,7,July,20,3,Tuesday,1
7872,7873,2021-07-21,2021,7,July,21,3,Wednesday,2
7873,7874,2021-07-22,2021,7,July,22,3,Thursday,3
7874,7875,2021-07-23,2021,7,July,23,3,Friday,4
7875,7876,2021-07-24,2021,7,July,24,3,Saturday,5
7876,7877,2021-07-25,2021,7,July,25,3,Sunday,6
7877,7878,2021-07-26,2021,7,July,26,3,Monday,0
7878,7879,2021-07-27,2021,7,July,27,3,Tuesday,1
7879,7880,2021-07-28,2021,7,July,28,3,Wednesday,2
7880,7881,2021-07-29,2021,7,July,29,3,Thursday,3
7881,7882,2021-07-30,2021,7,July,30,3,Friday,4
7882,7883,2021-07-31,2021,7,July,31,3,Saturday,5
7883,7884,2021-08-01,2021,8,August,1,3,Sunday,6
7884,7885,2021-08-02,2021,8,August,2,3,Monday,0
7885,7886,2021-08-03,2021,8,August,3,3,Tuesday,1
7886,7887,2021-08-04,2021,8,August,4,3,Wednesday,2
7887,7888,2021-08-05,2021,8,August,5,3,Thursday,3
7888,7889,2021-08-06,2021,8,August,6,3,Friday,4
7889,7890,2021-08-07,2021,8,August,7,3,Saturday,5
7890,7891,2021-08-08,2021,8,August,8,3,Sunday,6
7891,7892,2021-08-09,2021,8,August,9,3,Monday,0
7892,7893,2021-08-10,2021,8,August,10,3,Tuesday,1
7893,7894,2021-08-11,2021,8,August,11,3,Wednesday,2
7894,7895,2021-08-12,2021,8,August,12,3,Thursday,3
7895,7896,2021-08-13,2021,8,August,13,3,Friday,4
7896,7897,2021-08-14,2021,8,August,14,3,Saturday,5
7897,7898,2021-08-15,2021,8,August,15,3,Sunday,6
7898,7899,2021-08-16,2021,8,August,16,3,Monday,0
7899,7900,2021-08-17,2021,8,August,17,3,Tuesday,1
7900,7901,2021-08-18,2021,8,August,18,3,Wednesday,2
7901,7902,2021-08-19,2021,8,August,19,3,Thursday,3
7902,7903,2021-08-20,2021,8,August,20,3,Friday,4
7903,7904,2021-08-21,2021,8,August,21,3,Saturday,5
7904,7905,2021-08-22,2021,8,August,22,3,Sunday,6
7905,7906,2021-08-23,2021,8,August,23,3,Monday,0
7906,7907,2021-08-24,2021,8,August,24,3,Tuesday,1
7907,7908,2021-08-25,2021,8,August,25,3,Wednesday,2
7908,7909,2021-08-26,2021,8,August,26,3,Thursday,3
7909,7910,2021-08-27,2021,8,August,27,3,Friday,4
7910,7911,2021-08-28,2021,8,August,28,3,Saturday,5
7911,7912,2021-08-29,2021,8,August,29,3,Sunday,6
7912,7913,2021-08-30,2021,8,August,30,3,Monday,0
7913,7914,2021-08-31,2021,8,August,31,3,Tuesday,1
7914,7915,2021-09-01,2021,9,September,1,3,Wednesday,2
7915,7916,2021-09-02,2021,9,September,2,3,Thursday,3
7916,7917,2021-09-03,2021,9,September,3,3,Friday,4
7917,7918,2021-09-04,2021,9,September,4,3,Saturday,5
7918,7919,2021-09-05,2021,9,September,5,3,Sunday,6
7919,7920,2021-09-06,2021,9,September,6,3,Monday,0
7920,7921,2021-09-07,2021,9,September,7,3,Tuesday,1
7921,7922,2021-09-08,2021,9,September,8,3,Wednesday,2
7922,7923,2021-09-09,2021,9,September,9,3,Thursday,3
7923,7924,2021-09-10,2021,9,September,10,3,Friday,4
7924,7925,2021-09-11,2021,9,September,11,3,Saturday,5
7925,7926,2021-09-12,2021,9,September,12,3,Sunday,6
7926,7927,2021-09-13,2021,9,September,13,3,Monday,0
7927,7928,2021-09-14,2021,9,September,14,3,Tuesday,1
7928,7929,2021-09-15,2021,9,September,15,3,Wednesday,2
7929,7930,2021-09-16,2021,9,September,16,3,Thursday,3
7930,7931,2021-09-17,2021,9,September,17,3,Friday,4
7931,7932,2021-09-18,2021,9,September,18,3,Saturday,5
7932,7933,2021-09-19,2021,9,September,19,3,Sunday,6
7933,7934,2021-09-20,2021,9,September,20,3,Monday,0
7934,7935,2021-09-21,2021,9,September,21,3,Tuesday,1
7935,7936,2021-09-22,2021,9,September,22,3,Wednesday,2
7936,7937,2021-09-23,2021,9,September,23,3,Thursday,3
7937,7938,2021-09-24,2021,9,September,24,3,Friday,4
7938,7939,2021-09-25,2021,9,September,25,3,Saturday,5
7939,7940,2021-09-26,2021,9,September,26,3,Sunday,6
7940,7941,2021-09-27,2021,9,September,27,3,Monday,0
7941,7942,2021-09-28,2021,9,September,28,3,Tuesday,1
7942,7943,2021-09-29,2021,9,September,29,3,Wednesday,2
7943,7944,2021-09-30,2021,9,September,30,3,Thursday,3
7944,7945,2021-10-01,2021,10,October,1,4,Friday,4
7945,7946,2021-10-02,2021,10,October,2,4,Saturday,5
7946,7947,2021-10-03,2021,10,October,3,4,Sunday,6
7947,7948,2021-10-04,2021,10,October,4,4,Monday,0
7948,7949,2021-10-05,2021,10,October,5,4,Tuesday,1
7949,7950,2021-10-06,2021,10,October,6,4,Wednesday,2
7950,7951,2021-10-07,2021,10,October,7,4,Thursday,3
7951,7952,2021-10-08,2021,10,October,8,4,Friday,4
7952,7953,2021-10-09,2021,10,October,9,4,Saturday,5
7953,7954,2021-10-10,2021,10,October,10,4,Sunday,6
7954,7955,2021-10-11,2021,10,October,11,4,Monday,0
7955,7956,2021-10-12,2021,10,October,12,4,Tuesday,1
7956,7957,2021-10-13,2021,10,October,13,4,Wednesday,2
7957,7958,2021-10-14,2021,10,October,14,4,Thursday,3
7958,7959,2021-10-15,2021,10,October,15,4,Friday,4
7959,7960,2021-10-16,2021,10,October,16,4,Saturday,5
7960,7961,2021-10-17,2021,10,October,17,4,Sunday,6
7961,7962,2021-10-18,2021,10,October,18,4,Monday,0
7962,7963,2021-10-19,2021,10,October,19,4,Tuesday,1
7963,7964,2021-10-20,2021,10,October,20,4,Wednesday,2
7964,7965,2021-10-21,2021,10,October,21,4,Thursday,3
7965,7966,2021-10-22,2021,10,October,22,4,Friday,4
7966,7967,2021-10-23,2021,10,October,23,4,Saturday,5
7967,7968,2021-10-24,2021,10,October,24,4,Sunday,6
7968,7969,2021-10-25,2021,10,October,25,4,Monday,0
7969,7970,2021-10-26,2021,10,October,26,4,Tuesday,1
7970,7971,2021-10-27,2021,10,October,27,4,Wednesday,2
7971,7972,2021-10-28,2021,10,October,28,4,Thursday,3
7972,7973,2021-10-29,2021,10,October,29,4,Friday,4
7973,7974,2021-10-30,2021,10,October,30,4,Saturday,5
7974,7975,2021-10-31,2021,10,October,31,4,Sunday,6
7975,7976,2021-11-01,2021,11,November,1,4,Monday,0
7976,7977,2021-11-02,2021,11,November,2,4,Tuesday,1
7977,7978,2021-11-03,2021,11,November,3,4,Wednesday,2
7978,7979,2021-11-04,2021,11,November,4,4,Thursday,3
7979,7980,2021-11-05,2021,11,November,5,4,Friday,4
7980,7981,2021-11-06,2021,11,November,6,4,Saturday,5
7981,7982,2021-11-07,2021,11,November,7,4,Sunday,6
7982,7983,2021-11-08,2021,11,November,8,4,Monday,0
7983,7984,2021-11-09,2021,11,November,9,4,Tuesday,1
7984,7985,2021-11-10,2021,11,November,10,4,Wednesday,2
7985,7986,2021-11-11,2021,11,November,11,4,Thursday,3
7986,7987,2021-11-12,2021,11,November,12,4,Friday,4
7987,7988,2021-11-13,2021,11,November,13,4,Saturday,5
7988,7989,2021-11-14,2021,11,November,14,4,Sunday,6
7989,7990,2021-11-15,2021,11,November,15,4,Monday,0
7990,7991,2021-11-16,2021,11,November,16,4,Tuesday,1
7991,7992,2021-11-17,2021,11,November,17,4,Wednesday,2
7992,7993,2021-11-18,2021,11,November,18,4,Thursday,3
7993,7994,2021-11-19,2021,11,November,19,4,Friday,4
7994,7995,2021-11-20,2021,11,November,20,4,Saturday,5
7995,7996,2021-11-21,2021,11,November,21,4,Sunday,6
7996,7997,2021-11-22,2021,11,November,22,4,Monday,0
7997,7998,2021-11-23,2021,11,November,23,4,Tuesday,1
7998,7999,2021-11-24,2021,11,November,24,4,Wednesday,2
7999,8000,2021-11-25,2021,11,November,25,4,Thursday,3
8000,8001,2021-11-26,2021,11,November,26,4,Friday,4
8001,8002,2021-11-27,2021,11,November,27,4,Saturday,5
8002,8003,2021-11-28,2021,11,November,28,4,Sunday,6
8003,8004,2021-11-29,2021,11,November,29,4,Monday,0
8004,8005,2021-11-30,2021,11,November,30,4,Tuesday,1
8005,8006,2021-12-01,2021,12,December,1,4,Wednesday,2
8006,8007,2021-12-02,2021,12,December,2,4,Thursday,3
8007,8008,2021-12-03,2021,12,December,3,4,Friday,4
8008,8009,2021-12-04,2021,12,December,4,4,Saturday,5
8009,8010,2021-12-05,2021,12,December,5,4,Sunday,6
8010,8011,2021-12-06,2021,12,December,6,4,Monday,0
8011,8012,2021-12-07,2021,12,December,7,4,Tuesday,1
8012,8013,2021-12-08,2021,12,December,8,4,Wednesday,2
8013,8014,2021-12-09,2021,12,December,9,4,Thursday,3
8014,8015,2021-12-10,2021,12,December,10,4,Friday,4
8015,8016,2021-12-11,2021,12,December,11,4,Saturday,5
8016,8017,2021-12-12,2021,12,December,12,4,Sunday,6
8017,8018,2021-12-13,2021,12,December,13,4,Monday,0
8018,8019,2021-12-14,2021,12,December,14,4,Tuesday,1
8019,8020,2021-12-15,2021,12,December,15,4,Wednesday,2
8020,8021,2021-12-16,2021,12,December,16,4,Thursday,3
8021,8022,2021-12-17,2021,12,December,17,4,Friday,4
8022,8023,2021-12-18,2021,12,December,18,4,Saturday,5
8023,8024,2021-12-19,2021,12,December,19,4,Sunday,6
8024,8025,2021-12-20,2021,12,December,20,4,Monday,0
8025,8026,2021-12-21,2021,12,December,21,4,Tuesday,1
8026,8027,2021-12-22,2021,12,December,22,4,Wednesday,2
8027,8028,2021-12-23,2021,12,December,23,4,Thursday,3
8028,8029,2021-12-24,2021,12,December,24,4,Friday,4
8029,8030,2021-12-25,2021,12,December,25,4,Saturday,5
8030,8031,2021-12-26,2021,12,December,26,4,Sunday,6
8031,8032,2021-12-27,2021,12,December,27,4,Monday,0
8032,8033,2021-12-28,2021,12,December,28,4,Tuesday,1
8033,8034,2021-12-29,2021,12,December,29,4,Wednesday,2
8034,8035,2021-12-30,2021,12,December,30,4,Thursday,3
8035,8036,2021-12-31,2021,12,December,31,4,Friday,4
8036,8037,2022-01-01,2022,1,January,1,1,Saturday,5
8037,8038,2022-01-02,2022,1,January,2,1,Sunday,6
8038,8039,2022-01-03,2022,1,January,3,1,Monday,0
8039,8040,2022-01-04,2022,1,January,4,1,Tuesday,1
8040,8041,2022-01-05,2022,1,January,5,1,Wednesday,2
8041,8042,2022-01-06,2022,1,January,6,1,Thursday,3
8042,8043,2022-01-07,2022,1,January,7,1,Friday,4
8043,8044,2022-01-08,2022,1,January,8,1,Saturday,5
8044,8045,2022-01-09,2022,1,January,9,1,Sunday,6
8045,8046,2022-01-10,2022,1,January,10,1,Monday,0
8046,8047,2022-01-11,2022,1,January,11,1,Tuesday,1
8047,8048,2022-01-12,2022,1,January,12,1,Wednesday,2
8048,8049,2022-01-13,2022,1,January,13,1,Thursday,3
8049,8050,2022-01-14,2022,1,January,14,1,Friday,4
8050,8051,2022-01-15,2022,1,January,15,1,Saturday,5
8051,8052,2022-01-16,2022,1,January,16,1,Sunday,6
8052,8053,2022-01-17,2022,1,January,17,1,Monday,0
8053,8054,2022-01-18,2022,1,January,18,1,Tuesday,1
8054,8055,2022-01-19,2022,1,January,19,1,Wednesday,2
8055,8056,2022-01-20,2022,1,January,20,1,Thursday,3
8056,8057,2022-01-21,2022,1,January,21,1,Friday,4
8057,8058,2022-01-22,2022,1,January,22,1,Saturday,5
8058,8059,2022-01-23,2022,1,January,23,1,Sunday,6
8059,8060,2022-01-24,2022,1,January,24,1,Monday,0
8060,8061,2022-01-25,2022,1,January,25,1,Tuesday,1
8061,8062,2022-01-26,2022,1,January,26,1,Wednesday,2
8062,8063,2022-01-27,2022,1,January,27,1,Thursday,3
8063,8064,2022-01-28,2022,1,January,28,1,Friday,4
8064,8065,2022-01-29,2022,1,January,29,1,Saturday,5
8065,8066,2022-01-30,2022,1,January,30,1,Sunday,6
8066,8067,2022-01-31,2022,1,January,31,1,Monday,0
8067,8068,2022-02-01,2022,2,February,1,1,Tuesday,1
8068,8069,2022-02-02,2022,2,February,2,1,Wednesday,2
8069,8070,2022-02-03,2022,2,February,3,1,Thursday,3
8070,8071,2022-02-04,2022,2,February,4,1,Friday,4
8071,8072,2022-02-05,2022,2,February,5,1,Saturday,5
8072,8073,2022-02-06,2022,2,February,6,1,Sunday,6
8073,8074,2022-02-07,2022,2,February,7,1,Monday,0
8074,8075,2022-02-08,2022,2,February,8,1,Tuesday,1
8075,8076,2022-02-09,2022,2,February,9,1,Wednesday,2
8076,8077,2022-02-10,2022,2,February,10,1,Thursday,3
8077,8078,2022-02-11,2022,2,February,11,1,Friday,4
8078,8079,2022-02-12,2022,2,February,12,1,Saturday,5
8079,8080,2022-02-13,2022,2,February,13,1,Sunday,6
8080,8081,2022-02-14,2022,2,February,14,1,Monday,0
8081,8082,2022-02-15,2022,2,February,15,1,Tuesday,1
8082,8083,2022-02-16,2022,2,February,16,1,Wednesday,2
8083,8084,2022-02-17,2022,2,February,17,1,Thursday,3
8084,8085,2022-02-18,2022,2,February,18,1,Friday,4
8085,8086,2022-02-19,2022,2,February,19,1,Saturday,5
8086,8087,2022-02-20,2022,2,February,20,1,Sunday,6
8087,8088,2022-02-21,2022,2,February,21,1,Monday,0
8088,8089,2022-02-22,2022,2,February,22,1,Tuesday,1
8089,8090,2022-02-23,2022,2,February,23,1,Wednesday,2
8090,8091,2022-02-24,2022,2,February,24,1,Thursday,3
8091,8092,2022-02-25,2022,2,February,25,1,Friday,4
8092,8093,2022-02-26,2022,2,February,26,1,Saturday,5
8093,8094,2022-02-27,2022,2,February,27,1,Sunday,6
8094,8095,2022-02-28,2022,2,February,28,1,Monday,0
8095,8096,2022-03-01,2022,3,March,1,1,Tuesday,1
8096,8097,2022-03-02,2022,3,March,2,1,Wednesday,2
8097,8098,2022-03-03,2022,3,March,3,1,Thursday,3
8098,8099,2022-03-04,2022,3,March,4,1,Friday,4
8099,8100,2022-03-05,2022,3,March,5,1,Saturday,5
8100,8101,2022-03-06,2022,3,March,6,1,Sunday,6
8101,8102,2022-03-07,2022,3,March,7,1,Monday,0
8102,8103,2022-03-08,2022,3,March,8,1,Tuesday,1
8103,8104,2022-03-09,2022,3,March,9,1,Wednesday,2
8104,8105,2022-03-10,2022,3,March,10,1,Thursday,3
8105,8106,2022-03-11,2022,3,March,11,1,Friday,4
8106,8107,2022-03-12,2022,3,March,12,1,Saturday,5
8107,8108,2022-03-13,2022,3,March,13,1,Sunday,6
8108,8109,2022-03-14,2022,3,March,14,1,Monday,0
8109,8110,2022-03-15,2022,3,March,15,1,Tuesday,1
8110,8111,2022-03-16,2022,3,March,16,1,Wednesday,2
8111,8112,2022-03-17,2022,3,March,17,1,Thursday,3
8112,8113,2022-03-18,2022,3,March,18,1,Friday,4
8113,8114,2022-03-19,2022,3,March,19,1,Saturday,5
8114,8115,2022-03-20,2022,3,March,20,1,Sunday,6
8115,8116,2022-03-21,2022,3,March,21,1,Monday,0
8116,8117,2022-03-22,2022,3,March,22,1,Tuesday,1
8117,8118,2022-03-23,2022,3,March,23,1,Wednesday,2
8118,8119,2022-03-24,2022,3,March,24,1,Thursday,3
8119,8120,2022-03-25,2022,3,March,25,1,Friday,4
8120,8121,2022-03-26,2022,3,March,26,1,Saturday,5
8121,8122,2022-03-27,2022,3,March,27,1,Sunday,6
8122,8123,2022-03-28,2022,3,March,28,1,Monday,0
8123,8124,2022-03-29,2022,3,March,29,1,Tuesday,1
8124,8125,2022-03-30,2022,3,March,30,1,Wednesday,2
8125,8126,2022-03-31,2022,3,March,31,1,Thursday,3
8126,8127,2022-04-01,2022,4,April,1,2,Friday,4
8127,8128,2022-04-02,2022,4,April,2,2,Saturday,5
8128,8129,2022-04-03,2022,4,April,3,2,Sunday,6
8129,8130,2022-04-04,2022,4,April,4,2,Monday,0
8130,8131,2022-04-05,2022,4,April,5,2,Tuesday,1
8131,8132,2022-04-06,2022,4,April,6,2,Wednesday,2
8132,8133,2022-04-07,2022,4,April,7,2,Thursday,3
8133,8134,2022-04-08,2022,4,April,8,2,Friday,4
8134,8135,2022-04-09,2022,4,April,9,2,Saturday,5
8135,8136,2022-04-10,2022,4,April,10,2,Sunday,6
8136,8137,2022-04-11,2022,4,April,11,2,Monday,0
8137,8138,2022-04-12,2022,4,April,12,2,Tuesday,1
8138,8139,2022-04-13,2022,4,April,13,2,Wednesday,2
8139,8140,2022-04-14,2022,4,April,14,2,Thursday,3
8140,8141,2022-04-15,2022,4,April,15,2,Friday,4
8141,8142,2022-04-16,2022,4,April,16,2,Saturday,5
8142,8143,2022-04-17,2022,4,April,17,2,Sunday,6
8143,8144,2022-04-18,2022,4,April,18,2,Monday,0
8144,8145,2022-04-19,2022,4,April,19,2,Tuesday,1
8145,8146,2022-04-20,2022,4,April,20,2,Wednesday,2
8146,8147,2022-04-21,2022,4,April,21,2,Thursday,3
8147,8148,2022-04-22,2022,4,April,22,2,Friday,4
8148,8149,2022-04-23,2022,4,April,23,2,Saturday,5
8149,8150,2022-04-24,2022,4,April,24,2,Sunday,6
8150,8151,2022-04-25,2022,4,April,25,2,Monday,0
8151,8152,2022-04-26,2022,4,April,26,2,Tuesday,1
8152,8153,2022-04-27,2022,4,April,27,2,Wednesday,2
8153,8154,2022-04-28,2022,4,April,28,2,Thursday,3
8154,8155,2022-04-29,2022,4,April,29,2,Friday,4
8155,8156,2022-04-30,2022,4,April,30,2,Saturday,5
8156,8157,2022-05-01,2022,5,May,1,2,Sunday,6
8157,8158,2022-05-02,2022,5,May,2,2,Monday,0
8158,8159,2022-05-03,2022,5,May,3,2,Tuesday,1
8159,8160,2022-05-04,2022,5,May,4,2,Wednesday,2
8160,8161,2022-05-05,2022,5,May,5,2,Thursday,3
8161,8162,2022-05-06,2022,5,May,6,2,Friday,4
8162,8163,2022-05-07,2022,5,May,7,2,Saturday,5
8163,8164,2022-05-08,2022,5,May,8,2,Sunday,6
8164,8165,2022-05-09,2022,5,May,9,2,Monday,0
8165,8166,2022-05-10,2022,5,May,10,2,Tuesday,1
8166,8167,2022-05-11,2022,5,May,11,2,Wednesday,2
8167,8168,2022-05-12,2022,5,May,12,2,Thursday,3
8168,8169,2022-05-13,2022,5,May,13,2,Friday,4
8169,8170,2022-05-14,2022,5,May,14,2,Saturday,5
8170,8171,2022-05-15,2022,5,May,15,2,Sunday,6
8171,8172,2022-05-16,2022,5,May,16,2,Monday,0
8172,8173,2022-05-17,2022,5,May,17,2,Tuesday,1
8173,8174,2022-05-18,2022,5,May,18,2,Wednesday,2
8174,8175,2022-05-19,2022,5,May,19,2,Thursday,3
8175,8176,2022-05-20,2022,5,May,20,2,Friday,4
8176,8177,2022-05-21,2022,5,May,21,2,Saturday,5
8177,8178,2022-05-22,2022,5,May,22,2,Sunday,6
8178,8179,2022-05-23,2022,5,May,23,2,Monday,0
8179,8180,2022-05-24,2022,5,May,24,2,Tuesday,1
8180,8181,2022-05-25,2022,5,May,25,2,Wednesday,2
8181,8182,2022-05-26,2022,5,May,26,2,Thursday,3
8182,8183,2022-05-27,2022,5,May,27,2,Friday,4
8183,8184,2022-05-28,2022,5,May,28,2,Saturday,5
8184,8185,2022-05-29,2022,5,May,29,2,Sunday,6
8185,8186,2022-05-30,2022,5,May,30,2,Monday,0
8186,8187,2022-05-31,2022,5,May,31,2,Tuesday,1
8187,8188,2022-06-01,2022,6,June,1,2,Wednesday,2
8188,8189,2022-06-02,2022,6,June,2,2,Thursday,3
8189,8190,2022-06-03,2022,6,June,3,2,Friday,4
8190,8191,2022-06-04,2022,6,June,4,2,Saturday,5
8191,8192,2022-06-05,2022,6,June,5,2,Sunday,6
8192,8193,2022-06-06,2022,6,June,6,2,Monday,0
8193,8194,2022-06-07,2022,6,June,7,2,Tuesday,1
8194,8195,2022-06-08,2022,6,June,8,2,Wednesday,2
8195,8196,2022-06-09,2022,6,June,9,2,Thursday,3
8196,8197,2022-06-10,2022,6,June,10,2,Friday,4
8197,8198,2022-06-11,2022,6,June,11,2,Saturday,5
8198,8199,2022-06-12,2022,6,June,12,2,Sunday,6
8199,8200,2022-06-13,2022,6,June,13,2,Monday,0
8200,8201,2022-06-14,2022,6,June,14,2,Tuesday,1
8201,8202,2022-06-15,2022,6,June,15,2,Wednesday,2
8202,8203,2022-06-16,2022,6,June,16,2,Thursday,3
8203,8204,2022-06-17,2022,6,June,17,2,Friday,4
8204,8205,2022-06-18,2022,6,June,18,2,Saturday,5
8205,8206,2022-06-19,2022,6,June,19,2,Sunday,6
8206,8207,2022-06-20,2022,6,June,20,2,Monday,0
8207,8208,2022-06-21,2022,6,June,21,2,Tuesday,1
8208,8209,2022-06-22,2022,6,June,22,2,Wednesday,2
8209,8210,2022-06-23,2022,6,June,23,2,Thursday,3
8210,8211,2022-06-24,2022,6,June,24,2,Friday,4
8211,8212,2022-06-25,2022,6,June,25,2,Saturday,5
8212,8213,2022-06-26,2022,6,June,26,2,Sunday,6
8213,8214,2022-06-27,2022,6,June,27,2,Monday,0
8214,8215,2022-06-28,2022,6,June,28,2,Tuesday,1
8215,8216,2022-06-29,2022,6,June,29,2,Wednesday,2
8216,8217,2022-06-30,2022,6,June,30,2,Thursday,3
8217,8218,2022-07-01,2022,7,July,1,3,Friday,4
8218,8219,2022-07-02,2022,7,July,2,3,Saturday,5
8219,8220,2022-07-03,2022,7,July,3,3,Sunday,6
8220,8221,2022-07-04,2022,7,July,4,3,Monday,0
8221,8222,2022-07-05,2022,7,July,5,3,Tuesday,1
8222,8223,2022-07-06,2022,7,July,6,3,Wednesday,2
8223,8224,2022-07-07,2022,7,July,7,3,Thursday,3
8224,8225,2022-07-08,2022,7,July,8,3,Friday,4
8225,8226,2022-07-09,2022,7,July,9,3,Saturday,5
8226,8227,2022-07-10,2022,7,July,10,3,Sunday,6
8227,8228,2022-07-11,2022,7,July,11,3,Monday,0
8228,8229,2022-07-12,2022,7,July,12,3,Tuesday,1
8229,8230,2022-07-13,2022,7,July,13,3,Wednesday,2
8230,8231,2022-07-14,2022,7,July,14,3,Thursday,3
8231,8232,2022-07-15,2022,7,July,15,3,Friday,4
8232,8233,2022-07-16,2022,7,July,16,3,Saturday,5
8233,8234,2022-07-17,2022,7,July,17,3,Sunday,6
8234,8235,2022-07-18,2022,7,July,18,3,Monday,0
8235,8236,2022-07-19,2022,7,July,19,3,Tuesday,1
8236,8237,2022-07-20,2022,7,July,20,3,Wednesday,2
8237,8238,2022-07-21,2022,7,July,21,3,Thursday,3
8238,8239,2022-07-22,2022,7,July,22,3,Friday,4
8239,8240,2022-07-23,2022,7,July,23,3,Saturday,5
8240,8241,2022-07-24,2022,7,July,24,3,Sunday,6
8241,8242,2022-07-25,2022,7,July,25,3,Monday,0
8242,8243,2022-07-26,2022,7,July,26,3,Tuesday,1
8243,8244,2022-07-27,2022,7,July,27,3,Wednesday,2
8244,8245,2022-07-28,2022,7,July,28,3,Thursday,3
8245,8246,2022-07-29,2022,7,July,29,3,Friday,4
8246,8247,2022-07-30,2022,7,July,30,3,Saturday,5
8247,8248,2022-07-31,2022,7,July,31,3,Sunday,6
8248,8249,2022-08-01,2022,8,August,1,3,Monday,0
8249,8250,2022-08-02,2022,8,August,2,3,Tuesday,1
8250,8251,2022-08-03,2022,8,August,3,3,Wednesday,2
8251,8252,2022-08-04,2022,8,August,4,3,Thursday,3
8252,8253,2022-08-05,2022,8,August,5,3,Friday,4
8253,8254,2022-08-06,2022,8,August,6,3,Saturday,5
8254,8255,2022-08-07,2022,8,August,7,3,Sunday,6
8255,8256,2022-08-08,2022,8,August,8,3,Monday,0
8256,8257,2022-08-09,2022,8,August,9,3,Tuesday,1
8257,8258,2022-08-10,2022,8,August,10,3,Wednesday,2
8258,8259,2022-08-11,2022,8,August,11,3,Thursday,3
8259,8260,2022-08-12,2022,8,August,12,3,Friday,4
8260,8261,2022-08-13,2022,8,August,13,3,Saturday,5
8261,8262,2022-08-14,2022,8,August,14,3,Sunday,6
8262,8263,2022-08-15,2022,8,August,15,3,Monday,0
8263,8264,2022-08-16,2022,8,August,16,3,Tuesday,1
8264,8265,2022-08-17,2022,8,August,17,3,Wednesday,2
8265,8266,2022-08-18,2022,8,August,18,3,Thursday,3
8266,8267,2022-08-19,2022,8,August,19,3,Friday,4
8267,8268,2022-08-20,2022,8,August,20,3,Saturday,5
8268,8269,2022-08-21,2022,8,August,21,3,Sunday,6
8269,8270,2022-08-22,2022,8,August,22,3,Monday,0
8270,8271,2022-08-23,2022,8,August,23,3,Tuesday,1
8271,8272,2022-08-24,2022,8,August,24,3,Wednesday,2
8272,8273,2022-08-25,2022,8,August,25,3,Thursday,3
8273,8274,2022-08-26,2022,8,August,26,3,Friday,4
8274,8275,2022-08-27,2022,8,August,27,3,Saturday,5
8275,8276,2022-08-28,2022,8,August,28,3,Sunday,6
8276,8277,2022-08-29,2022,8,August,29,3,Monday,0
8277,8278,2022-08-30,2022,8,August,30,3,Tuesday,1
8278,8279,2022-08-31,2022,8,August,31,3,Wednesday,2
8279,8280,2022-09-01,2022,9,September,1,3,Thursday,3
8280,8281,2022-09-02,2022,9,September,2,3,Friday,4
8281,8282,2022-09-03,2022,9,September,3,3,Saturday,5
8282,8283,2022-09-04,2022,9,September,4,3,Sunday,6
8283,8284,2022-09-05,2022,9,September,5,3,Monday,0
8284,8285,2022-09-06,2022,9,September,6,3,Tuesday,1
8285,8286,2022-09-07,2022,9,September,7,3,Wednesday,2
8286,8287,2022-09-08,2022,9,September,8,3,Thursday,3
8287,8288,2022-09-09,2022,9,September,9,3,Friday,4
8288,8289,2022-09-10,2022,9,September,10,3,Saturday,5
8289,8290,2022-09-11,2022,9,September,11,3,Sunday,6
8290,8291,2022-09-12,2022,9,September,12,3,Monday,0
8291,8292,2022-09-13,2022,9,September,13,3,Tuesday,1
8292,8293,2022-09-14,2022,9,September,14,3,Wednesday,2
8293,8294,2022-09-15,2022,9,September,15,3,Thursday,3
8294,8295,2022-09-16,2022,9,September,16,3,Friday,4
8295,8296,2022-09-17,2022,9,September,17,3,Saturday,5
8296,8297,2022-09-18,2022,9,September,18,3,Sunday,6
8297,8298,2022-09-19,2022,9,September,19,3,Monday,0
8298,8299,2022-09-20,2022,9,September,20,3,Tuesday,1
8299,8300,2022-09-21,2022,9,September,21,3,Wednesday,2
8300,8301,2022-09-22,2022,9,September,22,3,Thursday,3
8301,8302,2022-09-23,2022,9,September,23,3,Friday,4
8302,8303,2022-09-24,2022,9,September,24,3,Saturday,5
8303,8304,2022-09-25,2022,9,September,25,3,Sunday,6
8304,8305,2022-09-26,2022,9,September,26,3,Monday,0
8305,8306,2022-09-27,2022,9,September,27,3,Tuesday,1
8306,8307,2022-09-28,2022,9,September,28,3,Wednesday,2
8307,8308,2022-09-29,2022,9,September,29,3,Thursday,3
8308,8309,2022-09-30,2022,9,September,30,3,Friday,4
8309,8310,2022-10-01,2022,10,October,1,4,Saturday,5
8310,8311,2022-10-02,2022,10,October,2,4,Sunday,6
8311,8312,2022-10-03,2022,10,October,3,4,Monday,0
8312,8313,2022-10-04,2022,10,October,4,4,Tuesday,1
8313,8314,2022-10-05,2022,10,October,5,4,Wednesday,2
8314,8315,2022-10-06,2022,10,October,6,4,Thursday,3
8315,8316,2022-10-07,2022,10,October,7,4,Friday,4
8316,8317,2022-10-08,2022,10,October,8,4,Saturday,5
8317,8318,2022-10-09,2022,10,October,9,4,Sunday,6
8318,8319,2022-10-10,2022,10,October,10,4,Monday,0
8319,8320,2022-10-11,2022,10,October,11,4,Tuesday,1
8320,8321,2022-10-12,2022,10,October,12,4,Wednesday,2
8321,8322,2022-10-13,2022,10,October,13,4,Thursday,3
8322,8323,2022-10-14,2022,10,October,14,4,Friday,4
8323,8324,2022-10-15,2022,10,October,15,4,Saturday,5
8324,8325,2022-10-16,2022,10,October,16,4,Sunday,6
8325,8326,2022-10-17,2022,10,October,17,4,Monday,0
8326,8327,2022-10-18,2022,10,October,18,4,Tuesday,1
8327,8328,2022-10-19,2022,10,October,19,4,Wednesday,2
8328,8329,2022-10-20,2022,10,October,20,4,Thursday,3
8329,8330,2022-10-21,2022,10,October,21,4,Friday,4
8330,8331,2022-10-22,2022,10,October,22,4,Saturday,5
8331,8332,2022-10-23,2022,10,October,23,4,Sunday,6
8332,8333,2022-10-24,2022,10,October,24,4,Monday,0
8333,8334,2022-10-25,2022,10,October,25,4,Tuesday,1
8334,8335,2022-10-26,2022,10,October,26,4,Wednesday,2
8335,8336,2022-10-27,2022,10,October,27,4,Thursday,3
8336,8337,2022-10-28,2022,10,October,28,4,Friday,4
8337,8338,2022-10-29,2022,10,October,29,4,Saturday,5
8338,8339,2022-10-30,2022,10,October,30,4,Sunday,6
8339,8340,2022-10-31,2022,10,October,31,4,Monday,0
8340,8341,2022-11-01,2022,11,November,1,4,Tuesday,1
8341,8342,2022-11-02,2022,11,November,2,4,Wednesday,2
8342,8343,2022-11-03,2022,11,November,3,4,Thursday,3
8343,8344,2022-11-04,2022,11,November,4,4,Friday,4
8344,8345,2022-11-05,2022,11,November,5,4,Saturday,5
8345,8346,2022-11-06,2022,11,November,6,4,Sunday,6
8346,8347,2022-11-07,2022,11,November,7,4,Monday,0
8347,8348,2022-11-08,2022,11,November,8,4,Tuesday,1
8348,8349,2022-11-09,2022,11,November,9,4,Wednesday,2
8349,8350,2022-11-10,2022,11,November,10,4,Thursday,3
8350,8351,2022-11-11,2022,11,November,11,4,Friday,4
8351,8352,2022-11-12,2022,11,November,12,4,Saturday,5
8352,8353,2022-11-13,2022,11,November,13,4,Sunday,6
8353,8354,2022-11-14,2022,11,November,14,4,Monday,0
8354,8355,2022-11-15,2022,11,November,15,4,Tuesday,1
8355,8356,2022-11-16,2022,11,November,16,4,Wednesday,2
8356,8357,2022-11-17,2022,11,November,17,4,Thursday,3
8357,8358,2022-11-18,2022,11,November,18,4,Friday,4
8358,8359,2022-11-19,2022,11,November,19,4,Saturday,5
8359,8360,2022-11-20,2022,11,November,20,4,Sunday,6
8360,8361,2022-11-21,2022,11,November,21,4,Monday,0
8361,8362,2022-11-22,2022,11,November,22,4,Tuesday,1
8362,8363,2022-11-23,2022,11,November,23,4,Wednesday,2
8363,8364,2022-11-24,2022,11,November,24,4,Thursday,3
8364,8365,2022-11-25,2022,11,November,25,4,Friday,4
8365,8366,2022-11-26,2022,11,November,26,4,Saturday,5
8366,8367,2022-11-27,2022,11,November,27,4,Sunday,6
8367,8368,2022-11-28,2022,11,November,28,4,Monday,0
8368,8369,2022-11-29,2022,11,November,29,4,Tuesday,1
8369,8370,2022-11-30,2022,11,November,30,4,Wednesday,2
8370,8371,2022-12-01,2022,12,December,1,4,Thursday,3
8371,8372,2022-12-02,2022,12,December,2,4,Friday,4
8372,8373,2022-12-03,2022,12,December,3,4,Saturday,5
8373,8374,2022-12-04,2022,12,December,4,4,Sunday,6
8374,8375,2022-12-05,2022,12,December,5,4,Monday,0
8375,8376,2022-12-06,2022,12,December,6,4,Tuesday,1
8376,8377,2022-12-07,2022,12,December,7,4,Wednesday,2
8377,8378,2022-12-08,2022,12,December,8,4,Thursday,3
8378,8379,2022-12-09,2022,12,December,9,4,Friday,4
8379,8380,2022-12-10,2022,12,December,10,4,Saturday,5
8380,8381,2022-12-11,2022,12,December,11,4,Sunday,6
8381,8382,2022-12-12,2022,12,December,12,4,Monday,0
8382,8383,2022-12-13,2022,12,December,13,4,Tuesday,1
8383,8384,2022-12-14,2022,12,December,14,4,Wednesday,2
8384,8385,2022-12-15,2022,12,December,15,4,Thursday,3
8385,8386,2022-12-16,2022,12,December,16,4,Friday,4
8386,8387,2022-12-17,2022,12,December,17,4,Saturday,5
8387,8388,2022-12-18,2022,12,December,18,4,Sunday,6
8388,8389,2022-12-19,2022,12,December,19,4,Monday,0
8389,8390,2022-12-20,2022,12,December,20,4,Tuesday,1
8390,8391,2022-12-21,2022,12,December,21,4,Wednesday,2
8391,8392,2022-12-22,2022,12,December,22,4,Thursday,3
8392,8393,2022-12-23,2022,12,December,23,4,Friday,4
8393,8394,2022-12-24,2022,12,December,24,4,Saturday,5
8394,8395,2022-12-25,2022,12,December,25,4,Sunday,6
8395,8396,2022-12-26,2022,12,December,26,4,Monday,0
8396,8397,2022-12-27,2022,12,December,27,4,Tuesday,1
8397,8398,2022-12-28,2022,12,December,28,4,Wednesday,2
8398,8399,2022-12-29,2022,12,December,29,4,Thursday,3
8399,8400,2022-12-30,2022,12,December,30,4,Friday,4
8400,8401,2022-12-31,2022,12,December,31,4,Saturday,5
8401,8402,2023-01-01,2023,1,January,1,1,Sunday,6
8402,8403,2023-01-02,2023,1,January,2,1,Monday,0
8403,8404,2023-01-03,2023,1,January,3,1,Tuesday,1
8404,8405,2023-01-04,2023,1,January,4,1,Wednesday,2
8405,8406,2023-01-05,2023,1,January,5,1,Thursday,3
8406,8407,2023-01-06,2023,1,January,6,1,Friday,4
8407,8408,2023-01-07,2023,1,January,7,1,Saturday,5
8408,8409,2023-01-08,2023,1,January,8,1,Sunday,6
8409,8410,2023-01-09,2023,1,January,9,1,Monday,0
8410,8411,2023-01-10,2023,1,January,10,1,Tuesday,1
8411,8412,2023-01-11,2023,1,January,11,1,Wednesday,2
8412,8413,2023-01-12,2023,1,January,12,1,Thursday,3
8413,8414,2023-01-13,2023,1,January,13,1,Friday,4
8414,8415,2023-01-14,2023,1,January,14,1,Saturday,5
8415,8416,2023-01-15,2023,1,January,15,1,Sunday,6
8416,8417,2023-01-16,2023,1,January,16,1,Monday,0
8417,8418,2023-01-17,2023,1,January,17,1,Tuesday,1
8418,8419,2023-01-18,2023,1,January,18,1,Wednesday,2
8419,8420,2023-01-19,2023,1,January,19,1,Thursday,3
8420,8421,2023-01-20,2023,1,January,20,1,Friday,4
8421,8422,2023-01-21,2023,1,January,21,1,Saturday,5
8422,8423,2023-01-22,2023,1,January,22,1,Sunday,6
8423,8424,2023-01-23,2023,1,January,23,1,Monday,0
8424,8425,2023-01-24,2023,1,January,24,1,Tuesday,1
8425,8426,2023-01-25,2023,1,January,25,1,Wednesday,2
8426,8427,2023-01-26,2023,1,January,26,1,Thursday,3
8427,8428,2023-01-27,2023,1,January,27,1,Friday,4
8428,8429,2023-01-28,2023,1,January,28,1,Saturday,5
8429,8430,2023-01-29,2023,1,January,29,1,Sunday,6
8430,8431,2023-01-30,2023,1,January,30,1,Monday,0
8431,8432,2023-01-31,2023,1,January,31,1,Tuesday,1
8432,8433,2023-02-01,2023,2,February,1,1,Wednesday,2
8433,8434,2023-02-02,2023,2,February,2,1,Thursday,3
8434,8435,2023-02-03,2023,2,February,3,1,Friday,4
8435,8436,2023-02-04,2023,2,February,4,1,Saturday,5
8436,8437,2023-02-05,2023,2,February,5,1,Sunday,6
8437,8438,2023-02-06,2023,2,February,6,1,Monday,0
8438,8439,2023-02-07,2023,2,February,7,1,Tuesday,1
8439,8440,2023-02-08,2023,2,February,8,1,Wednesday,2
8440,8441,2023-02-09,2023,2,February,9,1,Thursday,3
8441,8442,2023-02-10,2023,2,February,10,1,Friday,4
8442,8443,2023-02-11,2023,2,February,11,1,Saturday,5
8443,8444,2023-02-12,2023,2,February,12,1,Sunday,6
8444,8445,2023-02-13,2023,2,February,13,1,Monday,0
8445,8446,2023-02-14,2023,2,February,14,1,Tuesday,1
8446,8447,2023-02-15,2023,2,February,15,1,Wednesday,2
8447,8448,2023-02-16,2023,2,February,16,1,Thursday,3
8448,8449,2023-02-17,2023,2,February,17,1,Friday,4
8449,8450,2023-02-18,2023,2,February,18,1,Saturday,5
8450,8451,2023-02-19,2023,2,February,19,1,Sunday,6
8451,8452,2023-02-20,2023,2,February,20,1,Monday,0
8452,8453,2023-02-21,2023,2,February,21,1,Tuesday,1
8453,8454,2023-02-22,2023,2,February,22,1,Wednesday,2
8454,8455,2023-02-23,2023,2,February,23,1,Thursday,3
8455,8456,2023-02-24,2023,2,February,24,1,Friday,4
8456,8457,2023-02-25,2023,2,February,25,1,Saturday,5
8457,8458,2023-02-26,2023,2,February,26,1,Sunday,6
8458,8459,2023-02-27,2023,2,February,27,1,Monday,0
8459,8460,2023-02-28,2023,2,February,28,1,Tuesday,1
8460,8461,2023-03-01,2023,3,March,1,1,Wednesday,2
8461,8462,2023-03-02,2023,3,March,2,1,Thursday,3
8462,8463,2023-03-03,2023,3,March,3,1,Friday,4
8463,8464,2023-03-04,2023,3,March,4,1,Saturday,5
8464,8465,2023-03-05,2023,3,March,5,1,Sunday,6
8465,8466,2023-03-06,2023,3,March,6,1,Monday,0
